=== AppManager ===
+++ AppManager: Entered main function: 185550.20 12180916.87
[0x6] ButtonPowerUSBTask: Use tslib
[0x6] ButtonPowerUSBTask: tslib: ts_config failed
[0x6] LoadTSLib: use_tslib=0, handle=0x17a60, tsl=(nil), fd=0
[0x6] Start ButtonPowerUSB Task ... !
[0x6] Start Cartridge task ...!
[0x5] InitModule: Screen = 480 x 272
[0x5] InitModule: Screen = 480 x 272, pitch = 1920
[0x5] InitModule: Mapped 82000000 to 0x82000000, size 003fc000
[0x5] InitModule: Screen = 480 x 272, pitch = 1920
[0x5] InitModule: Mapped 82400000 to 0x82400000, size 003fc000
[0x5] InitModule: Screen = 480 x 272, pitch = 1920
[0x5] InitModule: Mapped 82800000 to 0x82800000, size 003fc000
+++ AppManager: Bgn Init Logging: 185550.33 12180924.84
+++ AppManager: Bgn InitMutex: 185550.34 12180925.15
[0x280] ============================================
[0x280]    AppManager ReLaunch Threshold = 5
[0x280] ============================================
[0x5] AllocBuffer: new buf offset 000FF000, length 0007F800
[0x5] CreateHandle: 0x18900: 480x272 (1920) @ 0x820ff000
[0x5] RegisterLayer: 0x18900: 480x272 (1920) @ 0x820ff000
[0x5] SetWindowPosition: 0x18900: 0,0 .. 480,272
[0x280] CAppManager::CAppManager ; LightningBase/Src/AppManager.cpp; 562; 3446912
[0x280] Platform = VALENCIA
[0x280] Shutdown Timer set for 12000 [ms] timeout
[0x280] USB Device Watchdog set for 12 [sec] timeout
[0x0] HasDoomPackageCritical: global doom file detected
+++ AppManager: End SetupSystem: 185550.39 12180928.56
[0x280] AppManager signal handler installed 
[0x0] DaemonControl socket connect failed ret=-1
[0x0] DaemonControl socket connect failed ret=-1
+++ AppManager: End Init CLogFile: 185550.39 12180928.79
[0x6] AddListener: added listener 0x180c8, total number 1
[0x281] CJSonFile::Load() failed to open (filehandle was NULL) mRsrcPath = /LF/Base/DidjPatches/DidjPatches.json
+++ AppManager: End Load DidjPatches: 185550.40 12180928.91
get temp restart player id = -1
+++ AppManager: Bgn Set Profile Logging: 185550.40 12180928.99
+++ AppManager: End Set Profile Logging: 185550.40 12180929.00
[0x6] ButtonPowerUSBTask: Use tslib
[0x6] ButtonPowerUSBTask: tslib: ts_config failed
[0x6] LoadTSLib: use_tslib=0, handle=0x1e438, tsl=(nil), fd=0
[0x6] ButtonPowerUSBTask: tslib: Falling back on touchscreen interface
[0x1] Found codec: socaudiolfp100, legacy=0
[0x1] set_hwparams: buffer time=128000, size=4096
[0x1] set_hwparams: period time=32000, size=1024
[0x1] CallbackThread: starting audio thread 0x31660
+++ AppManager: End Set Power & USB: 185550.44 12180931.69
[0x280] mCurrentTransition = kLoginApp !
+++ AppManager: Bgn Load main.swf: 185550.44 12180931.78
[0x280] PushApp Start: LPAD/main.swf; LightningBase/Src/AppManager.cpp; 1121; 3463480
[0x280] LoadNewApp path = /LF/Base/LPAD/main.swf
[0x280] LoadNewApp: before; /LF/Base/LPAD/main.swf; 1706; 3506400
tadpole-view: 480x272, scale 2x, dir /tmp/tadpole
tadpole-view: audio 32000 Hz, 2 ch, 16-bit (period 1024), latency capped at 600 ms
[0x280] LoadNewApp: after ; /LF/Base/LPAD/main.swf; 1812; 3499852
[0x280] PushApp Done: LPAD/main.swf; LightningBase/Src/AppManager.cpp; 1123; 3499852
+++ AppManager: End Load main.swf: 185550.67 12180946.40
+++ AppManager: UI loaded: 185550.67 12180946.41
[0x280] mCurrentTransition = kPushApp !
[0x6] AddListener: added listener 0x44bd0, total number 2
[0x6] AddListener: added listener 0x44c14, total number 3
+++ AppManager: Flash: End Construct DidjPlayer: 185550.68 12180946.90
[0x5] AllocBuffer: new buf offset 0017E800, length 0007F800
[0x5] CreateHandle: 0x44f20: 480x272 (1920) @ 0x8217e800
[0x5] RegisterLayer: 0x44f20: 480x272 (1920) @ 0x8217e800
[0x5] SetWindowPosition: 0x44f20: 0,0 .. 480,272
[0x5] CreateHandle: 0x44f98: 480x272 (1920) @ 0x4554c008
[0x5] RegisterLayer: 0x44f98: 480x272 (1920) @ 0x4554c008
[0x5] UnRegisterLayer: 0x44f98: 480x272 (1920) @ 0x4554c008
[0x5] RegisterLayer: 0x18900: 480x272 (1920) @ 0x820ff000
[0x5] SetWindowPosition: 0x18900: 0,0 .. 480,272
+++ AppManager: Flash: Bgn LoadMovie: 185550.69 12180947.60
+++ AppManager: Flash: Bgn CreatePlayer: 185550.69 12180947.74
[0x281] CSystemData::FindFont( LFCurry.ttf )
[0x281] CSystemData::FindFont( LFCurry.ttf )
+++ AppManager: Flash: End CreatePlayer: 185550.83 12180956.83
+++ AppManager: Flash: End SetFrameBuffer: 185550.84 12180957.38
+++ AppManager: Flash: End LoadMovie: 185550.84 12180957.45
+++ AppManager: UI entered: 185550.84 12180957.45
+++ AppManager: UI updated: 185550.99 12180967.08
get temp restart player id = -1
trace:  ----------main::loadMainStageOne----------
trace:  ----------UIData::GetInstance----------
trace:  ----------UIData::UIData----------
trace:   ### default theme path is : /LF/Bulk/Downloads/PADS-0x1F1E0002-200001/UI_Tropical.swf
trace:  ----------UIData::UIData---------- _0ProfileUIData = undefined
trace:  ----------UIData::UIData---------- _1ProfileUIData = undefined
trace:  ----------UIData::UIData---------- _2ProfileUIData = undefined
trace:  ----------UIData::ResetPaths----------
[0x200] SystemPlugin::GetLocaleCode(): en-us
trace:  cuuLocaleCode = en-us
trace:  _language_code = en
trace:  _language_code = en
trace:  ----------SoundManager::GetInstance----------
trace:  ----------SoundManager::SoundManager----------
trace:  ..... theme is : undefined
[0x200] AppManagerPlugin::isBaseAppRelaunch, FALSE
trace:  ---------------- Main ------------- current logged in player is : 0
trace:  ..... bgPath is : /LF/Base//LpadAssets/Art/UI_StandardBackground.swf
trace:  BG Main Theme Loaded
trace:  ----------main::loadMainStageTwo----------
[0x200] SystemPlugin::SetDidjLegacyFlag( 0 )
[0x200] AppManagerPlugin::isBaseAppRelaunch, FALSE
trace:  ------main:: LF.AppManager.IsBaseAppRelaunch()------false
trace:  ------main:: LF.CSystem.GetLocale()-----en-us
[0x200] AppManagerPlugin::isBaseAppRelaunch, FALSE
trace:  ---------------- Main ------------- current logged in player is : 0
trace:  ----------UIData::isAnyProfilePresent----------
[0xf] fopenAtomic(/LF/Bulk/Data/Local/0/PAD2-0x1F1E0002-100000/UIData.json) returning 0x0005a250
[0xf] fcloseAtomic returning 0
[0xf] fopenAtomic(/LF/Bulk/Data/Local/1/PAD2-0x1F1E0002-100000/UIData.json) returning 0x00059f10
[0xf] fcloseAtomic returning 0
[0xf] fopenAtomic(/LF/Bulk/Data/Local/2/PAD2-0x1F1E0002-100000/UIData.json) returning 0x00059f10
[0xf] fcloseAtomic returning 0
trace:  ----------UIData::isAnyProfilePresent----------
trace:  ------------TabsTransition::TabsTransition---------------
trace:  _bgToShow = undefined
trace:  _bgToHide = undefined
trace:  ----------StateMachine::PushState----------- SignIn.swf
[0x200] SystemPlugin::GetPetResourcesPath(): /LF/Base/PetResources/
trace:  creating /tmp/ui_ready flag
trace:  ########################## setting flag ###### 0
trace:  ----------State::GrabStateData----------
[0x200] SystemPlugin::GetLocaleCode(): en-us
trace:  cuuLocaleCode = en-us
trace:  _language_code = en
trace:  country_code = us
trace:  ----------StateMachine::_mcListener.onLoadInit( _level0.mcContent.SignIn_mc )----------
trace:  ------------TabsTransition::Init---------------
trace:  ------------TabsTransition::Update-------------- 0
trace:  _animRefNext._tabWaitForLoad = undefined
trace:   .... animating next ....upper -39 lower 467
trace:  ------------TabsTransition::Update-------------- 0
trace:  _animRefNext._tabWaitForLoad = undefined
trace:   .... animating next ....upper -26 lower 454
trace:  ------------TabsTransition::Update-------------- 0
trace:  _animRefNext._tabWaitForLoad = undefined
trace:   .... animating next ....upper -13 lower 441
trace:  ------------TabsTransition::Update-------------- 0
trace:  _animRefNext._tabWaitForLoad = undefined
trace:   .... animating next ....upper 0 lower 428
trace:   ... done animating next, done with transition
trace:  ------------TabsTransition::Update-------------- 6
trace:  ------------TabsTransition::Update-------------- 5
trace:  ------------TabsTransition::Update-------------- 4
trace:  ------------TabsTransition::Update-------------- 3
trace:  ------------TabsTransition::Update-------------- 2
trace:  ------------TabsTransition::Update-------------- 1
trace:  ----------main::ChangeBackground----------/LF/Base//LpadAssets/Art/UI_StandardBackground.swf
trace:  --------SoundManager::StopSequence-----
trace:  _sequenceSound = [object Object]
trace:  _sequenceIntervalId = undefined
trace:  --------SoundManager::ClearEndOfSeqCallback-----
trace:  BG Main Theme Loaded in ChangeBackground
trace:  -----Callback.PrintDebugInfo-----
trace:       _cbFunc:  [type Function]
trace:       _cbScope: _level0.mcContent.SignIn_mc.main_mc
trace:       _cbArgs:  _level0.mcContent.SignIn_mc.main_mc._0
trace:  --------SoundManager::StopSequence-----
trace:  _sequenceSound = [object Object]
trace:  _sequenceIntervalId = undefined
trace:  --------SoundManager::ClearEndOfSeqCallback-----
[0xf] fopenAtomic(/LF/Bulk/settings.cfg) returning 0x00066478
[0xf] fcloseAtomic returning 0
[0x200] SystemPlugin::setCurrentPlayerID( 0 )
trace:  ----------main::DeleteAllPageBitmaps----------
trace:  ------------TabsTransition::TabsTransition---------------
trace:  _bgToShow = null
trace:  _bgToHide = _signInBG
trace:  ----------StateMachine::ReplaceTopState----------- HomePicker.swf
trace:  _currState._container = _level0.mcContent.SignIn_mc
trace:  movieclip = _level0.mcContent.HomePicker_mc
trace:  ----------HomePickerState::HomePickerState----------
trace:  ----------UIPetLPAD::UIPetLPAD----------
[0x200] SystemPlugin::GetLocaleCode(): en-us
[0x200] SystemPlugin::IsLFPlatform(): true
[0x200] SystemPlugin::GetLocaleCode(): en-us
[0x200] SystemPlugin::IsLFPlatform(): true
trace:  --------BaseImageButton::BaseImageButton-----_level0.mcContent.HomePicker_mc._upperTab._userImageBtn
trace:  --------BaseOnPressButton::BaseOnPressButton-----
trace:  --------BaseTextButton::BaseTextButton-----
trace:  ----------StateMachine::_mcListener.onLoadInit( _level0.mcContent.HomePicker_mc )----------
trace:  ------------TabsTransition::Init---------------
trace:   _incrementUpper : 52
trace:   _incrementLower : 52
trace:  ----------UIData::LogIn----------
[0xf] fopenAtomic(/LF/Bulk/settings.cfg) returning 0x00066478
[0xf] fcloseAtomic returning 0
[0x200] SystemPlugin::setCurrentPlayerID( 0 )
trace:  ################################
trace:   playerId = 0
trace:   _currProfileID = 0
trace:   _currThemePath = /LF/Bulk/Downloads/PADS-0x1F1E0002-200002/UI_Coast.swf
trace:  ################################
trace:  ----------main::ChangeBackground----------/LF/Bulk/Downloads/PADS-0x1F1E0002-200002/UI_Coast.swf
[0xf] fopenAtomic(/LF/Bulk/Data/Local/0/./profile.dsc) returning 0x000679a0
[0xf] fcloseAtomic returning 0
[0x200] Setting Current Profile to 0
trace:  ----------HomePickerState::PreEnter----------
trace:  ----------State::GrabStateData----------
[0x200] SystemPlugin::GetLocaleCode(): en-us
trace:  cuuLocaleCode = en-us
trace:  _language_code = en
trace:  country_code = us
trace:  --------BaseTextButton::SetTextField----- Ghb
trace:  WARNING: Player profile picture load failed!
trace:  ----------HomePickerState::OnUserImageLoad----------
trace:  ----------HomePickerState::SetCartStatus---------- 0
trace:  ----------HomePickerState::GetAllIcons----------
[0x200] SystemPlugin::getProgramFileApps - Valencia - getting ready to sort
[0x200] SystemPlugin::getProgramFileApps - Valencia - sort file exists /LF/Bulk/Data/Local/0/PAD2-0x1F1E0002-100000/ProgramFileAppOrder.json
trace:  ----------HomePickerState::AdjustStatusbar----------
trace:  ----------HomePickerState::StartPowerListener----------
[0x6] AddListener: added listener 0x915d0, total number 4
trace:  ------------TabsTransition::Update-------------- 0
trace:   .... animating prev ... 
trace:  MODE_LOAD_ICONS 
trace:  ----------HomePickerState::ManageIconLoading----------
trace:  ----------HomePickerState::ChangeCartIconData----------
trace:  ----------HomePickerState::GoToFirstPage----------
trace:  ----------HomePickerState::ChangeCartIconImage----------
trace:  ----------HomePickerState::GetCategoryColorFieldName----------
trace:  ----------HomePickerState::SetCategoryLabelFieldName----------icon0
trace:  ----------HomePickerState::SetIconLabelText----------icon0
trace:  ----------HomePickerState::LoadIconImage----------icon0
trace:  ------------TabsTransition::Update-------------- 0
trace:   .... animating prev ... 
trace:  MODE_LOAD_ICONS 
trace:  ----------HomePickerState::ManageIconLoading----------
trace:  ----------HomePickerState::GetCategoryColorFieldName----------
trace:  ----------HomePickerState::LoadIconData----------icon1
trace:  ----------HomePickerState::SetCategoryLabelFieldName----------icon1
trace:  ----------HomePickerState::SetIconLabelText----------icon1
trace:  ----------HomePickerState::LoadIconImage----------icon1
trace:  ------------TabsTransition::Update-------------- 0
trace:   .... animating prev ... 
trace:  MODE_LOAD_ICONS 
trace:  ----------HomePickerState::ManageIconLoading----------
trace:  ----------HomePickerState::GetCategoryColorFieldName----------
trace:  ----------HomePickerState::LoadIconData----------icon2
trace:  ----------HomePickerState::SetCategoryLabelFieldName----------icon2
trace:  ----------HomePickerState::SetIconLabelText----------icon2
trace:  ----------HomePickerState::LoadIconImage----------icon2
trace:  ------------TabsTransition::Update-------------- 0
trace:   .... animating prev ... 
trace:   ... done animating previous, now start animating next
trace:  BG Main Theme Loaded in ChangeBackground
trace:  MODE_LOAD_ICONS 
trace:  ----------HomePickerState::ManageIconLoading----------
trace:  ----------HomePickerState::GetCategoryColorFieldName----------
trace:  ----------HomePickerState::LoadIconData----------icon3
trace:  ----------HomePickerState::SetCategoryLabelFieldName----------icon3
trace:  ----------HomePickerState::SetIconLabelText----------icon3
trace:  ----------HomePickerState::LoadIconImage----------icon3
trace:  ------------TabsTransition::Update-------------- 12
trace:  MODE_LOAD_ICONS 
trace:  ----------HomePickerState::ManageIconLoading----------
trace:  ----------HomePickerState::GetCategoryColorFieldName----------
trace:  ----------HomePickerState::LoadIconData----------icon4
[0x200] SystemPlugin::getProgramFileApps - Valencia - getting ready to sort
[0x200] SystemPlugin::getProgramFileApps - Valencia - sort file exists /LF/Bulk/Data/Local/0/PAD2-0x1F1E0002-100000/ProgramFileAppOrder.json
trace:  ----------HomePickerState::SetCategoryLabelFieldName----------icon4
trace:  ----------HomePickerState::SetIconLabelText----------icon4
trace:  ----------HomePickerState::LoadIconImage----------icon4
trace:  ------------TabsTransition::Update-------------- 11
trace:  MAKING CART BITMAPS
trace:  ----------HomePickerState::MakeIconHighlightBitmap----------icon0
trace:  ----------HomePickerState::MakeIconBitmap----------icon0
trace:  MODE_LOAD_ICONS 
trace:  ----------HomePickerState::ManageIconLoading----------
trace:  ----------HomePickerState::GetCategoryColorFieldName----------
trace:  ----------HomePickerState::LoadIconData----------icon5
trace:  ----------HomePickerState::SetCategoryLabelFieldName----------icon5
trace:  ----------HomePickerState::SetIconLabelText----------icon5
trace:  ----------HomePickerState::LoadIconImage----------icon5
trace:  ------------TabsTransition::Update-------------- 10
trace:  MODE_LOAD_ICONS 
trace:  ----------HomePickerState::ManageIconLoading----------
trace:  ----------HomePickerState::GetCategoryColorFieldName----------
trace:  ----------HomePickerState::LoadIconData----------icon6
trace:  ----------HomePickerState::SetCategoryLabelFieldName----------icon6
trace:  ----------HomePickerState::SetIconLabelText----------icon6
trace:  ----------HomePickerState::LoadIconImage----------icon6
trace:  ------------TabsTransition::Update-------------- 9
trace:  MODE_LOAD_ICONS 
trace:  ----------HomePickerState::ManageIconLoading----------
trace:  ----------HomePickerState::GetCategoryColorFieldName----------
trace:  ----------HomePickerState::LoadIconData----------icon7
trace:  ----------HomePickerState::SetCategoryLabelFieldName----------icon7
trace:  ----------HomePickerState::SetIconLabelText----------icon7
trace:  ----------HomePickerState::LoadIconImage----------icon7
trace:  ------------TabsTransition::Update-------------- 8
trace:  MODE_LOAD_ICONS 
trace:  ----------HomePickerState::ManageIconLoading----------
trace:  ----------HomePickerState::GetCategoryColorFieldName----------
trace:  ----------HomePickerState::LoadIconData----------icon8
trace:  ----------HomePickerState::SetCategoryLabelFieldName----------icon8
trace:  ----------HomePickerState::SetIconLabelText----------icon8
trace:  ----------HomePickerState::LoadIconImage----------icon8
trace:  ------------TabsTransition::Update-------------- 7
trace:  MODE_LOAD_ICONS 
trace:  ----------HomePickerState::ManageIconLoading----------
trace:  ----------HomePickerState::GetCategoryColorFieldName----------
trace:  ----------HomePickerState::LoadIconData----------icon9
trace:  ----------HomePickerState::SetCategoryLabelFieldName----------icon9
trace:  ----------HomePickerState::SetIconLabelText----------icon9
trace:  ----------HomePickerState::LoadIconImage----------icon9
trace:  ------------TabsTransition::Update-------------- 6
trace:  MODE_LOAD_ICONS 
trace:  ----------HomePickerState::ManageIconLoading----------
trace:  ----------HomePickerState::GetCategoryColorFieldName----------
trace:  ----------HomePickerState::LoadIconData----------icon10
trace:  ----------HomePickerState::SetCategoryLabelFieldName----------icon10
trace:  ----------HomePickerState::SetIconLabelText----------icon10
trace:  ----------HomePickerState::LoadIconImage----------icon10
trace:  ------------TabsTransition::Update-------------- 5
trace:  MODE_LOAD_ICONS 
trace:  ----------HomePickerState::ManageIconLoading----------
trace:  ----------HomePickerState::GetCategoryColorFieldName----------
trace:  ----------HomePickerState::LoadIconData----------icon11
trace:  ----------HomePickerState::SetCategoryLabelFieldName----------icon11
trace:  ----------HomePickerState::SetIconLabelText----------icon11
trace:  ----------HomePickerState::LoadIconImage----------icon11
trace:  ------------TabsTransition::Update-------------- 4
trace:  MODE_LOAD_ICONS 
trace:  ----------HomePickerState::ManageIconLoading----------
trace:  ----------HomePickerState::GetCategoryColorFieldName----------
trace:  ----------HomePickerState::LoadIconData----------icon12
trace:  ----------HomePickerState::SetCategoryLabelFieldName----------icon12
trace:  ----------HomePickerState::SetIconLabelText----------icon12
trace:  ----------HomePickerState::LoadIconImage----------icon12
trace:  ------------TabsTransition::Update-------------- 3
trace:  MODE_LOAD_ICONS 
trace:  ----------HomePickerState::ManageIconLoading----------
trace:  ----------HomePickerState::GetCategoryColorFieldName----------
trace:  ----------HomePickerState::LoadIconData----------icon13
trace:  ----------HomePickerState::SetCategoryLabelFieldName----------icon13
trace:  ----------HomePickerState::SetIconLabelText----------icon13
trace:  ----------HomePickerState::LoadIconImage----------icon13
trace:  ------------TabsTransition::Update-------------- 2
trace:  MODE_LOAD_ICONS 
trace:  ----------HomePickerState::ManageIconLoading----------
trace:  ----------HomePickerState::GetCategoryColorFieldName----------
trace:  ----------HomePickerState::LoadIconData----------icon14
trace:  ----------HomePickerState::SetCategoryLabelFieldName----------icon14
trace:  ----------HomePickerState::SetIconLabelText----------icon14
trace:  ----------HomePickerState::LoadIconImage----------icon14
trace:  ------------TabsTransition::Update-------------- 1
trace:  waiting for load of the image
trace:  MODE_LOAD_ICONS 
trace:  ----------HomePickerState::ManageIconLoading----------
trace:  ------------TabsTransition::Update-------------- 0
trace:  waiting for load of the image
trace:  MODE_LOAD_ICONS 
trace:  ----------HomePickerState::ManageIconLoading----------
trace:  ------------TabsTransition::Update-------------- 0
trace:  waiting for load of the image
trace:  MODE_LOAD_ICONS 
trace:  ----------HomePickerState::ManageIconLoading----------
trace:  ------------TabsTransition::Update-------------- 0
trace:  waiting for load of the image
trace:  MODE_LOAD_ICONS 
trace:  ----------HomePickerState::ManageIconLoading----------
trace:  ------------TabsTransition::Update-------------- 0
trace:  waiting for load of the image
trace:  ------------TabsTransition::Update-------------- 0
trace:  _animRefNext._tabWaitForLoad = false
trace:   .... animating next ....upper -63.1125 lower 467
trace:  ------------TabsTransition::Update-------------- 0
trace:  _animRefNext._tabWaitForLoad = false
trace:   .... animating next ....upper -40.2625 lower 454
trace:  ------------TabsTransition::Update-------------- 0
trace:  _animRefNext._tabWaitForLoad = false
trace:   .... animating next ....upper -17.4125 lower 441
trace:  ------------TabsTransition::Update-------------- 0
trace:  _animRefNext._tabWaitForLoad = false
trace:   .... animating next ....upper 5.4375 lower 428
trace:   ... done animating next, done with transition
trace:  ------------TabsTransition::Update-------------- 6
trace:  ------------TabsTransition::Update-------------- 5
trace:  ------------TabsTransition::Update-------------- 4
trace:  ------------TabsTransition::Update-------------- 3
trace:  ------------TabsTransition::Update-------------- 2
trace:  ------------TabsTransition::Update-------------- 1
trace:  ----------HomePickerState::Enter----------
trace:  ----------HomePickerState::ActivateButtons----------
trace:  ----------HomePickerState::CheckForConnectNag----------
trace:  MODE_LOAD_ICON_HIGHLIGHT_BITMAPS 
trace:  ----------HomePickerState::ManageIconHighlightBitmapLoading----------
trace:  MODE_LOAD_ICON_HIGHLIGHT_BITMAPS 
trace:  ----------HomePickerState::ManageIconHighlightBitmapLoading----------
trace:  ----------HomePickerState::MakeIconHighlightBitmap----------icon1
trace:  MODE_LOAD_ICON_HIGHLIGHT_BITMAPS 
trace:  ----------HomePickerState::ManageIconHighlightBitmapLoading----------
trace:  ----------HomePickerState::MakeIconHighlightBitmap----------icon2
trace:  MODE_LOAD_ICON_HIGHLIGHT_BITMAPS 
trace:  ----------HomePickerState::ManageIconHighlightBitmapLoading----------
trace:  ----------HomePickerState::MakeIconHighlightBitmap----------icon3
trace:  MODE_LOAD_ICON_HIGHLIGHT_BITMAPS 
trace:  ----------HomePickerState::ManageIconHighlightBitmapLoading----------
trace:  ----------HomePickerState::MakeIconHighlightBitmap----------icon4
trace:  MODE_LOAD_ICON_HIGHLIGHT_BITMAPS 
trace:  ----------HomePickerState::ManageIconHighlightBitmapLoading----------
trace:  ----------HomePickerState::MakeIconHighlightBitmap----------icon5
trace:  MODE_LOAD_ICON_HIGHLIGHT_BITMAPS 
trace:  ----------HomePickerState::ManageIconHighlightBitmapLoading----------
trace:  ----------HomePickerState::MakeIconHighlightBitmap----------icon6
trace:  MODE_LOAD_ICON_HIGHLIGHT_BITMAPS 
trace:  ----------HomePickerState::ManageIconHighlightBitmapLoading----------
trace:  ----------HomePickerState::MakeIconHighlightBitmap----------icon7
trace:  MODE_LOAD_ICON_HIGHLIGHT_BITMAPS 
trace:  ----------HomePickerState::ManageIconHighlightBitmapLoading----------
trace:  ----------HomePickerState::MakeIconHighlightBitmap----------icon8
trace:  MODE_LOAD_ICON_HIGHLIGHT_BITMAPS 
trace:  ----------HomePickerState::ManageIconHighlightBitmapLoading----------
trace:  MODE_LOAD_ICON_BITMAPS 
trace:  ----------HomePickerState::ManageIconBitmapLoading----------
trace:  MODE_LOAD_ICON_BITMAPS 
trace:  ----------HomePickerState::ManageIconBitmapLoading----------
trace:  ----------HomePickerState::MakeIconBitmap----------icon1
trace:  MODE_LOAD_ICON_BITMAPS 
trace:  ----------HomePickerState::ManageIconBitmapLoading----------
trace:  ----------HomePickerState::MakeIconBitmap----------icon2
trace:  MODE_LOAD_ICON_BITMAPS 
trace:  ----------HomePickerState::ManageIconBitmapLoading----------
trace:  ----------HomePickerState::MakeIconBitmap----------icon3
trace:  MODE_LOAD_ICON_BITMAPS 
trace:  ----------HomePickerState::ManageIconBitmapLoading----------
trace:  ----------HomePickerState::MakeIconBitmap----------icon4
trace:  MODE_LOAD_ICON_BITMAPS 
trace:  ----------HomePickerState::ManageIconBitmapLoading----------
trace:  ----------HomePickerState::MakeIconBitmap----------icon5
trace:  MODE_LOAD_ICON_BITMAPS 
trace:  ----------HomePickerState::ManageIconBitmapLoading----------
trace:  ----------HomePickerState::MakeIconBitmap----------icon6
trace:  MODE_LOAD_ICON_BITMAPS 
trace:  ----------HomePickerState::ManageIconBitmapLoading----------
trace:  ----------HomePickerState::MakeIconBitmap----------icon7
trace:  MODE_LOAD_ICON_BITMAPS 
trace:  ----------HomePickerState::ManageIconBitmapLoading----------
trace:  ----------HomePickerState::MakeIconBitmap----------icon8
trace:  MODE_LOAD_ICON_BITMAPS 
trace:  ----------HomePickerState::ManageIconBitmapLoading----------
trace:  MODE_BITMAP_BACKGROUND 
trace:  ----------HomePickerState::ManageBackgroundBitmapping----------
trace:  ----------HomePickerState::MakeUpperTabBitmap----------
trace:  ----------HomePickerState::CheckIfCurrentPageIsLoaded----------
trace:  ----------HomePickerState::EnableButtons----------
[0x200] SystemPlugin::ResetTouchscreenSampleRate(): false
trace:  ----------HomePickerState::EnableArrows----------
[0x200] SystemPlugin::ResetTouchscreenSampleRate(): false
trace:  MODE_BITMAP_BACKGROUND 
trace:  ----------HomePickerState::ManageBackgroundBitmapping----------
trace:  ----------SoundManager::StopMusic----------
trace:  ----------SoundManager::PlayMusic----------
trace:  MODE_INITIALIZE_PET 
trace:  ----------HomePickerState::ManagePetInitialization----------
trace:  ----------HomePickerState::InitializePet----------
trace:  ----------UIPetLPAD::LoadPet----------
trace:  ----------LF.LPAD.Pet.com.frimastudio.emerald.utils.SaveManager::ReadSavedData----------
trace:  About to AddAvatar
trace:  
READ SCRIPT
trace:  READ SCRIPT DONE

trace:  ----------PetAccelerometerManager::PetAccelerometerManager----------
[0x200] AccelerometerPlugin::setAccelerometerRate, rate = 10
trace:  ----------PetAccelerometerManager::Deactivate----------
[0x6] RemoveListener: could not find listener 0x457e2530, total number 4
trace:  ----------PetAccelerometerManager::Init----------
trace:  mAvatar._name = _UIPetLPAD
trace:  mIsActive = true
trace:  ----------UIPetLPAD::ChangeStateToJumpIn----------
trace:  ----------UIPetLPAD::ResumePet----------
trace:  ----------PetAccelerometerManager::Activate----------
[0x6] AddListener: added listener 0x457e2530, total number 5
trace:  MODE_PLAY_INITIAL_AUDIO_PROMPTS 
trace:  ----------HomePickerState::PlayInitialAudioPrompts----------
trace:  ----------IdlePrompts::GetInstance----------
trace:  ----------IdlePrompts::IdlePrompts----------
trace:  ----------IdlePrompts::PullData----------
trace:  ----------IdlePrompts::SetAllPrompts----------
trace:  ----------IdlePrompts::StartPromptTimer----------
trace:  MODE_JUMP_PET_IN 
trace:  ----------HomePickerState::ManagePetJumpingIn----------
trace:  ----------UIPetLPAD::SuspendPet----------
trace:  ----------PetAccelerometerManager::Deactivate----------
[0x6] RemoveListener: removed listener 0x457e2530, total number 4
trace:  MODE_LOAD_ICONS 
trace:  ----------HomePickerState::ManageIconLoading----------
trace:  MODE_LOAD_ICON_HIGHLIGHT_BITMAPS 
trace:  ----------HomePickerState::ManageIconHighlightBitmapLoading----------
trace:  ----------HomePickerState::MakeIconHighlightBitmap----------icon9
trace:  MODE_LOAD_ICON_HIGHLIGHT_BITMAPS 
trace:  ----------HomePickerState::ManageIconHighlightBitmapLoading----------
trace:  ----------HomePickerState::MakeIconHighlightBitmap----------icon10
trace:  MODE_LOAD_ICON_HIGHLIGHT_BITMAPS 
trace:  ----------HomePickerState::ManageIconHighlightBitmapLoading----------
trace:  ----------HomePickerState::MakeIconHighlightBitmap----------icon11
trace:  MODE_LOAD_ICON_HIGHLIGHT_BITMAPS 
trace:  ----------HomePickerState::ManageIconHighlightBitmapLoading----------
trace:  ----------HomePickerState::MakeIconHighlightBitmap----------icon12
trace:  MODE_LOAD_ICON_HIGHLIGHT_BITMAPS 
trace:  ----------HomePickerState::ManageIconHighlightBitmapLoading----------
trace:  ----------HomePickerState::MakeIconHighlightBitmap----------icon13
trace:  MODE_LOAD_ICON_HIGHLIGHT_BITMAPS 
trace:  ----------HomePickerState::ManageIconHighlightBitmapLoading----------
trace:  ----------HomePickerState::MakeIconHighlightBitmap----------icon14
trace:  MODE_LOAD_ICON_HIGHLIGHT_BITMAPS 
trace:  ----------HomePickerState::ManageIconHighlightBitmapLoading----------
trace:  MODE_LOAD_ICON_BITMAPS 
trace:  ----------HomePickerState::ManageIconBitmapLoading----------
trace:  ----------HomePickerState::MakeIconBitmap----------icon9
trace:  MODE_LOAD_ICON_BITMAPS 
trace:  ----------HomePickerState::ManageIconBitmapLoading----------
trace:  ----------HomePickerState::MakeIconBitmap----------icon10
trace:  MODE_LOAD_ICON_BITMAPS 
trace:  ----------HomePickerState::ManageIconBitmapLoading----------
trace:  ----------HomePickerState::MakeIconBitmap----------icon11
trace:  MODE_LOAD_ICON_BITMAPS 
trace:  ----------HomePickerState::ManageIconBitmapLoading----------
trace:  ----------HomePickerState::MakeIconBitmap----------icon12
trace:  MODE_LOAD_ICON_BITMAPS 
trace:  ----------HomePickerState::ManageIconBitmapLoading----------
trace:  ----------HomePickerState::MakeIconBitmap----------icon13
trace:  MODE_LOAD_ICON_BITMAPS 
trace:  ----------HomePickerState::ManageIconBitmapLoading----------
trace:  ----------HomePickerState::MakeIconBitmap----------icon14
trace:  MODE_LOAD_ICON_BITMAPS 
trace:  ----------HomePickerState::ManageIconBitmapLoading----------
trace:  MODE_BITMAP_BACKGROUND 
trace:  ----------HomePickerState::ManageBackgroundBitmapping----------
trace:  MODE_INITIALIZE_PET 
trace:  ----------HomePickerState::ManagePetInitialization----------
trace:  MODE_RESUME_PET 
trace:  ----------HomePickerState::ManagePetResume----------
trace:  ----------UIPetLPAD::ResumePet----------
trace:  ----------PetAccelerometerManager::Activate----------
[0x6] AddListener: added listener 0x457e2530, total number 5
trace:  ----------UIPetLPAD::EnableButtons----------
trace:  ----------HomePickerState::ProcessMouseDown----------
trace:  ----------BaseIconButton::onPress()---------- icon7
trace:  ----------HomePickerState::ProcessIconOnPress----------
trace:  game_info._title = SpongeBob SquarePants:
The Clam Prix
trace:  ----------HomePickerState::ProcessMouseUp----------
trace:  ----------BaseIconButton::onRelease()---------- icon7
trace:  ----------HomePickerState::ProcessIconOnRelease----------
trace:  ----------HomePickerState::DisableButtons----------
[0x200] SystemPlugin::SetTouchscreenSampleRate( 1 ): false
trace:  ----------HomePickerState::DisableArrows----------
trace:  ----------UIPetLPAD::SuspendPet----------
trace:  ----------PetAccelerometerManager::Deactivate----------
[0x6] RemoveListener: removed listener 0x457e2530, total number 4
trace:  ----------HomePickerState::PausePrompts----------
trace:  ----------IdlePrompts::PausePrompts----------
trace:  ----------IdlePrompts::SavePromptData----------
trace:  --------SoundManager::StopSequence-----
trace:  _sequenceSound = [object Object]
trace:  _sequenceIntervalId = undefined
trace:  --------SoundManager::ClearEndOfSeqCallback-----
trace:  -----Callback.PrintDebugInfo-----
trace:       _cbFunc:  [type Function]
trace:       _cbScope: _level0.mcContent.HomePicker_mc.main_mc
trace:       _cbArgs:  [object Object]
trace:  ----------HomePickerState::PlayAppGameInfoSound----------
trace:  ----------HomePickerState::LaunchApp----------
trace:  ----------SoundManager::StopMusic----------
trace:  ------------TabsTransition::TabsTransition---------------
trace:  _bgToShow = undefined
trace:  _bgToHide = undefined
trace:  ----------StateMachine::ReplaceTopState----------- LaunchApp.swf
trace:  _currState._container = _level0.mcContent.HomePicker_mc
trace:  movieclip = _level0.mcContent.LaunchApp_mc
[0x6] RemoveListener: could not find listener 0x457e2a1c, total number 4
trace:  ----------StateMachine::_mcListener.onLoadInit( _level0.mcContent.LaunchApp_mc )----------
trace:  ------------TabsTransition::Init---------------
trace:   _incrementUpper : 97.55
trace:   _incrementLower : 52
trace:  ----------HomePickerState::Exit----------
trace:  ----------HomePickerState::ClearIconBitmaps----------
trace:  ----------HomePickerState::ClearUpperTabBitmap----------
[0x6] RemoveListener: removed listener 0x915d0, total number 3
[0x6] RemoveListener: could not find listener 0x915d0, total number 3
trace:  ----------HomePickerState::PausePrompts----------
trace:  ----------IdlePrompts::PausePrompts----------
trace:  ----------IdlePrompts::SavePromptData----------
trace:  --------SoundManager::StopSequence-----
trace:  _sequenceSound = [object Object]
trace:  _sequenceIntervalId = undefined
trace:  --------SoundManager::ClearEndOfSeqCallback-----
trace:  ----------SoundManager::FadeOutMusic----------
trace:  _music.position = 3918
trace:  ----------UIPetLPAD::RemovePet----------
trace:  ----------UIPetLPAD::Dispose----------
trace:  ----------PetAccelerometerManager::Dispose----------
[0x6] RemoveListener: could not find listener 0x457e2530, total number 3
trace:  ----------UIPetLPAD::Exit----------
[0x200] SystemPlugin::ResetTouchscreenSampleRate(): false
trace:  ------------TabsTransition::Update-------------- 0
trace:   .... animating prev ... 
trace:  ------------TabsTransition::Update-------------- 0
trace:   .... animating prev ... 
trace:  ------------TabsTransition::Update-------------- 0
trace:   .... animating prev ... 
trace:  ------------TabsTransition::Update-------------- 0
trace:   .... animating prev ... 
trace:   ... done animating previous, now start animating next
trace:  ------------TabsTransition::Update-------------- 12
trace:  ------------TabsTransition::Update-------------- 11
trace:  ------------TabsTransition::Update-------------- 10
trace:  ------------TabsTransition::Update-------------- 9
trace:  ------------TabsTransition::Update-------------- 8
trace:  ------------TabsTransition::Update-------------- 7
trace:  ------------TabsTransition::Update-------------- 6
trace:  ------------TabsTransition::Update-------------- 5
trace:  ------------TabsTransition::Update-------------- 4
trace:  ------------TabsTransition::Update-------------- 3
trace:  ------------TabsTransition::Update-------------- 2
trace:  ------------TabsTransition::Update-------------- 1
trace:  _animRefNext._tabWaitForLoad = undefined
trace:   .... animating next ....upper NaN lower NaN
trace:   ... done animating next, done with transition
trace:  ------------TabsTransition::Update-------------- 6
trace:  ------------TabsTransition::Update-------------- 5
trace:  ------------TabsTransition::Update-------------- 4
trace:  ------------TabsTransition::Update-------------- 3
trace:  ------------TabsTransition::Update-------------- 2
trace:  ------------TabsTransition::Update-------------- 1
[0x200] SystemPlugin::SetDidjLegacyFlag( 0 )
[0x280] ReplaceTopApp: 1 DATA IS  NULL ..... 
[0x280] LoadNewApp path = /LF/Bulk/ProgramFiles/LST3-0x00180025-000000/App.so
[0x280] LoadNewApp: before; /LF/Bulk/ProgramFiles/LST3-0x00180025-000000/App.so; 1706; 3420932
[0x280] LoadNewApp: after ; /LF/Bulk/ProgramFiles/LST3-0x00180025-000000/App.so; 1812; 3351704
[0x280] LoadNewApp: loading ViewFrame /LF/Base//EmeraldTitles/LST3-0x00180025-000000/ViewFrame.json
[0x280] mCurrentTransition = kReplaceTopApp !
[0x280] CAppManager::ExitPopUnloadApp()
trace:  ------------TabsTransition::TabsTransition---------------
trace:  _bgToShow = undefined
trace:  _bgToHide = undefined
trace:  ----------StateMachine::ReplaceTopState----------- HomePicker.swf
trace:  _currState._container = _level0.mcContent.LaunchApp_mc
trace:  movieclip = _level0.mcContent.HomePicker_mc
[0x6] RemoveListener: could not find listener 0x457e2a1c, total number 3
[0x6] RemoveListener: could not find listener 0x457e2530, total number 3
[0x6] RemoveListener: removed listener 0x44c14, total number 2
[0x6] RemoveListener: removed listener 0x44bd0, total number 1
[0x5] UnRegisterLayer: 0x44f20: 480x272 (1920) @ 0x8217e800
[0x5] DestroyHandle: 0x44f20: 480x272 (1920) @ 0x8217e800
[0x5] UnRegisterLayer: 0x44f20: 480x272 (1920) @ 0x8217e800
[0x5] DeAllocBuffer: remove offset 0017E800, length 0007F800
[0x5] UnRegisterLayer: 0x44f98: 480x272 (1920) @ 0x4554c008
[0x5] DestroyHandle: 0x44f98: 480x272 (1920) @ 0x4554c008
[0x5] UnRegisterLayer: 0x44f98: 480x272 (1920) @ 0x4554c008
[0x6] RemoveListener: could not find listener 0x44eb0, total number 1
MPCriticalSection::~MPCriticalSection() error 22
[0x6] RemoveListener: could not find listener 0x44c14, total number 1
[0x6] RemoveListener: could not find listener 0x44bd0, total number 1
[0x280] ExitPopUnloadApp: before; /LF/Base/LPAD/; 1943; 3375548
[0x280] ExitPopUnloadApp: before UnloadModule /LF/Base/LPAD/
[0x280] ExitPopUnloadApp: module unloaded 123776
[0x280] ExitPopUnloadApp: after ; /LF/Base/LPAD/; 1949; 3382196
[0x280] ExitPopUnloadApp: OGL context still active after unloading
[0x280] ExitPopUnloadApp: aborting all Atomic I/O with fabortAllAtomic
[0xf] fabortAllAtomic: aborted 0 files
[0x280] CGameViewFrame::Enter
[0x0] DaemonControl socket connect failed ret=-1
[0x6] AddListener: added listener 0xb9880, total number 2
current path is /home/bubbles/Documents/Projects/leappad-emu/runtime/sysroot
set current path to /home/bubbles/Documents/Projects/leappad-emu/runtime/sysroot/LF/Bulk/ProgramFiles/LST3-0x00180025-000000
[0x5] CreateHandle: 0xb9e98: 320x240 (1920) @ 0x82400000
[0x5] RegisterLayer: 0xb9e98: 320x240 (1920) @ 0x82400000
[0x5] SetWindowPosition: 0xb9e98: 0,0 .. 320,240
[0x5] SetWindowPosition: 0xb9e98: 0,0 .. 320,240
[0x5] eglInitialize()
[0x5] eglInitialize(): success = 1, version = 1.4
[0x5] OpenGL ES vendor = Tadpole
[0x5] OpenGL ES version = 1.4 Tadpole
[0x5] OpenGL ES extensions = 
[0x5] eglChooseConfig()
[0x5] eglCreateWindowSurface()
[0x5] eglCreateContext()
[0x5] eglMakeCurrent()
[0x5] eglSwapBuffers()
[0x5] RegisterLayer: 0xb9e98: 320x240 (1920) @ 0x82400000
[0x5] SetWindowPosition: 0xb9e98: 0,0 .. 320,240
[0x5] display handle = 0xb9e98
[0x6] AddListener: added listener 0xb9648, total number 3
[0x6] AddListener: added listener 0x180b0, total number 4
[GLTextureManager] Load Texture SpongeboyTT1_30.udi, 262144, total is 262144
[GLTextureManager] Load Texture LFCurry_20_00.udi, 65536, total is 327680
[GLTextureManager] Load Texture SpongeboyTT1_18_00.udi, 65536, total is 393216
[GLTextureManager] Load Texture SpongeboyTT1_40_Number_00.udi, 32768, total is 425984
[GLTextureManager] Load Texture LFCurry_25_0.udi, 131072, total is 557056
[GLTextureManager] Load Texture LFCurry_25_hollow.udi, 131072, total is 688128
[GLTextureManager] Load Texture LFCurry_25_006.udi, 131072, total is 819200
[GLTextureManager] Load Texture LFCurry_25_007.udi, 131072, total is 950272
[GLTextureManager] Load Texture SpongeboyTT1_22_00.udi, 131072, total is 1081344
[GLTextureManager] Load Texture LFCurry_15_00.udi, 65536, total is 1146880
[GLTextureManager] Load Texture LFCurry_18_00.udi, 131072, total is 1277952
[GLTextureManager] Load Texture SpongeboyTT1_18_B_3_00.udi, 131072, total is 1409024
[GLTextureManager] Load Texture SpongeboyTT1_22_B_3_00.udi, 131072, total is 1540096
[GLTextureManager] Load Texture LFCurry_20_B_3_00.udi, 131072, total is 1671168
[GLTextureManager] Load Texture LFCurry_20_B_2_1_00.udi, 131072, total is 1802240
[GLTextureManager] Load Texture LFCurry_15_B_1_00.udi, 131072, total is 1933312
[GLTextureManager] Load Texture LFCurry_18_B_1_00.udi, 131072, total is 2064384
[GLTextureManager] Load Texture LFCurry_18_B_2_2_00.udi, 131072, total is 2195456
[GLTextureManager] Load Texture LFCurry_20_B_2_2_00.udi, 131072, total is 2326528
[GLTextureManager] Load Texture LFCurry_15_B_2_00.udi, 131072, total is 2457600
[PlayerProfile] Saved data not available.
[0x281] CJSonFile::Load() failed to open (filehandle was NULL) mRsrcPath = /LF/Bulk/Data/Local/0/./Milestones.json
[GLTextureManager] Load Texture UIAnimation/LoadingAnim/LoadingAnim__page0.udi, 131072, total is 2588672
TitleStart
Create ParticleSystem template DriveDust_LX success!
Create ParticleSystem template speedline success!
Create ParticleSystem template splash success!
Create ParticleSystem template splash_L success!
[GLTextureManager] Load Texture Nickelodeon_Logo.udi, 38432, total is 2627104
[GLTextureManager] Load Texture Logo_words_virtuos_situ.udi, 77312, total is 2704416
[GLTextureManager] Load Texture Title screen.udi, 153600, total is 2858016
[GLTextureManager] Load Texture UITexture/Badges_Popup.udi, 22464, total is 2880480
[GLTextureManager] Release Texture Nickelodeon_Logo.udi, 38432, total is 2842048
[GLTextureManager] Release Texture Logo_words_virtuos_situ.udi, 77312, total is 2764736
[GLTextureManager] Release Texture Title screen.udi, 153600, total is 2611136
[GLTextureManager] Load Texture UITexture/main_menu_bg.udi, 153600, total is 2764736
[GLTextureManager] Load Texture UITexture/ok.udi, 3072, total is 2767808
[GLTextureManager] Load Texture UITexture/main_menu_play_normal.udi, 13120, total is 2780928
[GLTextureManager] Load Texture UITexture/main_menu_play_focus.udi, 13120, total is 2794048
[GLTextureManager] Load Texture UITexture/settings_bb1a.udi, 26208, total is 2820256
[GLTextureManager] Load Texture UITexture/settings_bb2a.udi, 26208, total is 2846464
[GLTextureManager] Load Texture UITexture/main_menu_micromods_normal.udi, 13120, total is 2859584
[GLTextureManager] Load Texture UITexture/main_menu_micromods_focus.udi, 13120, total is 2872704
[GLTextureManager] Load Texture UITexture/main_menu_badges_normal.udi, 13120, total is 2885824
[GLTextureManager] Load Texture UITexture/main_menu_badges_focus.udi, 13120, total is 2898944
[GLTextureManager] Load Texture UITexture/main_menu_option_normal.udi, 13120, total is 2912064
[GLTextureManager] Load Texture UITexture/main_menu_option_focus.udi, 13120, total is 2925184
[GLTextureManager] Load Texture UITexture/main_menu_expansion_pack.udi, 12792, total is 2937976
[GLTextureManager] Load Texture UITexture/main_menu_expansion_pack_02.udi, 12792, total is 2950768
[GLTextureManager] Load Texture UITexture/main_menu_bob_hand.udi, 2304, total is 2953072
[GLTextureManager] Load Texture UITexture/main_menu_bob.udi, 35880, total is 2988952
[GLTextureManager] Load Texture UITexture/main_menu_bob_fist.udi, 1008, total is 2989960
[GLTextureManager] Load Texture UITexture/main_menu_bob_eyelid.udi, 2128, total is 2992088
[GLTextureManager] Load Texture UITexture/main_menu_bob_eye.udi, 2128, total is 2994216
[GLTextureManager] Load Texture UITexture/main_menu_font_Tune_Up_Garage.udi, 14560, total is 3008776
[GLTextureManager] Load Texture UITexture/sm_01.udi, 12992, total is 3021768
[GLTextureManager] Load Texture UIAnimation/BubbleAni/BubbleAni__page0.udi, 65536, total is 3087304
[GLTextureManager] Release Texture UITexture/main_menu_font_Tune_Up_Garage.udi, 14560, total is 3072744
[GLTextureManager] Load Texture UITextureOutOfPage/main_menu/main_menu_font_play.udi, 16120, total is 3088864
[GLTextureManager] Release Texture UITexture/main_menu_expansion_pack.udi, 12792, total is 3076072
[GLTextureManager] Load Texture UITextureOutOfPage/main_menu/main_menu_expansion_pack_03.udi, 12792, total is 3088864
[GLTextureManager] Release Texture UITexture/main_menu_expansion_pack_02.udi, 12792, total is 3076072
[GLTextureManager] Load Texture UITextureOutOfPage/main_menu/main_menu_expansion_pack_04.udi, 12792, total is 3088864
[GLTextureManager] Release Texture UITextureOutOfPage/main_menu/main_menu_font_play.udi, 16120, total is 3072744
[GLTextureManager] Load Texture UITextureOutOfPage/main_menu/main_menu_font_options.udi, 16120, total is 3088864
[GLTextureManager] Load Texture UITexture/records_bg.udi, 77312, total is 3166176
[GLTextureManager] Load Texture UITexture/options_mp.udi, 36000, total is 3202176
[GLTextureManager] Load Texture UITexture/back.udi, 4080, total is 3206256
[GLTextureManager] Load Texture UITexture/controls_bb1.udi, 12792, total is 3219048
[GLTextureManager] Load Texture UITexture/controls_bb2.udi, 12792, total is 3231840
[GLTextureManager] Load Texture UITexture/settings_bb1.udi, 26208, total is 3258048
[GLTextureManager] Load Texture UITexture/settings_bb2.udi, 26208, total is 3284256
[GLTextureManager] Load Texture UITexture/records_bb1.udi, 12792, total is 3297048
[GLTextureManager] Load Texture UITexture/records_bb2.udi, 12792, total is 3309840
[GLTextureManager] Load Texture UITexture/credits_bb1.udi, 12792, total is 3322632
[GLTextureManager] Load Texture UITexture/credits_bb2.udi, 12792, total is 3335424
[GLTextureManager] Load Texture UITexture/controls.udi, 6784, total is 3342208
[GLTextureManager] Release Texture UITexture/controls.udi, 6784, total is 3335424
[GLTextureManager] Load Texture UITextureOutOfPage/options_menu/credits.udi, 6784, total is 3342208
[GLTextureManager] Load Texture UITexture/credits_01bg.udi, 139200, total is 3481408
[GLTextureManager] Load Texture UITexture/credits_y_01.udi, 32256, total is 3513664
[GLTextureManager] Load Texture UITexture/credits_y_02.udi, 50384, total is 3564048
[GLTextureManager] Load Texture UITexture/credits_y_03.udi, 8928, total is 3572976
[GLTextureManager] Load Texture UITexture/credits_y_04.udi, 36000, total is 3608976
[GLTextureManager] Load Texture UITexture/credits_04bg.udi, 124512, total is 3733488
[GLTextureManager] Load Texture UITexture/credits_hk_01.udi, 3528, total is 3737016
[GLTextureManager] Load Texture UITexture/credits_hk_02.udi, 4408, total is 3741424
[GLTextureManager] Load Texture UITexture/credits_03bg.udi, 51600, total is 3793024
[GLTextureManager] Load Texture UITexture/credits_qg.udi, 130912, total is 3923936
[GLTextureManager] Load Texture UITexture/credits_mb.udi, 18792, total is 3942728
=== AppManager ===
+++ AppManager: Entered main function: 191950.65 12583422.41
[0x6] ButtonPowerUSBTask: Use tslib
[0x6] ButtonPowerUSBTask: tslib: ts_config failed
[0x6] LoadTSLib: use_tslib=0, handle=0x17a60, tsl=(nil), fd=0
[0x6] Start ButtonPowerUSB Task ... !
[0x6] Start Cartridge task ...!
[0x5] InitModule: Screen = 480 x 272
[0x5] InitModule: Screen = 480 x 272, pitch = 1920
[0x5] InitModule: Mapped 82000000 to 0x82000000, size 003fc000
[0x5] InitModule: Screen = 480 x 272, pitch = 1920
[0x5] InitModule: Mapped 82400000 to 0x82400000, size 003fc000
[0x5] InitModule: Screen = 480 x 272, pitch = 1920
[0x5] InitModule: Mapped 82800000 to 0x82800000, size 003fc000
+++ AppManager: Bgn Init Logging: 191950.73 12583427.49
+++ AppManager: Bgn InitMutex: 191950.73 12583427.80
[0x280] ============================================
[0x280]    AppManager ReLaunch Threshold = 5
[0x280] ============================================
[0x5] AllocBuffer: new buf offset 000FF000, length 0007F800
[0x5] CreateHandle: 0x18860: 480x272 (1920) @ 0x820ff000
[0x5] RegisterLayer: 0x18860: 480x272 (1920) @ 0x820ff000
[0x5] SetWindowPosition: 0x18860: 0,0 .. 480,272
[0x280] CAppManager::CAppManager ; LightningBase/Src/AppManager.cpp; 562; 1877672
[0x280] Platform = VALENCIA
[0x280] Shutdown Timer set for 12000 [ms] timeout
[0x280] USB Device Watchdog set for 12 [sec] timeout
[0x0] HasDoomPackageCritical: global doom file detected
+++ AppManager: End SetupSystem: 191950.77 12583430.31
[0x280] AppManager signal handler installed 
[0x0] DaemonControl socket connect failed ret=-1
[0x0] DaemonControl socket connect failed ret=-1
+++ AppManager: End Init CLogFile: 191950.78 12583430.52
[0x6] AddListener: added listener 0x18088, total number 1
[0x281] CJSonFile::Load() failed to open (filehandle was NULL) mRsrcPath = /LF/Base/DidjPatches/DidjPatches.json
+++ AppManager: End Load DidjPatches: 191950.78 12583430.66
get temp restart player id = -1
+++ AppManager: Bgn Set Profile Logging: 191950.78 12583430.75
+++ AppManager: End Set Profile Logging: 191950.78 12583430.77
[0x1] Found codec: socaudiolfp100, legacy=0
[0x1] set_hwparams: buffer time=128000, size=4096
[0x1] set_hwparams: period time=32000, size=1024
[0x1] CallbackThread: starting audio thread 0x31678
+++ AppManager: End Set Power & USB: 191950.82 12583433.22
[0x280] mCurrentTransition = kLoginApp !
[0x6] ButtonPowerUSBTask: Use tslib
+++ AppManager: Bgn Load main.swf: 191950.82 12583433.32
[0x280] PushApp Start: LPAD/main.swf; LightningBase/Src/AppManager.cpp; 1121; 1875812
[0x6] ButtonPowerUSBTask: tslib: ts_config failed
[0x280] LoadNewApp path = /LF/Base/LPAD/main.swf
[0x6] LoadTSLib: use_tslib=0, handle=0x1a6d0, tsl=(nil), fd=0
[0x6] ButtonPowerUSBTask: tslib: Falling back on touchscreen interface
[0x280] LoadNewApp: before; /LF/Base/LPAD/main.swf; 1706; 1871532
[0x280] LoadNewApp: after ; /LF/Base/LPAD/main.swf; 1812; 1873052
[0x280] PushApp Done: LPAD/main.swf; LightningBase/Src/AppManager.cpp; 1123; 1872828
+++ AppManager: End Load main.swf: 191950.90 12583438.12
+++ AppManager: UI loaded: 191950.90 12583438.13
[0x280] mCurrentTransition = kPushApp !
[0x6] AddListener: added listener 0x44bc8, total number 2
[0x6] AddListener: added listener 0x44c0c, total number 3
+++ AppManager: Flash: End Construct DidjPlayer: 191950.91 12583438.68
[0x5] AllocBuffer: new buf offset 0017E800, length 0007F800
[0x5] CreateHandle: 0x44f18: 480x272 (1920) @ 0x8217e800
[0x5] RegisterLayer: 0x44f18: 480x272 (1920) @ 0x8217e800
[0x5] SetWindowPosition: 0x44f18: 0,0 .. 480,272
[0x5] CreateHandle: 0x44f90: 480x272 (1920) @ 0x455cd008
[0x5] RegisterLayer: 0x44f90: 480x272 (1920) @ 0x455cd008
[0x5] UnRegisterLayer: 0x44f90: 480x272 (1920) @ 0x455cd008
[0x5] RegisterLayer: 0x18860: 480x272 (1920) @ 0x820ff000
[0x5] SetWindowPosition: 0x18860: 0,0 .. 480,272
+++ AppManager: Flash: Bgn LoadMovie: 191950.92 12583439.51
+++ AppManager: Flash: Bgn CreatePlayer: 191950.92 12583439.65
[0x281] CSystemData::FindFont( LFCurry.ttf )
[0x281] CSystemData::FindFont( LFCurry.ttf )
tadpole-view: 480x272, scale 2x, dir /tmp/tadpole
tadpole-view: audio 32000 Hz, 2 ch, 16-bit (period 1024), latency capped at 600 ms
+++ AppManager: Flash: End CreatePlayer: 191951.09 12583450.17
+++ AppManager: Flash: End SetFrameBuffer: 191951.10 12583450.85
+++ AppManager: Flash: End LoadMovie: 191951.11 12583450.93
+++ AppManager: UI entered: 191951.11 12583450.94
+++ AppManager: UI updated: 191951.31 12583463.99
get temp restart player id = -1
trace:  ----------main::loadMainStageOne----------
trace:  ----------UIData::GetInstance----------
trace:  ----------UIData::UIData----------
trace:   ### default theme path is : /LF/Bulk/Downloads/PADS-0x1F1E0002-200001/UI_Tropical.swf
trace:  ----------UIData::UIData---------- _0ProfileUIData = undefined
trace:  ----------UIData::UIData---------- _1ProfileUIData = undefined
trace:  ----------UIData::UIData---------- _2ProfileUIData = undefined
trace:  ----------UIData::ResetPaths----------
[0x200] SystemPlugin::GetLocaleCode(): en-us
trace:  cuuLocaleCode = en-us
trace:  _language_code = en
trace:  _language_code = en
trace:  ----------SoundManager::GetInstance----------
trace:  ----------SoundManager::SoundManager----------
trace:  ..... theme is : undefined
[0x200] AppManagerPlugin::isBaseAppRelaunch, FALSE
trace:  ---------------- Main ------------- current logged in player is : 0
trace:  ..... bgPath is : /LF/Base//LpadAssets/Art/UI_StandardBackground.swf
trace:  BG Main Theme Loaded
trace:  ----------main::loadMainStageTwo----------
[0x200] SystemPlugin::SetDidjLegacyFlag( 0 )
[0x200] AppManagerPlugin::isBaseAppRelaunch, FALSE
trace:  ------main:: LF.AppManager.IsBaseAppRelaunch()------false
trace:  ------main:: LF.CSystem.GetLocale()-----en-us
[0x200] AppManagerPlugin::isBaseAppRelaunch, FALSE
trace:  ---------------- Main ------------- current logged in player is : 0
trace:  ----------UIData::isAnyProfilePresent----------
[0xf] fopenAtomic(/LF/Bulk/Data/Local/0/PAD2-0x1F1E0002-100000/UIData.json) returning 0x0005a248
[0xf] fcloseAtomic returning 0
[0xf] fopenAtomic(/LF/Bulk/Data/Local/1/PAD2-0x1F1E0002-100000/UIData.json) returning 0x00059f08
[0xf] fcloseAtomic returning 0
[0xf] fopenAtomic(/LF/Bulk/Data/Local/2/PAD2-0x1F1E0002-100000/UIData.json) returning 0x00059f08
[0xf] fcloseAtomic returning 0
trace:  ----------UIData::isAnyProfilePresent----------
trace:  ------------TabsTransition::TabsTransition---------------
trace:  _bgToShow = undefined
trace:  _bgToHide = undefined
trace:  ----------StateMachine::PushState----------- SignIn.swf
[0x200] SystemPlugin::GetPetResourcesPath(): /LF/Base/PetResources/
trace:  creating /tmp/ui_ready flag
trace:  ########################## setting flag ###### 0
trace:  ----------State::GrabStateData----------
[0x200] SystemPlugin::GetLocaleCode(): en-us
trace:  cuuLocaleCode = en-us
trace:  _language_code = en
trace:  country_code = us
trace:  ----------StateMachine::_mcListener.onLoadInit( _level0.mcContent.SignIn_mc )----------
trace:  ------------TabsTransition::Init---------------
trace:  ------------TabsTransition::Update-------------- 0
trace:  _animRefNext._tabWaitForLoad = undefined
trace:   .... animating next ....upper -39 lower 467
trace:  ------------TabsTransition::Update-------------- 0
trace:  _animRefNext._tabWaitForLoad = undefined
trace:   .... animating next ....upper -26 lower 454
trace:  ------------TabsTransition::Update-------------- 0
trace:  _animRefNext._tabWaitForLoad = undefined
trace:   .... animating next ....upper -13 lower 441
trace:  ------------TabsTransition::Update-------------- 0
trace:  _animRefNext._tabWaitForLoad = undefined
trace:   .... animating next ....upper 0 lower 428
trace:   ... done animating next, done with transition
trace:  ------------TabsTransition::Update-------------- 6
trace:  ------------TabsTransition::Update-------------- 5
trace:  ------------TabsTransition::Update-------------- 4
trace:  ------------TabsTransition::Update-------------- 3
trace:  ------------TabsTransition::Update-------------- 2
trace:  ------------TabsTransition::Update-------------- 1
trace:  ----------main::ChangeBackground----------/LF/Base//LpadAssets/Art/UI_StandardBackground.swf
trace:  --------SoundManager::StopSequence-----
trace:  _sequenceSound = [object Object]
trace:  _sequenceIntervalId = undefined
trace:  --------SoundManager::ClearEndOfSeqCallback-----
trace:  BG Main Theme Loaded in ChangeBackground
trace:  -----Callback.PrintDebugInfo-----
trace:       _cbFunc:  [type Function]
trace:       _cbScope: _level0.mcContent.SignIn_mc.main_mc
trace:       _cbArgs:  _level0.mcContent.SignIn_mc.main_mc._0
trace:  --------SoundManager::StopSequence-----
trace:  _sequenceSound = [object Object]
trace:  _sequenceIntervalId = undefined
trace:  --------SoundManager::ClearEndOfSeqCallback-----
[0xf] fopenAtomic(/LF/Bulk/settings.cfg) returning 0x0005d728
[0xf] fcloseAtomic returning 0
[0x200] SystemPlugin::setCurrentPlayerID( 0 )
trace:  ----------main::DeleteAllPageBitmaps----------
trace:  ------------TabsTransition::TabsTransition---------------
trace:  _bgToShow = null
trace:  _bgToHide = _signInBG
trace:  ----------StateMachine::ReplaceTopState----------- HomePicker.swf
trace:  _currState._container = _level0.mcContent.SignIn_mc
trace:  movieclip = _level0.mcContent.HomePicker_mc
trace:  ----------HomePickerState::HomePickerState----------
trace:  ----------UIPetLPAD::UIPetLPAD----------
[0x200] SystemPlugin::GetLocaleCode(): en-us
[0x200] SystemPlugin::IsLFPlatform(): true
[0x200] SystemPlugin::GetLocaleCode(): en-us
[0x200] SystemPlugin::IsLFPlatform(): true
trace:  --------BaseImageButton::BaseImageButton-----_level0.mcContent.HomePicker_mc._upperTab._userImageBtn
trace:  --------BaseOnPressButton::BaseOnPressButton-----
trace:  --------BaseTextButton::BaseTextButton-----
trace:  ----------StateMachine::_mcListener.onLoadInit( _level0.mcContent.HomePicker_mc )----------
trace:  ------------TabsTransition::Init---------------
trace:   _incrementUpper : 52
trace:   _incrementLower : 52
trace:  ----------UIData::LogIn----------
[0xf] fopenAtomic(/LF/Bulk/settings.cfg) returning 0x00067670
[0xf] fcloseAtomic returning 0
[0x200] SystemPlugin::setCurrentPlayerID( 0 )
trace:  ################################
trace:   playerId = 0
trace:   _currProfileID = 0
trace:   _currThemePath = /LF/Bulk/Downloads/PADS-0x1F1E0002-200002/UI_Coast.swf
trace:  ################################
trace:  ----------main::ChangeBackground----------/LF/Bulk/Downloads/PADS-0x1F1E0002-200002/UI_Coast.swf
[0xf] fopenAtomic(/LF/Bulk/Data/Local/0/./profile.dsc) returning 0x00067c98
[0xf] fcloseAtomic returning 0
[0x200] Setting Current Profile to 0
trace:  ----------HomePickerState::PreEnter----------
trace:  ----------State::GrabStateData----------
[0x200] SystemPlugin::GetLocaleCode(): en-us
trace:  cuuLocaleCode = en-us
trace:  _language_code = en
trace:  country_code = us
trace:  --------BaseTextButton::SetTextField----- Ghb
trace:  WARNING: Player profile picture load failed!
trace:  ----------HomePickerState::OnUserImageLoad----------
trace:  ----------HomePickerState::SetCartStatus---------- 0
trace:  ----------HomePickerState::GetAllIcons----------
[0x200] SystemPlugin::getProgramFileApps - Valencia - getting ready to sort
[0x200] SystemPlugin::getProgramFileApps - Valencia - sort file exists /LF/Bulk/Data/Local/0/PAD2-0x1F1E0002-100000/ProgramFileAppOrder.json
trace:  ----------HomePickerState::AdjustStatusbar----------
trace:  ----------HomePickerState::StartPowerListener----------
[0x6] AddListener: added listener 0x67d18, total number 4
trace:  ------------TabsTransition::Update-------------- 0
trace:   .... animating prev ... 
trace:  MODE_LOAD_ICONS 
trace:  ----------HomePickerState::ManageIconLoading----------
trace:  ----------HomePickerState::ChangeCartIconData----------
trace:  ----------HomePickerState::GoToFirstPage----------
trace:  ----------HomePickerState::ChangeCartIconImage----------
trace:  ----------HomePickerState::GetCategoryColorFieldName----------
trace:  ----------HomePickerState::SetCategoryLabelFieldName----------icon0
trace:  ----------HomePickerState::SetIconLabelText----------icon0
trace:  ----------HomePickerState::LoadIconImage----------icon0
trace:  ------------TabsTransition::Update-------------- 0
trace:   .... animating prev ... 
trace:  MODE_LOAD_ICONS 
trace:  ----------HomePickerState::ManageIconLoading----------
trace:  ----------HomePickerState::GetCategoryColorFieldName----------
trace:  ----------HomePickerState::LoadIconData----------icon1
trace:  ----------HomePickerState::SetCategoryLabelFieldName----------icon1
trace:  ----------HomePickerState::SetIconLabelText----------icon1
trace:  ----------HomePickerState::LoadIconImage----------icon1
trace:  ------------TabsTransition::Update-------------- 0
trace:   .... animating prev ... 
trace:  BG Main Theme Loaded in ChangeBackground
trace:  MODE_LOAD_ICONS 
trace:  ----------HomePickerState::ManageIconLoading----------
trace:  ----------HomePickerState::GetCategoryColorFieldName----------
trace:  ----------HomePickerState::LoadIconData----------icon2
trace:  ----------HomePickerState::SetCategoryLabelFieldName----------icon2
trace:  ----------HomePickerState::SetIconLabelText----------icon2
trace:  ----------HomePickerState::LoadIconImage----------icon2
trace:  ------------TabsTransition::Update-------------- 0
trace:   .... animating prev ... 
trace:   ... done animating previous, now start animating next
trace:  MODE_LOAD_ICONS 
trace:  ----------HomePickerState::ManageIconLoading----------
trace:  ----------HomePickerState::GetCategoryColorFieldName----------
trace:  ----------HomePickerState::LoadIconData----------icon3
trace:  ----------HomePickerState::SetCategoryLabelFieldName----------icon3
trace:  ----------HomePickerState::SetIconLabelText----------icon3
trace:  ----------HomePickerState::LoadIconImage----------icon3
trace:  ------------TabsTransition::Update-------------- 12
trace:  MODE_LOAD_ICONS 
trace:  ----------HomePickerState::ManageIconLoading----------
trace:  ----------HomePickerState::GetCategoryColorFieldName----------
trace:  ----------HomePickerState::LoadIconData----------icon4
[0x200] SystemPlugin::getProgramFileApps - Valencia - getting ready to sort
[0x200] SystemPlugin::getProgramFileApps - Valencia - sort file exists /LF/Bulk/Data/Local/0/PAD2-0x1F1E0002-100000/ProgramFileAppOrder.json
trace:  ----------HomePickerState::SetCategoryLabelFieldName----------icon4
trace:  ----------HomePickerState::SetIconLabelText----------icon4
trace:  ----------HomePickerState::LoadIconImage----------icon4
trace:  ------------TabsTransition::Update-------------- 11
trace:  MAKING CART BITMAPS
trace:  ----------HomePickerState::MakeIconHighlightBitmap----------icon0
trace:  ----------HomePickerState::MakeIconBitmap----------icon0
trace:  MODE_LOAD_ICONS 
trace:  ----------HomePickerState::ManageIconLoading----------
trace:  ----------HomePickerState::GetCategoryColorFieldName----------
trace:  ----------HomePickerState::LoadIconData----------icon5
trace:  ----------HomePickerState::SetCategoryLabelFieldName----------icon5
trace:  ----------HomePickerState::SetIconLabelText----------icon5
trace:  ----------HomePickerState::LoadIconImage----------icon5
trace:  ------------TabsTransition::Update-------------- 10
trace:  MODE_LOAD_ICONS 
trace:  ----------HomePickerState::ManageIconLoading----------
trace:  ----------HomePickerState::GetCategoryColorFieldName----------
trace:  ----------HomePickerState::LoadIconData----------icon6
trace:  ----------HomePickerState::SetCategoryLabelFieldName----------icon6
trace:  ----------HomePickerState::SetIconLabelText----------icon6
trace:  ----------HomePickerState::LoadIconImage----------icon6
trace:  ------------TabsTransition::Update-------------- 9
trace:  MODE_LOAD_ICONS 
trace:  ----------HomePickerState::ManageIconLoading----------
trace:  ----------HomePickerState::GetCategoryColorFieldName----------
trace:  ----------HomePickerState::LoadIconData----------icon7
trace:  ----------HomePickerState::SetCategoryLabelFieldName----------icon7
trace:  ----------HomePickerState::SetIconLabelText----------icon7
trace:  ----------HomePickerState::LoadIconImage----------icon7
trace:  ------------TabsTransition::Update-------------- 8
trace:  MODE_LOAD_ICONS 
trace:  ----------HomePickerState::ManageIconLoading----------
trace:  ----------HomePickerState::GetCategoryColorFieldName----------
trace:  ----------HomePickerState::LoadIconData----------icon8
trace:  ----------HomePickerState::SetCategoryLabelFieldName----------icon8
trace:  ----------HomePickerState::SetIconLabelText----------icon8
trace:  ----------HomePickerState::LoadIconImage----------icon8
trace:  ------------TabsTransition::Update-------------- 7
trace:  MODE_LOAD_ICONS 
trace:  ----------HomePickerState::ManageIconLoading----------
trace:  ----------HomePickerState::GetCategoryColorFieldName----------
trace:  ----------HomePickerState::LoadIconData----------icon9
trace:  ----------HomePickerState::SetCategoryLabelFieldName----------icon9
trace:  ----------HomePickerState::SetIconLabelText----------icon9
trace:  ----------HomePickerState::LoadIconImage----------icon9
trace:  ------------TabsTransition::Update-------------- 6
trace:  MODE_LOAD_ICONS 
trace:  ----------HomePickerState::ManageIconLoading----------
trace:  ----------HomePickerState::GetCategoryColorFieldName----------
trace:  ----------HomePickerState::LoadIconData----------icon10
trace:  ----------HomePickerState::SetCategoryLabelFieldName----------icon10
trace:  ----------HomePickerState::SetIconLabelText----------icon10
trace:  ----------HomePickerState::LoadIconImage----------icon10
trace:  ------------TabsTransition::Update-------------- 5
trace:  MODE_LOAD_ICONS 
trace:  ----------HomePickerState::ManageIconLoading----------
trace:  ----------HomePickerState::GetCategoryColorFieldName----------
trace:  ----------HomePickerState::LoadIconData----------icon11
trace:  ----------HomePickerState::SetCategoryLabelFieldName----------icon11
trace:  ----------HomePickerState::SetIconLabelText----------icon11
trace:  ----------HomePickerState::LoadIconImage----------icon11
trace:  ------------TabsTransition::Update-------------- 4
trace:  MODE_LOAD_ICONS 
trace:  ----------HomePickerState::ManageIconLoading----------
trace:  ----------HomePickerState::GetCategoryColorFieldName----------
trace:  ----------HomePickerState::LoadIconData----------icon12
trace:  ----------HomePickerState::SetCategoryLabelFieldName----------icon12
trace:  ----------HomePickerState::SetIconLabelText----------icon12
trace:  ----------HomePickerState::LoadIconImage----------icon12
trace:  ------------TabsTransition::Update-------------- 3
trace:  MODE_LOAD_ICONS 
trace:  ----------HomePickerState::ManageIconLoading----------
trace:  ----------HomePickerState::GetCategoryColorFieldName----------
trace:  ----------HomePickerState::LoadIconData----------icon13
trace:  ----------HomePickerState::SetCategoryLabelFieldName----------icon13
trace:  ----------HomePickerState::SetIconLabelText----------icon13
trace:  ----------HomePickerState::LoadIconImage----------icon13
trace:  ------------TabsTransition::Update-------------- 2
trace:  MODE_LOAD_ICONS 
trace:  ----------HomePickerState::ManageIconLoading----------
trace:  ----------HomePickerState::GetCategoryColorFieldName----------
trace:  ----------HomePickerState::LoadIconData----------icon14
trace:  ----------HomePickerState::SetCategoryLabelFieldName----------icon14
trace:  ----------HomePickerState::SetIconLabelText----------icon14
trace:  ----------HomePickerState::LoadIconImage----------icon14
trace:  ------------TabsTransition::Update-------------- 1
trace:  waiting for load of the image
trace:  MODE_LOAD_ICONS 
trace:  ----------HomePickerState::ManageIconLoading----------
trace:  ------------TabsTransition::Update-------------- 0
trace:  waiting for load of the image
trace:  MODE_LOAD_ICONS 
trace:  ----------HomePickerState::ManageIconLoading----------
trace:  ------------TabsTransition::Update-------------- 0
trace:  waiting for load of the image
trace:  MODE_LOAD_ICONS 
trace:  ----------HomePickerState::ManageIconLoading----------
trace:  ------------TabsTransition::Update-------------- 0
trace:  waiting for load of the image
trace:  ------------TabsTransition::Update-------------- 0
trace:  _animRefNext._tabWaitForLoad = false
trace:   .... animating next ....upper -63.1125 lower 467
trace:  ------------TabsTransition::Update-------------- 0
trace:  _animRefNext._tabWaitForLoad = false
trace:   .... animating next ....upper -40.2625 lower 454
trace:  ------------TabsTransition::Update-------------- 0
trace:  _animRefNext._tabWaitForLoad = false
trace:   .... animating next ....upper -17.4125 lower 441
trace:  ------------TabsTransition::Update-------------- 0
trace:  _animRefNext._tabWaitForLoad = false
trace:   .... animating next ....upper 5.4375 lower 428
trace:   ... done animating next, done with transition
trace:  ------------TabsTransition::Update-------------- 6
trace:  ------------TabsTransition::Update-------------- 5
trace:  ------------TabsTransition::Update-------------- 4
trace:  ------------TabsTransition::Update-------------- 3
trace:  ------------TabsTransition::Update-------------- 2
trace:  ------------TabsTransition::Update-------------- 1
trace:  ----------HomePickerState::Enter----------
trace:  ----------HomePickerState::ActivateButtons----------
trace:  ----------HomePickerState::CheckForConnectNag----------
trace:  MODE_LOAD_ICON_HIGHLIGHT_BITMAPS 
trace:  ----------HomePickerState::ManageIconHighlightBitmapLoading----------
trace:  MODE_LOAD_ICON_HIGHLIGHT_BITMAPS 
trace:  ----------HomePickerState::ManageIconHighlightBitmapLoading----------
trace:  ----------HomePickerState::MakeIconHighlightBitmap----------icon1
trace:  MODE_LOAD_ICON_HIGHLIGHT_BITMAPS 
trace:  ----------HomePickerState::ManageIconHighlightBitmapLoading----------
trace:  ----------HomePickerState::MakeIconHighlightBitmap----------icon2
trace:  MODE_LOAD_ICON_HIGHLIGHT_BITMAPS 
trace:  ----------HomePickerState::ManageIconHighlightBitmapLoading----------
trace:  ----------HomePickerState::MakeIconHighlightBitmap----------icon3
trace:  MODE_LOAD_ICON_HIGHLIGHT_BITMAPS 
trace:  ----------HomePickerState::ManageIconHighlightBitmapLoading----------
trace:  ----------HomePickerState::MakeIconHighlightBitmap----------icon4
trace:  MODE_LOAD_ICON_HIGHLIGHT_BITMAPS 
trace:  ----------HomePickerState::ManageIconHighlightBitmapLoading----------
trace:  ----------HomePickerState::MakeIconHighlightBitmap----------icon5
trace:  MODE_LOAD_ICON_HIGHLIGHT_BITMAPS 
trace:  ----------HomePickerState::ManageIconHighlightBitmapLoading----------
trace:  ----------HomePickerState::MakeIconHighlightBitmap----------icon6
trace:  MODE_LOAD_ICON_HIGHLIGHT_BITMAPS 
trace:  ----------HomePickerState::ManageIconHighlightBitmapLoading----------
trace:  ----------HomePickerState::MakeIconHighlightBitmap----------icon7
trace:  MODE_LOAD_ICON_HIGHLIGHT_BITMAPS 
trace:  ----------HomePickerState::ManageIconHighlightBitmapLoading----------
trace:  ----------HomePickerState::MakeIconHighlightBitmap----------icon8
trace:  MODE_LOAD_ICON_HIGHLIGHT_BITMAPS 
trace:  ----------HomePickerState::ManageIconHighlightBitmapLoading----------
trace:  MODE_LOAD_ICON_BITMAPS 
trace:  ----------HomePickerState::ManageIconBitmapLoading----------
trace:  MODE_LOAD_ICON_BITMAPS 
trace:  ----------HomePickerState::ManageIconBitmapLoading----------
trace:  ----------HomePickerState::MakeIconBitmap----------icon1
trace:  MODE_LOAD_ICON_BITMAPS 
trace:  ----------HomePickerState::ManageIconBitmapLoading----------
trace:  ----------HomePickerState::MakeIconBitmap----------icon2
trace:  MODE_LOAD_ICON_BITMAPS 
trace:  ----------HomePickerState::ManageIconBitmapLoading----------
trace:  ----------HomePickerState::MakeIconBitmap----------icon3
trace:  MODE_LOAD_ICON_BITMAPS 
trace:  ----------HomePickerState::ManageIconBitmapLoading----------
trace:  ----------HomePickerState::MakeIconBitmap----------icon4
trace:  MODE_LOAD_ICON_BITMAPS 
trace:  ----------HomePickerState::ManageIconBitmapLoading----------
trace:  ----------HomePickerState::MakeIconBitmap----------icon5
trace:  MODE_LOAD_ICON_BITMAPS 
trace:  ----------HomePickerState::ManageIconBitmapLoading----------
trace:  ----------HomePickerState::MakeIconBitmap----------icon6
trace:  MODE_LOAD_ICON_BITMAPS 
trace:  ----------HomePickerState::ManageIconBitmapLoading----------
trace:  ----------HomePickerState::MakeIconBitmap----------icon7
trace:  MODE_LOAD_ICON_BITMAPS 
trace:  ----------HomePickerState::ManageIconBitmapLoading----------
trace:  ----------HomePickerState::MakeIconBitmap----------icon8
trace:  MODE_LOAD_ICON_BITMAPS 
trace:  ----------HomePickerState::ManageIconBitmapLoading----------
trace:  MODE_BITMAP_BACKGROUND 
trace:  ----------HomePickerState::ManageBackgroundBitmapping----------
trace:  ----------HomePickerState::MakeUpperTabBitmap----------
trace:  ----------HomePickerState::CheckIfCurrentPageIsLoaded----------
trace:  ----------HomePickerState::EnableButtons----------
[0x200] SystemPlugin::ResetTouchscreenSampleRate(): false
trace:  ----------HomePickerState::EnableArrows----------
[0x200] SystemPlugin::ResetTouchscreenSampleRate(): false
trace:  MODE_BITMAP_BACKGROUND 
trace:  ----------HomePickerState::ManageBackgroundBitmapping----------
trace:  ----------SoundManager::StopMusic----------
trace:  ----------SoundManager::PlayMusic----------
trace:  MODE_INITIALIZE_PET 
trace:  ----------HomePickerState::ManagePetInitialization----------
trace:  ----------HomePickerState::InitializePet----------
trace:  ----------UIPetLPAD::LoadPet----------
trace:  ----------LF.LPAD.Pet.com.frimastudio.emerald.utils.SaveManager::ReadSavedData----------
trace:  About to AddAvatar
trace:  
READ SCRIPT
trace:  READ SCRIPT DONE

trace:  ----------PetAccelerometerManager::PetAccelerometerManager----------
[0x200] AccelerometerPlugin::setAccelerometerRate, rate = 10
trace:  ----------PetAccelerometerManager::Deactivate----------
[0x6] RemoveListener: could not find listener 0x45863530, total number 4
trace:  ----------PetAccelerometerManager::Init----------
trace:  mAvatar._name = _UIPetLPAD
trace:  mIsActive = true
trace:  ----------UIPetLPAD::ChangeStateToJumpIn----------
trace:  ----------UIPetLPAD::ResumePet----------
trace:  ----------PetAccelerometerManager::Activate----------
[0x6] AddListener: added listener 0x45863530, total number 5
trace:  MODE_PLAY_INITIAL_AUDIO_PROMPTS 
trace:  ----------HomePickerState::PlayInitialAudioPrompts----------
trace:  ----------IdlePrompts::GetInstance----------
trace:  ----------IdlePrompts::IdlePrompts----------
trace:  ----------IdlePrompts::PullData----------
trace:  ----------IdlePrompts::SetAllPrompts----------
trace:  ----------IdlePrompts::StartPromptTimer----------
trace:  MODE_JUMP_PET_IN 
trace:  ----------HomePickerState::ManagePetJumpingIn----------
trace:  ----------UIPetLPAD::SuspendPet----------
trace:  ----------PetAccelerometerManager::Deactivate----------
[0x6] RemoveListener: removed listener 0x45863530, total number 4
trace:  MODE_LOAD_ICONS 
trace:  ----------HomePickerState::ManageIconLoading----------
trace:  MODE_LOAD_ICON_HIGHLIGHT_BITMAPS 
trace:  ----------HomePickerState::ManageIconHighlightBitmapLoading----------
trace:  ----------HomePickerState::MakeIconHighlightBitmap----------icon9
trace:  MODE_LOAD_ICON_HIGHLIGHT_BITMAPS 
trace:  ----------HomePickerState::ManageIconHighlightBitmapLoading----------
trace:  ----------HomePickerState::MakeIconHighlightBitmap----------icon10
trace:  MODE_LOAD_ICON_HIGHLIGHT_BITMAPS 
trace:  ----------HomePickerState::ManageIconHighlightBitmapLoading----------
trace:  ----------HomePickerState::MakeIconHighlightBitmap----------icon11
trace:  MODE_LOAD_ICON_HIGHLIGHT_BITMAPS 
trace:  ----------HomePickerState::ManageIconHighlightBitmapLoading----------
trace:  ----------HomePickerState::MakeIconHighlightBitmap----------icon12
trace:  MODE_LOAD_ICON_HIGHLIGHT_BITMAPS 
trace:  ----------HomePickerState::ManageIconHighlightBitmapLoading----------
trace:  ----------HomePickerState::MakeIconHighlightBitmap----------icon13
trace:  MODE_LOAD_ICON_HIGHLIGHT_BITMAPS 
trace:  ----------HomePickerState::ManageIconHighlightBitmapLoading----------
trace:  ----------HomePickerState::MakeIconHighlightBitmap----------icon14
trace:  MODE_LOAD_ICON_HIGHLIGHT_BITMAPS 
trace:  ----------HomePickerState::ManageIconHighlightBitmapLoading----------
trace:  MODE_LOAD_ICON_BITMAPS 
trace:  ----------HomePickerState::ManageIconBitmapLoading----------
trace:  ----------HomePickerState::MakeIconBitmap----------icon9
trace:  MODE_LOAD_ICON_BITMAPS 
trace:  ----------HomePickerState::ManageIconBitmapLoading----------
trace:  ----------HomePickerState::MakeIconBitmap----------icon10
trace:  MODE_LOAD_ICON_BITMAPS 
trace:  ----------HomePickerState::ManageIconBitmapLoading----------
trace:  ----------HomePickerState::MakeIconBitmap----------icon11
trace:  MODE_LOAD_ICON_BITMAPS 
trace:  ----------HomePickerState::ManageIconBitmapLoading----------
trace:  ----------HomePickerState::MakeIconBitmap----------icon12
trace:  MODE_LOAD_ICON_BITMAPS 
trace:  ----------HomePickerState::ManageIconBitmapLoading----------
trace:  ----------HomePickerState::MakeIconBitmap----------icon13
trace:  MODE_LOAD_ICON_BITMAPS 
trace:  ----------HomePickerState::ManageIconBitmapLoading----------
trace:  ----------HomePickerState::MakeIconBitmap----------icon14
trace:  MODE_LOAD_ICON_BITMAPS 
trace:  ----------HomePickerState::ManageIconBitmapLoading----------
trace:  MODE_BITMAP_BACKGROUND 
trace:  ----------HomePickerState::ManageBackgroundBitmapping----------
trace:  MODE_INITIALIZE_PET 
trace:  ----------HomePickerState::ManagePetInitialization----------
trace:  MODE_RESUME_PET 
trace:  ----------HomePickerState::ManagePetResume----------
trace:  ----------UIPetLPAD::ResumePet----------
trace:  ----------PetAccelerometerManager::Activate----------
[0x6] AddListener: added listener 0x45863530, total number 5
trace:  ----------UIPetLPAD::EnableButtons----------
trace:  ----------IdlePrompts::PlayPrompt----------
trace:  ----------IdlePrompts::GetNextPromptToPlay----------Home_Idle_Badge
trace:  profile.GetBadges() and _global._uiData._currProfileUIData.BadgeNumber 11 and 11
trace:  ----------IdlePrompts::PlaySubsequentPrompt----------rightAway = true
trace:  ----------IdlePrompts::PlayPrompt----------
trace:  ----------IdlePrompts::GetNextPromptToPlay----------Home_Idle_Connect
trace:  _profile.GetBadges() and _global._uiData._currProfileUIData.BadgeNumber 11 and 11
[0x200] AppManagerPlugin::isBaseAppRelaunch, FALSE
trace:  ----------IdlePrompts::PlaySubsequentPrompt----------rightAway = true
trace:  ----------IdlePrompts::PlayPrompt----------
trace:  ----------IdlePrompts::GetNextPromptToPlay----------Home_Idle_nav
trace:  _mainPicker._numPages = 2
trace:  --------SoundManager::PlaySequence-----
trace:  --------SoundManager::StopSequence-----
trace:  _sequenceSound = [object Object]
trace:  _sequenceIntervalId = undefined
trace:  --------SoundManager::ClearEndOfSeqCallback-----
trace:  loadSound : sound = /LF/Base/LpadAssets_en/Audio/LPAD_BN0041.mp3
trace:  --------SoundManager::HandleLoad-----
trace:  ----------HomePickerState::ProcessMouseDown----------
trace:  ----------BaseIconButton::onPress()---------- icon7
trace:  ----------HomePickerState::ProcessIconOnPress----------
trace:  game_info._title = SpongeBob SquarePants:
The Clam Prix
trace:  ----------HomePickerState::ProcessMouseUp----------
trace:  ----------BaseIconButton::onRelease()---------- icon7
trace:  ----------HomePickerState::ProcessIconOnRelease----------
trace:  ----------HomePickerState::DisableButtons----------
[0x200] SystemPlugin::SetTouchscreenSampleRate( 1 ): false
trace:  ----------HomePickerState::DisableArrows----------
trace:  ----------UIPetLPAD::SuspendPet----------
trace:  ----------PetAccelerometerManager::Deactivate----------
[0x6] RemoveListener: removed listener 0x45863530, total number 4
trace:  ----------HomePickerState::PausePrompts----------
trace:  ----------IdlePrompts::PausePrompts----------
trace:  ----------IdlePrompts::SavePromptData----------
trace:  --------SoundManager::StopSequence-----
trace:  _sequenceSound = [object Object]
trace:  _sequenceIntervalId = undefined
trace:  --------SoundManager::ClearEndOfSeqCallback-----
trace:  -----Callback.PrintDebugInfo-----
trace:       _cbFunc:  [type Function]
trace:       _cbScope: _level0.mcContent.HomePicker_mc.main_mc
trace:       _cbArgs:  [object Object]
trace:  ----------HomePickerState::PlayAppGameInfoSound----------
trace:  ----------HomePickerState::LaunchApp----------
trace:  ----------SoundManager::StopMusic----------
trace:  ------------TabsTransition::TabsTransition---------------
trace:  _bgToShow = undefined
trace:  _bgToHide = undefined
trace:  ----------StateMachine::ReplaceTopState----------- LaunchApp.swf
trace:  _currState._container = _level0.mcContent.HomePicker_mc
trace:  movieclip = _level0.mcContent.LaunchApp_mc
[0x6] RemoveListener: could not find listener 0x45863a1c, total number 4
trace:  ----------StateMachine::_mcListener.onLoadInit( _level0.mcContent.LaunchApp_mc )----------
trace:  ------------TabsTransition::Init---------------
trace:   _incrementUpper : 97.55
trace:   _incrementLower : 52
trace:  ----------HomePickerState::Exit----------
trace:  ----------HomePickerState::ClearIconBitmaps----------
trace:  ----------HomePickerState::ClearUpperTabBitmap----------
[0x6] RemoveListener: removed listener 0x67d18, total number 3
[0x6] RemoveListener: could not find listener 0x67d18, total number 3
trace:  ----------HomePickerState::PausePrompts----------
trace:  ----------IdlePrompts::PausePrompts----------
trace:  ----------IdlePrompts::SavePromptData----------
trace:  --------SoundManager::StopSequence-----
trace:  _sequenceSound = [object Object]
trace:  _sequenceIntervalId = undefined
trace:  --------SoundManager::ClearEndOfSeqCallback-----
trace:  ----------SoundManager::FadeOutMusic----------
trace:  _music.position = 7576
trace:  ----------UIPetLPAD::RemovePet----------
trace:  ----------UIPetLPAD::Dispose----------
trace:  ----------PetAccelerometerManager::Dispose----------
[0x6] RemoveListener: could not find listener 0x45863530, total number 3
trace:  ----------UIPetLPAD::Exit----------
[0x200] SystemPlugin::ResetTouchscreenSampleRate(): false
trace:  ------------TabsTransition::Update-------------- 0
trace:   .... animating prev ... 
trace:  ------------TabsTransition::Update-------------- 0
trace:   .... animating prev ... 
trace:  ------------TabsTransition::Update-------------- 0
trace:   .... animating prev ... 
trace:  ------------TabsTransition::Update-------------- 0
trace:   .... animating prev ... 
trace:   ... done animating previous, now start animating next
trace:  ------------TabsTransition::Update-------------- 12
trace:  ------------TabsTransition::Update-------------- 11
trace:  ------------TabsTransition::Update-------------- 10
trace:  ------------TabsTransition::Update-------------- 9
trace:  ------------TabsTransition::Update-------------- 8
trace:  ------------TabsTransition::Update-------------- 7
trace:  ------------TabsTransition::Update-------------- 6
trace:  ------------TabsTransition::Update-------------- 5
trace:  ------------TabsTransition::Update-------------- 4
trace:  ------------TabsTransition::Update-------------- 3
trace:  ------------TabsTransition::Update-------------- 2
trace:  ------------TabsTransition::Update-------------- 1
trace:  _animRefNext._tabWaitForLoad = undefined
trace:   .... animating next ....upper NaN lower NaN
trace:   ... done animating next, done with transition
trace:  ------------TabsTransition::Update-------------- 6
trace:  ------------TabsTransition::Update-------------- 5
trace:  ------------TabsTransition::Update-------------- 4
trace:  ------------TabsTransition::Update-------------- 3
trace:  ------------TabsTransition::Update-------------- 2
trace:  ------------TabsTransition::Update-------------- 1
[0x200] SystemPlugin::SetDidjLegacyFlag( 0 )
[0x280] ReplaceTopApp: 1 DATA IS  NULL ..... 
[0x280] LoadNewApp path = /LF/Bulk/ProgramFiles/LST3-0x00180025-000000/App.so
[0x280] LoadNewApp: before; /LF/Bulk/ProgramFiles/LST3-0x00180025-000000/App.so; 1706; 1464904
[0x280] LoadNewApp: after ; /LF/Bulk/ProgramFiles/LST3-0x00180025-000000/App.so; 1812; 1442996
[0x280] LoadNewApp: loading ViewFrame /LF/Base//EmeraldTitles/LST3-0x00180025-000000/ViewFrame.json
[0x280] mCurrentTransition = kReplaceTopApp !
[0x280] CAppManager::ExitPopUnloadApp()
trace:  ------------TabsTransition::TabsTransition---------------
trace:  _bgToShow = undefined
trace:  _bgToHide = undefined
trace:  ----------StateMachine::ReplaceTopState----------- HomePicker.swf
trace:  _currState._container = _level0.mcContent.LaunchApp_mc
trace:  movieclip = _level0.mcContent.HomePicker_mc
[0x6] RemoveListener: could not find listener 0x45863a1c, total number 3
[0x6] RemoveListener: could not find listener 0x45863530, total number 3
[0x6] RemoveListener: removed listener 0x44c0c, total number 2
[0x6] RemoveListener: removed listener 0x44bc8, total number 1
[0x5] UnRegisterLayer: 0x44f18: 480x272 (1920) @ 0x8217e800
[0x5] DestroyHandle: 0x44f18: 480x272 (1920) @ 0x8217e800
[0x5] UnRegisterLayer: 0x44f18: 480x272 (1920) @ 0x8217e800
[0x5] DeAllocBuffer: remove offset 0017E800, length 0007F800
[0x5] UnRegisterLayer: 0x44f90: 480x272 (1920) @ 0x455cd008
[0x5] DestroyHandle: 0x44f90: 480x272 (1920) @ 0x455cd008
[0x5] UnRegisterLayer: 0x44f90: 480x272 (1920) @ 0x455cd008
[0x6] RemoveListener: could not find listener 0x44ea8, total number 1
MPCriticalSection::~MPCriticalSection() error 22
[0x6] RemoveListener: could not find listener 0x44c0c, total number 1
[0x6] RemoveListener: could not find listener 0x44bc8, total number 1
[0x280] ExitPopUnloadApp: before; /LF/Base/LPAD/; 1943; 1429892
[0x280] ExitPopUnloadApp: before UnloadModule /LF/Base/LPAD/
[0x280] ExitPopUnloadApp: module unloaded 124232
[0x280] ExitPopUnloadApp: after ; /LF/Base/LPAD/; 1949; 1423596
[0x280] ExitPopUnloadApp: OGL context still active after unloading
[0x280] ExitPopUnloadApp: aborting all Atomic I/O with fabortAllAtomic
[0xf] fabortAllAtomic: aborted 0 files
[0x280] CGameViewFrame::Enter
[0x0] DaemonControl socket connect failed ret=-1
[0x6] AddListener: added listener 0xb9a58, total number 2
current path is /home/bubbles/Documents/Projects/leappad-emu/runtime/sysroot
set current path to /home/bubbles/Documents/Projects/leappad-emu/runtime/sysroot/LF/Bulk/ProgramFiles/LST3-0x00180025-000000
[0x5] CreateHandle: 0x66378: 320x240 (1920) @ 0x82400000
[0x5] RegisterLayer: 0x66378: 320x240 (1920) @ 0x82400000
[0x5] SetWindowPosition: 0x66378: 0,0 .. 320,240
[0x5] SetWindowPosition: 0x66378: 0,0 .. 320,240
[0x5] eglInitialize()
[0x5] eglInitialize(): success = 1, version = 1.4
[0x5] OpenGL ES vendor = Tadpole
[0x5] OpenGL ES version = 1.4 Tadpole
[0x5] OpenGL ES extensions = 
[0x5] eglChooseConfig()
[0x5] eglCreateWindowSurface()
[0x5] eglCreateContext()
[0x5] eglMakeCurrent()
[0x5] eglSwapBuffers()
[0x5] RegisterLayer: 0x66378: 320x240 (1920) @ 0x82400000
[0x5] SetWindowPosition: 0x66378: 0,0 .. 320,240
[0x5] display handle = 0x66378
[0x6] AddListener: added listener 0xb9820, total number 3
[0x6] AddListener: added listener 0xabbc8, total number 4
[GLTextureManager] Load Texture SpongeboyTT1_30.udi, 262144, total is 262144
[GLTextureManager] Load Texture LFCurry_20_00.udi, 65536, total is 327680
[GLTextureManager] Load Texture SpongeboyTT1_18_00.udi, 65536, total is 393216
[GLTextureManager] Load Texture SpongeboyTT1_40_Number_00.udi, 32768, total is 425984
[GLTextureManager] Load Texture LFCurry_25_0.udi, 131072, total is 557056
[GLTextureManager] Load Texture LFCurry_25_hollow.udi, 131072, total is 688128
[GLTextureManager] Load Texture LFCurry_25_006.udi, 131072, total is 819200
[GLTextureManager] Load Texture LFCurry_25_007.udi, 131072, total is 950272
[GLTextureManager] Load Texture SpongeboyTT1_22_00.udi, 131072, total is 1081344
[GLTextureManager] Load Texture LFCurry_15_00.udi, 65536, total is 1146880
[GLTextureManager] Load Texture LFCurry_18_00.udi, 131072, total is 1277952
[GLTextureManager] Load Texture SpongeboyTT1_18_B_3_00.udi, 131072, total is 1409024
[GLTextureManager] Load Texture SpongeboyTT1_22_B_3_00.udi, 131072, total is 1540096
[GLTextureManager] Load Texture LFCurry_20_B_3_00.udi, 131072, total is 1671168
[GLTextureManager] Load Texture LFCurry_20_B_2_1_00.udi, 131072, total is 1802240
[GLTextureManager] Load Texture LFCurry_15_B_1_00.udi, 131072, total is 1933312
[GLTextureManager] Load Texture LFCurry_18_B_1_00.udi, 131072, total is 2064384
[GLTextureManager] Load Texture LFCurry_18_B_2_2_00.udi, 131072, total is 2195456
[GLTextureManager] Load Texture LFCurry_20_B_2_2_00.udi, 131072, total is 2326528
[GLTextureManager] Load Texture LFCurry_15_B_2_00.udi, 131072, total is 2457600
[PlayerProfile] Saved data not available.
[0x281] CJSonFile::Load() failed to open (filehandle was NULL) mRsrcPath = /LF/Bulk/Data/Local/0/./Milestones.json
[GLTextureManager] Load Texture UIAnimation/LoadingAnim/LoadingAnim__page0.udi, 131072, total is 2588672
TitleStart
Create ParticleSystem template DriveDust_LX success!
Create ParticleSystem template speedline success!
Create ParticleSystem template splash success!
Create ParticleSystem template splash_L success!
[GLTextureManager] Load Texture Nickelodeon_Logo.udi, 38432, total is 2627104
[GLTextureManager] Load Texture Logo_words_virtuos_situ.udi, 77312, total is 2704416
[GLTextureManager] Load Texture Title screen.udi, 153600, total is 2858016
[GLTextureManager] Load Texture UITexture/Badges_Popup.udi, 22464, total is 2880480
[GLTextureManager] Release Texture Nickelodeon_Logo.udi, 38432, total is 2842048
[GLTextureManager] Release Texture Logo_words_virtuos_situ.udi, 77312, total is 2764736
[GLTextureManager] Release Texture Title screen.udi, 153600, total is 2611136
[GLTextureManager] Load Texture UITexture/main_menu_bg.udi, 153600, total is 2764736
[GLTextureManager] Load Texture UITexture/ok.udi, 3072, total is 2767808
[GLTextureManager] Load Texture UITexture/main_menu_play_normal.udi, 13120, total is 2780928
[GLTextureManager] Load Texture UITexture/main_menu_play_focus.udi, 13120, total is 2794048
[GLTextureManager] Load Texture UITexture/settings_bb1a.udi, 26208, total is 2820256
[GLTextureManager] Load Texture UITexture/settings_bb2a.udi, 26208, total is 2846464
[GLTextureManager] Load Texture UITexture/main_menu_micromods_normal.udi, 13120, total is 2859584
[GLTextureManager] Load Texture UITexture/main_menu_micromods_focus.udi, 13120, total is 2872704
[GLTextureManager] Load Texture UITexture/main_menu_badges_normal.udi, 13120, total is 2885824
[GLTextureManager] Load Texture UITexture/main_menu_badges_focus.udi, 13120, total is 2898944
[GLTextureManager] Load Texture UITexture/main_menu_option_normal.udi, 13120, total is 2912064
[GLTextureManager] Load Texture UITexture/main_menu_option_focus.udi, 13120, total is 2925184
[GLTextureManager] Load Texture UITexture/main_menu_expansion_pack.udi, 12792, total is 2937976
[GLTextureManager] Load Texture UITexture/main_menu_expansion_pack_02.udi, 12792, total is 2950768
[GLTextureManager] Load Texture UITexture/main_menu_bob_hand.udi, 2304, total is 2953072
[GLTextureManager] Load Texture UITexture/main_menu_bob.udi, 35880, total is 2988952
[GLTextureManager] Load Texture UITexture/main_menu_bob_fist.udi, 1008, total is 2989960
[GLTextureManager] Load Texture UITexture/main_menu_bob_eyelid.udi, 2128, total is 2992088
[GLTextureManager] Load Texture UITexture/main_menu_bob_eye.udi, 2128, total is 2994216
[GLTextureManager] Load Texture UITexture/main_menu_font_Tune_Up_Garage.udi, 14560, total is 3008776
[GLTextureManager] Load Texture UITexture/sm_01.udi, 12992, total is 3021768
[GLTextureManager] Load Texture UIAnimation/BubbleAni/BubbleAni__page0.udi, 65536, total is 3087304
[GLTextureManager] Release Texture UITexture/main_menu_font_Tune_Up_Garage.udi, 14560, total is 3072744
[GLTextureManager] Load Texture UITextureOutOfPage/main_menu/main_menu_font_play.udi, 16120, total is 3088864
[GLTextureManager] Release Texture UITexture/main_menu_expansion_pack.udi, 12792, total is 3076072
[GLTextureManager] Load Texture UITextureOutOfPage/main_menu/main_menu_expansion_pack_03.udi, 12792, total is 3088864
[GLTextureManager] Release Texture UITexture/main_menu_expansion_pack_02.udi, 12792, total is 3076072
[GLTextureManager] Load Texture UITextureOutOfPage/main_menu/main_menu_expansion_pack_04.udi, 12792, total is 3088864
[GLTextureManager] Release Texture UITextureOutOfPage/main_menu/main_menu_font_play.udi, 16120, total is 3072744
[GLTextureManager] Load Texture UITextureOutOfPage/main_menu/main_menu_font_options.udi, 16120, total is 3088864
[GLTextureManager] Load Texture UITexture/records_bg.udi, 77312, total is 3166176
[GLTextureManager] Load Texture UITexture/options_mp.udi, 36000, total is 3202176
[GLTextureManager] Load Texture UITexture/back.udi, 4080, total is 3206256
[GLTextureManager] Load Texture UITexture/controls_bb1.udi, 12792, total is 3219048
[GLTextureManager] Load Texture UITexture/controls_bb2.udi, 12792, total is 3231840
[GLTextureManager] Load Texture UITexture/settings_bb1.udi, 26208, total is 3258048
[GLTextureManager] Load Texture UITexture/settings_bb2.udi, 26208, total is 3284256
[GLTextureManager] Load Texture UITexture/records_bb1.udi, 12792, total is 3297048
[GLTextureManager] Load Texture UITexture/records_bb2.udi, 12792, total is 3309840
[GLTextureManager] Load Texture UITexture/credits_bb1.udi, 12792, total is 3322632
[GLTextureManager] Load Texture UITexture/credits_bb2.udi, 12792, total is 3335424
[GLTextureManager] Load Texture UITexture/controls.udi, 6784, total is 3342208
[GLTextureManager] Release Texture UITexture/controls.udi, 6784, total is 3335424
[GLTextureManager] Load Texture UITextureOutOfPage/options_menu/settings.udi, 6784, total is 3342208
[GLTextureManager] Release Texture UITextureOutOfPage/options_menu/settings.udi, 6784, total is 3335424
[GLTextureManager] Load Texture UITextureOutOfPage/options_menu/credits.udi, 6784, total is 3342208
[GLTextureManager] Load Texture UITexture/credits_01bg.udi, 139200, total is 3481408
[GLTextureManager] Load Texture UITexture/credits_y_01.udi, 32256, total is 3513664
[GLTextureManager] Load Texture UITexture/credits_y_02.udi, 50384, total is 3564048
[GLTextureManager] Load Texture UITexture/credits_y_03.udi, 8928, total is 3572976
[GLTextureManager] Load Texture UITexture/credits_y_04.udi, 36000, total is 3608976
[GLTextureManager] Load Texture UITexture/credits_04bg.udi, 124512, total is 3733488
[GLTextureManager] Load Texture UITexture/credits_hk_01.udi, 3528, total is 3737016
[GLTextureManager] Load Texture UITexture/credits_hk_02.udi, 4408, total is 3741424
[GLTextureManager] Load Texture UITexture/credits_03bg.udi, 51600, total is 3793024
[GLTextureManager] Load Texture UITexture/credits_qg.udi, 130912, total is 3923936
[GLTextureManager] Load Texture UITexture/credits_mb.udi, 18792, total is 3942728
[GLTextureManager] Release Texture UITexture/credits_01bg.udi, 139200, total is 3803528
[GLTextureManager] Release Texture UITexture/credits_y_01.udi, 32256, total is 3771272
[GLTextureManager] Release Texture UITexture/credits_y_02.udi, 50384, total is 3720888
[GLTextureManager] Release Texture UITexture/credits_y_03.udi, 8928, total is 3711960
[GLTextureManager] Release Texture UITexture/credits_y_04.udi, 36000, total is 3675960
[GLTextureManager] Release Texture UITexture/credits_04bg.udi, 124512, total is 3551448
[GLTextureManager] Release Texture UITexture/credits_hk_01.udi, 3528, total is 3547920
[GLTextureManager] Release Texture UITexture/credits_hk_02.udi, 4408, total is 3543512
[GLTextureManager] Release Texture UITexture/credits_03bg.udi, 51600, total is 3491912
[GLTextureManager] Release Texture UITexture/credits_qg.udi, 130912, total is 3361000
[GLTextureManager] Release Texture UITexture/credits_mb.udi, 18792, total is 3342208
[GLTextureManager] Release Texture UITexture/records_bg.udi, 77312, total is 3264896
[GLTextureManager] Release Texture UITexture/options_mp.udi, 36000, total is 3228896
[GLTextureManager] Release Texture UITexture/back.udi, 4080, total is 3224816
[GLTextureManager] Release Texture UITexture/controls_bb1.udi, 12792, total is 3212024
[GLTextureManager] Release Texture UITexture/controls_bb2.udi, 12792, total is 3199232
[GLTextureManager] Release Texture UITexture/settings_bb1.udi, 26208, total is 3173024
[GLTextureManager] Release Texture UITexture/settings_bb2.udi, 26208, total is 3146816
[GLTextureManager] Release Texture UITexture/records_bb1.udi, 12792, total is 3134024
[GLTextureManager] Release Texture UITexture/records_bb2.udi, 12792, total is 3121232
[GLTextureManager] Release Texture UITexture/credits_bb1.udi, 12792, total is 3108440
[GLTextureManager] Release Texture UITexture/credits_bb2.udi, 12792, total is 3095648
[GLTextureManager] Release Texture UITextureOutOfPage/options_menu/credits.udi, 6784, total is 3088864
[GLTextureManager] Release Texture UITextureOutOfPage/main_menu/main_menu_font_options.udi, 16120, total is 3072744
[GLTextureManager] Load Texture UITextureOutOfPage/main_menu/main_menu_font_play.udi, 16120, total is 3088864
[GLTextureManager] Load Texture UITexture/playmodesbg.udi, 77312, total is 3166176
[GLTextureManager] Load Texture UITexture/back.udi, 4080, total is 3170256
[GLTextureManager] Load Texture UITexture/playmodesmb.udi, 39872, total is 3210128
[GLTextureManager] Load Texture UITexture/tournament2.udi, 25584, total is 3235712
[GLTextureManager] Load Texture UITexture/tournament1.udi, 25584, total is 3261296
[GLTextureManager] Load Texture UITexture/tutorials2.udi, 24948, total is 3286244
[GLTextureManager] Load Texture UITexture/tutorials1.udi, 24948, total is 3311192
[GLTextureManager] Load Texture UITexture/quickrace2.udi, 25584, total is 3336776
[GLTextureManager] Load Texture UITexture/quickrace1.udi, 25584, total is 3362360
[GLTextureManager] Load Texture UITexture/play_modes_quickplay.udi, 24480, total is 3386840
[GLTextureManager] Release Texture UITexture/play_modes_quickplay.udi, 24480, total is 3362360
[GLTextureManager] Load Texture UITextureOutOfPage/play_modes_menu/play_modes_driving.udi, 12240, total is 3374600
[GLTextureManager] Release Texture UITextureOutOfPage/play_modes_menu/play_modes_driving.udi, 12240, total is 3362360
[GLTextureManager] Load Texture UITextureOutOfPage/play_modes_menu/play_modes_quickplay.udi, 12240, total is 3374600
	GameStart id: QP
[GLTextureManager] Load Texture UITexture/track_selection_bg.udi, 77312, total is 3451912
[GLTextureManager] Load Texture UITexture/dJb.udi, 1920, total is 3453832
[GLTextureManager] Load Texture UITexture/Under_Water_Heartbreaker.udi, 26012, total is 3479844
[GLTextureManager] Load Texture UITexture/character_tahs.udi, 22032, total is 3501876
[GLTextureManager] Load Texture UITexture/Value5.udi, 6272, total is 3508148
[GLTextureManager] Load Texture UITexture/Value4.udi, 6272, total is 3514420
[GLTextureManager] Load Texture UITexture/Value3.udi, 6272, total is 3520692
[GLTextureManager] Load Texture UITexture/Value2.udi, 6272, total is 3526964
[GLTextureManager] Load Texture UITexture/character_mp.udi, 20648, total is 3547612
[GLTextureManager] Load Texture UITexture/character_direction_01.udi, 2280, total is 3549892
[GLTextureManager] Load Texture UITexture/character_direction_0102.udi, 2280, total is 3552172
[GLTextureManager] Load Texture UITexture/character_direction_02.udi, 2280, total is 3554452
[GLTextureManager] Load Texture UITexture/character_direction_0202.udi, 2280, total is 3556732
[GLTextureManager] Load Texture UITexture/character_lock_02.udi, 11352, total is 3568084
[GLTextureManager] Load Texture UITexture/character_lock_00.udi, 5952, total is 3574036
[GLTextureManager] Load Texture UITexture/character_lock_03.udi, 1152, total is 3575188
[GLTextureManager] Load Texture UITexture/character_lock_200.udi, 1824, total is 3577012
[GLTextureManager] Load Texture UITexture/character_lock_04.udi, 6000, total is 3583012
[GLTextureManager] Load Texture UITexture/character_lock_01.udi, 2720, total is 3585732
[GLTextureManager] Release Texture UITexture/Value5.udi, 6272, total is 3579460
[GLTextureManager] Release Texture UITexture/Value4.udi, 6272, total is 3573188
[GLTextureManager] Release Texture UITexture/Value2.udi, 6272, total is 3566916
[GLTextureManager] Load Texture UITexture/track_selection_mp.udi, 31536, total is 3598452
[GLTextureManager] Load Texture UITexture/Around the Block _1.udi, 40768, total is 3639220
[GLTextureManager] Load Texture UITexture/choose_direction_01.udi, 3128, total is 3642348
[GLTextureManager] Load Texture UITexture/choose_direction_0101.udi, 3128, total is 3645476
[GLTextureManager] Load Texture UITexture/choose_direction_02.udi, 3264, total is 3648740
[GLTextureManager] Load Texture UITexture/choose_direction_0202.udi, 3264, total is 3652004
[GLTextureManager] Load Texture UITexture/shell_lock.udi, 16128, total is 3668132
		GameAreaStart id: 13
[GLTextureManager] Load Texture UITexture/pre_race_preview_best.udi, 7568, total is 3675700
[GLTextureManager] Load Texture UITexture/pre_race_preview_sd1.udi, 45760, total is 3721460
[GLTextureManager] Load Texture UITexture/bubble_squirrel.udi, 1352, total is 3722812
[GLTextureManager] Load Texture UITexture/pre_race_preview_time.udi, 5504, total is 3728316
		GameAreaExit
		GameAreaStart id: 13
[GLTextureManager] Release Texture UITexture/pre_race_preview_best.udi, 7568, total is 3720748
[GLTextureManager] Release Texture UITexture/pre_race_preview_sd1.udi, 45760, total is 3674988
[GLTextureManager] Release Texture UITexture/bubble_squirrel.udi, 1352, total is 3673636
[GLTextureManager] Release Texture UITexture/pre_race_preview_time.udi, 5504, total is 3668132
[GLTextureManager] Release Texture UITexture/track_selection_mp.udi, 31536, total is 3636596
[GLTextureManager] Release Texture UITexture/Around the Block _1.udi, 40768, total is 3595828
[GLTextureManager] Release Texture UITexture/choose_direction_01.udi, 3128, total is 3592700
[GLTextureManager] Release Texture UITexture/choose_direction_0101.udi, 3128, total is 3589572
[GLTextureManager] Release Texture UITexture/choose_direction_02.udi, 3264, total is 3586308
[GLTextureManager] Release Texture UITexture/choose_direction_0202.udi, 3264, total is 3583044
[GLTextureManager] Release Texture UITexture/shell_lock.udi, 16128, total is 3566916
[GLTextureManager] Release Texture UITexture/track_selection_bg.udi, 77312, total is 3489604
[GLTextureManager] Release Texture UITexture/dJb.udi, 1920, total is 3487684
[GLTextureManager] Release Texture UITexture/Under_Water_Heartbreaker.udi, 26012, total is 3461672
[GLTextureManager] Release Texture UITexture/character_tahs.udi, 22032, total is 3439640
[GLTextureManager] Release Texture UITexture/Value3.udi, 6272, total is 3433368
[GLTextureManager] Release Texture UITexture/character_mp.udi, 20648, total is 3412720
[GLTextureManager] Release Texture UITexture/character_direction_01.udi, 2280, total is 3410440
[GLTextureManager] Release Texture UITexture/character_direction_0102.udi, 2280, total is 3408160
[GLTextureManager] Release Texture UITexture/character_direction_02.udi, 2280, total is 3405880
[GLTextureManager] Release Texture UITexture/character_direction_0202.udi, 2280, total is 3403600
[GLTextureManager] Release Texture UITexture/character_lock_02.udi, 11352, total is 3392248
[GLTextureManager] Release Texture UITexture/character_lock_00.udi, 5952, total is 3386296
[GLTextureManager] Release Texture UITexture/character_lock_03.udi, 1152, total is 3385144
[GLTextureManager] Release Texture UITexture/character_lock_200.udi, 1824, total is 3383320
[GLTextureManager] Release Texture UITexture/character_lock_04.udi, 6000, total is 3377320
[GLTextureManager] Release Texture UITexture/character_lock_01.udi, 2720, total is 3374600
[GLTextureManager] Release Texture UITexture/playmodesbg.udi, 77312, total is 3297288
[GLTextureManager] Release Texture UITexture/back.udi, 4080, total is 3293208
[GLTextureManager] Release Texture UITexture/playmodesmb.udi, 39872, total is 3253336
[GLTextureManager] Release Texture UITexture/tournament2.udi, 25584, total is 3227752
[GLTextureManager] Release Texture UITexture/tournament1.udi, 25584, total is 3202168
[GLTextureManager] Release Texture UITexture/tutorials2.udi, 24948, total is 3177220
[GLTextureManager] Release Texture UITexture/tutorials1.udi, 24948, total is 3152272
[GLTextureManager] Release Texture UITexture/quickrace2.udi, 25584, total is 3126688
[GLTextureManager] Release Texture UITexture/quickrace1.udi, 25584, total is 3101104
[GLTextureManager] Release Texture UITextureOutOfPage/play_modes_menu/play_modes_quickplay.udi, 12240, total is 3088864
[GLTextureManager] Release Texture UIAnimation/BubbleAni/BubbleAni__page0.udi, 65536, total is 3023328
[GLTextureManager] Release Texture UITexture/main_menu_bg.udi, 153600, total is 2869728
[GLTextureManager] Release Texture UITexture/ok.udi, 3072, total is 2866656
[GLTextureManager] Release Texture UITexture/main_menu_play_normal.udi, 13120, total is 2853536
[GLTextureManager] Release Texture UITexture/main_menu_play_focus.udi, 13120, total is 2840416
[GLTextureManager] Release Texture UITexture/settings_bb1a.udi, 26208, total is 2814208
[GLTextureManager] Release Texture UITexture/settings_bb2a.udi, 26208, total is 2788000
[GLTextureManager] Release Texture UITexture/main_menu_micromods_normal.udi, 13120, total is 2774880
[GLTextureManager] Release Texture UITexture/main_menu_micromods_focus.udi, 13120, total is 2761760
[GLTextureManager] Release Texture UITexture/main_menu_badges_normal.udi, 13120, total is 2748640
[GLTextureManager] Release Texture UITexture/main_menu_badges_focus.udi, 13120, total is 2735520
[GLTextureManager] Release Texture UITexture/main_menu_option_normal.udi, 13120, total is 2722400
[GLTextureManager] Release Texture UITexture/main_menu_option_focus.udi, 13120, total is 2709280
[GLTextureManager] Release Texture UITextureOutOfPage/main_menu/main_menu_expansion_pack_04.udi, 12792, total is 2696488
[GLTextureManager] Release Texture UITextureOutOfPage/main_menu/main_menu_expansion_pack_03.udi, 12792, total is 2683696
[GLTextureManager] Release Texture UITexture/main_menu_bob_hand.udi, 2304, total is 2681392
[GLTextureManager] Release Texture UITexture/main_menu_bob.udi, 35880, total is 2645512
[GLTextureManager] Release Texture UITexture/main_menu_bob_fist.udi, 1008, total is 2644504
[GLTextureManager] Release Texture UITexture/main_menu_bob_eyelid.udi, 2128, total is 2642376
[GLTextureManager] Release Texture UITexture/main_menu_bob_eye.udi, 2128, total is 2640248
[GLTextureManager] Release Texture UITextureOutOfPage/main_menu/main_menu_font_play.udi, 16120, total is 2624128
[GLTextureManager] Release Texture UITexture/sm_01.udi, 12992, total is 2611136
[0x281] CJSonFile::Load() failed to open (filehandle was NULL) mRsrcPath = /LF/Bulk/Data/Local/0/./Milestones.json
RacingEngine/Race/SR_Scene.cpp(447): Scene::Initialize() start.

RacingEngine/Race/SR_Scene.cpp(477): Scene::Initialize() end.

[GLTextureManager] Load Texture Aroundtheblock.udi, 153600, total is 2764736
[GLTextureManager] Load Texture atb_18.udi, 38432, total is 2803168
[LOADING] Render accepted (0.000000)
RacingEngine/Race/SR_Scene.cpp(107): Scene:load()!

[LOADING] Render accepted (0.500000)
[LOADING] Render accepted (0.250000)
[0x281] CJSonFile::Load() failed to open (filehandle was NULL) mRsrcPath = /LF/Bulk/Data/Local/0/./Milestones.json
[GLTextureManager] Load Texture Textures\SpongebobUI\HUD\WordBuilder.udi, 153600, total is 2956768
[GLTextureManager] Load Texture Textures\SFX\Lightning\Electric0001.udi, 9632, total is 2966400
[GLTextureManager] Load Texture Textures\SFX\Lightning\Electric0002.udi, 9632, total is 2976032
[GLTextureManager] Load Texture Textures\SFX\Lightning\Electric0003.udi, 9632, total is 2985664
[GLTextureManager] Load Texture Textures\SFX\Lightning\Electric0004.udi, 9632, total is 2995296
[GLTextureManager] Load Texture Textures\SFX\Lightning\Electric0008.udi, 9632, total is 3004928
[GLTextureManager] Load Texture Textures\SFX\Lightning\Electric0010.udi, 9632, total is 3014560
[GLTextureManager] Load Texture UIAnimation/ButtonTutorial/ButtonTutorial__page0.udi, 262144, total is 3276704
[LOADING] Render accepted (2.500000)
[GLTextureManager] Load Texture Textures\SpongebobUI\HUD\race.udi, 393216, total is 3669920
[LOADING] Render accepted (0.250000)
[GLTextureManager] Load Texture Textures\SpongebobUI\HUD\powerup.udi, 10620, total is 3680540
[LOADING] Render accepted (0.250000)
[GLTextureManager] Load Texture models\tracks\AroundTheBlock\Textures\sky_01.udi, 262144, total is 3942684
[LOADING] Render accepted (0.750000)
[GLTextureManager] Load Texture models\tracks\AroundTheBlock\Textures\con_gate_02.udi, 33280, total is 3975964
[LOADING] Render accepted (0.250000)
[GLTextureManager] Load Texture models\tracks\AroundTheBlock\Textures\con_gate_01.udi, 131072, total is 4107036
[LOADING] Render accepted (0.250000)
[GLTextureManager] Load Texture models\tracks\AroundTheBlock\Textures\con_house_05.udi, 66048, total is 4173084
[LOADING] Render accepted (0.250000)
[GLTextureManager] Load Texture models\tracks\AroundTheBlock\Textures\con_lighthouse.udi, 66048, total is 4239132
[LOADING] Render accepted (0.250000)
[GLTextureManager] Load Texture models\tracks\AroundTheBlock\Textures\con_poster.udi, 524288, total is 4763420
[GLTextureManager] Load Texture models\tracks\AroundTheBlock\Textures\con_house_02.udi, 66048, total is 4829468
[GLTextureManager] Load Texture models\tracks\AroundTheBlock\Textures\con_patrickstar.udi, 33280, total is 4862748
[GLTextureManager] Load Texture models\tracks\AroundTheBlock\Textures\con_squidward.udi, 66048, total is 4928796
[GLTextureManager] Load Texture models\tracks\AroundTheBlock\Textures\con_spongebob.udi, 66048, total is 4994844
[GLTextureManager] Load Texture models\tracks\AroundTheBlock\Textures\con_house_07.udi, 66048, total is 5060892
[GLTextureManager] Load Texture models\tracks\AroundTheBlock\Textures\con_shop.udi, 66048, total is 5126940
[GLTextureManager] Load Texture models\tracks\AroundTheBlock\Textures\trn_slow.udi, 4096, total is 5131036
[LOADING] Render accepted (0.250000)
[GLTextureManager] Load Texture models\tracks\AroundTheBlock\Textures\con_house_06.udi, 16896, total is 5147932
[GLTextureManager] Load Texture models\tracks\AroundTheBlock\Textures\trn_path.udi, 131072, total is 5279004
[LOADING] Render accepted (0.250000)
[GLTextureManager] Load Texture models\tracks\AroundTheBlock\Textures\con_interspace_02.udi, 33280, total is 5312284
[GLTextureManager] Load Texture models\tracks\AroundTheBlock\Textures\trn_grass.udi, 131072, total is 5443356
[GLTextureManager] Load Texture models\tracks\AroundTheBlock\Textures\con_foliage.udi, 131072, total is 5574428
[GLTextureManager] Load Texture models\tracks\AroundTheBlock\Textures\prp_kart.udi, 131072, total is 5705500
[GLTextureManager] Load Texture models\tracks\AroundTheBlock\Textures\brr_net.udi, 131072, total is 5836572
[GLTextureManager] Load Texture models\tracks\AroundTheBlock\Textures\track_01.udi, 131072, total is 5967644
[GLTextureManager] Load Texture models\tracks\AroundTheBlock\Textures\trn_sand.udi, 131072, total is 6098716
[GLTextureManager] Load Texture models\tracks\AroundTheBlock\Textures\trn_grass_01.udi, 65536, total is 6164252
[GLTextureManager] Load Texture models\tracks\AroundTheBlock\Textures\con_grasshouse.udi, 66048, total is 6230300
[GLTextureManager] Load Texture models\tracks\AroundTheBlock\Textures\con_house_03.udi, 66048, total is 6296348
[GLTextureManager] Load Texture models\tracks\AroundTheBlock\Textures\con_house_01.udi, 66048, total is 6362396
[GLTextureManager] Load Texture models\tracks\AroundTheBlock\Textures\prp_flake.udi, 131072, total is 6493468
[GLTextureManager] Load Texture models\tracks\AroundTheBlock\Textures\prp_guide_04.udi, 65536, total is 6559004
[LOADING] Render accepted (0.250000)
[GLTextureManager] Load Texture models\tracks\AroundTheBlock\Textures\con_interspace_01.udi, 131072, total is 6690076
[GLTextureManager] Load Texture models\tracks\AroundTheBlock\Textures\con_roadblock.udi, 16896, total is 6706972
[GLTextureManager] Load Texture models\tracks\AroundTheBlock\Textures\trn_alley_01.udi, 131072, total is 6838044
[GLTextureManager] Load Texture models\tracks\AroundTheBlock\Textures\trn_alley_02.udi, 131072, total is 6969116
[GLTextureManager] Load Texture models\tracks\AroundTheBlock\Textures\prp_start_01.udi, 66048, total is 7035164
[GLTextureManager] Load Texture models\tracks\AroundTheBlock\Textures\plt_benthos.udi, 262144, total is 7297308
[GLTextureManager] Load Texture models\tracks\AroundTheBlock\Textures\sky.udi, 262144, total is 7559452
[GLTextureManager] Load Texture models\tracks\AroundTheBlock\textures\con_bottle.udi, 65536, total is 7624988
RacingEngine/Common/SR_Resources.cpp(515): Warning: getResource(skybox) does not exist

RacingEngine/GamePlay/PMR_Race.cpp(172): Race::loadCars--begin!

[GLTextureManager] Load Texture Models\DriverAnimations\SpongeBob\Texture\SpongeBob_hi.udi, 131072, total is 7756060
[GLTextureManager] Load Texture models\cars\PlayerCars\SpongeBobCar\Textures\SpongeBob_kart_hi.udi, 66048, total is 7822108
[GLTextureManager] Load Texture models\TrackObject\Hook\Textures\hook.tga, 65536, total is 7887644
[GLTextureManager] Load Texture Textures\SFX\BubbleShield\BBS_0000.udi, 32768, total is 7920412
[GLTextureManager] Load Texture Textures\SFX\BubbleShield\BBS_0001.udi, 32768, total is 7953180
[GLTextureManager] Load Texture Textures\SFX\BubbleShield\BBS_0002.udi, 32768, total is 7985948
[GLTextureManager] Load Texture Textures\SFX\BubbleShield\BBS_0003.udi, 32768, total is 8018716
[GLTextureManager] Load Texture Textures\SFX\BubbleShield\BBS_0004.udi, 32768, total is 8051484
[GLTextureManager] Load Texture Textures\SFX\BubbleShield\BBS_0005.udi, 32768, total is 8084252
[GLTextureManager] Load Texture Textures\SFX\BubbleShield\BBS_0006.udi, 32768, total is 8117020
[GLTextureManager] Load Texture Textures\SFX\BubbleShield\BBS_0007.udi, 32768, total is 8149788
[GLTextureManager] Load Texture Textures\SFX\BubbleShield\BBS_0008.udi, 32768, total is 8182556
[GLTextureManager] Load Texture Textures\SFX\BubbleShield\BBS_0009.udi, 32768, total is 8215324
[GLTextureManager] Load Texture Textures\SFX\BubbleShield\BBS_0010.udi, 32768, total is 8248092
[GLTextureManager] Load Texture Textures\SFX\BubbleShield\BBS_0011.udi, 32768, total is 8280860
[GLTextureManager] Load Texture Textures\SFX\BubbleShield\BBS_0012.udi, 32768, total is 8313628
[GLTextureManager] Load Texture Textures\SFX\BubbleShield\BBS_0013.udi, 32768, total is 8346396
[GLTextureManager] Load Texture Textures\SFX\BubbleShield\BBS_0014.udi, 32768, total is 8379164
[GLTextureManager] Load Texture Textures\SFX\LightningHit\hitted0001.udi, 32768, total is 8411932
[GLTextureManager] Load Texture Textures\SFX\LightningHit\hitted0002.udi, 32768, total is 8444700
[GLTextureManager] Load Texture Textures\SFX\LightningHit\hitted0003.udi, 32768, total is 8477468
[GLTextureManager] Load Texture Textures\SFX\LightningHit\hitted0004.udi, 32768, total is 8510236
[GLTextureManager] Load Texture Textures\SFX\LightningHit\hitted0005.udi, 32768, total is 8543004
[GLTextureManager] Load Texture Textures\SFX\LightningHit\hitted0006.udi, 32768, total is 8575772
[GLTextureManager] Load Texture Textures\SFX\LightningHit\hitted0007.udi, 32768, total is 8608540
[GLTextureManager] Load Texture Textures\SFX\LightningHit\hitted0008.udi, 32768, total is 8641308
[GLTextureManager] Load Texture Models\WeaponAnimation\AnchorDrag\Textures\con_bus.udi, 131072, total is 8772380
[GLTextureManager] Load Texture Textures\Particle\speedline.udi, 512, total is 8772892
Catchup Boost = 10
[GLTextureManager] Load Texture Models\DriverAnimations\Plankton\Texture\mk_plankton_char_mod_player_0.tga, 262144, total is 9035036
[GLTextureManager] Load Texture Models\DriverAnimations\Plankton\Texture\plankton_Recipe.tga, 16384, total is 9051420
[GLTextureManager] Load Texture models\cars\AICars\Plankton\Textures\Plankton_hi.udi, 66048, total is 9117468
[GLTextureManager] Load Texture models\cars\AICars\Plankton\Textures\Plankton_kart_hi.udi, 66048, total is 9183516
Catchup Boost = 8
[GLTextureManager] Load Texture Models\DriverAnimations\Gary\Texture\mk_gary_char_mod_player_0.tga, 262144, total is 9445660
[GLTextureManager] Load Texture Models\DriverAnimations\Gary\Texture\Note.tga, 8192, total is 9453852
[GLTextureManager] Load Texture models\cars\AICars\Gary\Textures\Gary_hi.udi, 66048, total is 9519900
[GLTextureManager] Load Texture models\cars\AICars\Gary\Textures\Gary_kart_hi.udi, 66048, total is 9585948
Catchup Boost = 10
[GLTextureManager] Load Texture Models\DriverAnimations\Patrick\Texture\mk_patrick_char_mod_player_0.tga, 262144, total is 9848092
[GLTextureManager] Load Texture Models\DriverAnimations\Patrick\Texture\Can.tga, 16384, total is 9864476
[GLTextureManager] Load Texture models\cars\AICars\Patrick\Textures\Patrick_hi.udi, 66048, total is 9930524
[GLTextureManager] Load Texture models\cars\AICars\Patrick\Textures\Patrick_kart_hi.udi, 66048, total is 9996572
Catchup Boost = 8
[GLTextureManager] Load Texture Models\DriverAnimations\Sandy\Texture\mk_sandy_char_mod_player_0.tga, 262144, total is 10258716
[GLTextureManager] Load Texture models\cars\AICars\Sandy\Textures\Sandy_hi.udi, 131072, total is 10389788
[GLTextureManager] Load Texture models\cars\AICars\Sandy\Textures\Sandy_kart_hi.udi, 66048, total is 10455836
Catchup Boost = 10
[GLTextureManager] Load Texture Models\DriverAnimations\Squidward\Texture\Squidward_hi.udi, 66048, total is 10521884
[GLTextureManager] Load Texture Models\DriverAnimations\Squidward\Texture\flute.tga, 32768, total is 10554652
[GLTextureManager] Load Texture models\cars\AICars\Squidward\Textures\Squidward_kart_hi.udi, 66048, total is 10620700
Catchup Boost = 10
RacingEngine/GamePlay/PMR_Race.cpp(283): Race::loadCars()--end!

[GLTextureManager] Load Texture Models\WeaponAnimation\LifeRing\Textures\lifering.tga, 65536, total is 10686236
[GLTextureManager] Load Texture Models\WeaponAnimation\OilSlick\Textures\oilslick.udi, 8192, total is 10694428
[GLTextureManager] Load Texture Textures\SFX\Spatula\trident.udi, 4096, total is 10698524
[GLTextureManager] Load Texture Textures\SFX\Spatula\progress.udi, 1056, total is 10699580
[GLTextureManager] Load Texture Textures\SFX\Spatula\sfx0001.udi, 4096, total is 10703676
[GLTextureManager] Load Texture Textures\SFX\Spatula\sfx0002.udi, 4096, total is 10707772
[LOADING] Render accepted (4.000000)
[LOADING] Render accepted (0.250000)
[LOADING] Render accepted (0.250000)
[GLTextureManager] Load Texture models\pickup\textures\ic_powerupvfx0000.udi, 8704, total is 10716476
[GLTextureManager] Load Texture models\pickup\textures\ic_powerupvfx0001.udi, 8704, total is 10725180
[GLTextureManager] Load Texture models\pickup\textures\ic_powerupvfx0002.udi, 8704, total is 10733884
[GLTextureManager] Load Texture models\pickup\textures\ic_powerupvfx0003.udi, 8704, total is 10742588
[GLTextureManager] Load Texture models\pickup\textures\ic_powerupvfx0004.udi, 8704, total is 10751292
[GLTextureManager] Load Texture models\pickup\textures\ic_powerupvfx0005.udi, 8704, total is 10759996
[GLTextureManager] Load Texture models\pickup\textures\ic_powerupvfx0006.udi, 8704, total is 10768700
[GLTextureManager] Load Texture models\pickup\textures\ic_coin.5tx, 4096, total is 10772796
[GLTextureManager] Load Texture models\pickup\textures\CoinvfxII_0001.udi, 8224, total is 10781020
[GLTextureManager] Load Texture models\pickup\textures\CoinvfxII_0002.udi, 8224, total is 10789244
[GLTextureManager] Load Texture models\pickup\textures\CoinvfxII_0003.udi, 8224, total is 10797468
[GLTextureManager] Load Texture models\pickup\textures\CoinvfxII_0004.udi, 8224, total is 10805692
[GLTextureManager] Load Texture models\pickup\textures\CoinvfxII_0005.udi, 8224, total is 10813916
[GLTextureManager] Load Texture models\pickup\textures\Coinchest_0000.udi, 8224, total is 10822140
[GLTextureManager] Load Texture models\pickup\textures\Coinchest_0001.udi, 8224, total is 10830364
[GLTextureManager] Load Texture models\pickup\textures\Coinchest_0002.udi, 8224, total is 10838588
[GLTextureManager] Load Texture models\pickup\textures\Coinchest_0003.udi, 8224, total is 10846812
RacingEngine/Common/SR_Resources.cpp(312): Warning: getInt32 with name groupid does not exist

[LOADING] Render accepted (0.500000)
RacingEngine/Common/SR_Resources.cpp(312): Warning: getInt32 with name groupid does not exist

RacingEngine/Common/SR_Resources.cpp(312): Warning: getInt32 with name groupid does not exist

RacingEngine/Common/SR_Resources.cpp(312): Warning: getInt32 with name groupid does not exist

RacingEngine/Common/SR_Resources.cpp(312): Warning: getInt32 with name groupid does not exist

RacingEngine/Common/SR_Resources.cpp(312): Warning: getInt32 with name groupid does not exist

RacingEngine/Common/SR_Resources.cpp(312): Warning: getInt32 with name groupid does not exist

RacingEngine/Common/SR_Resources.cpp(312): Warning: getInt32 with name groupid does not exist

RacingEngine/Common/SR_Resources.cpp(312): Warning: getInt32 with name groupid does not exist

RacingEngine/Common/SR_Resources.cpp(312): Warning: getInt32 with name groupid does not exist

RacingEngine/Common/SR_Resources.cpp(312): Warning: getInt32 with name groupid does not exist

RacingEngine/Common/SR_Resources.cpp(312): Warning: getInt32 with name groupid does not exist

RacingEngine/Common/SR_Resources.cpp(312): Warning: getInt32 with name groupid does not exist

RacingEngine/Common/SR_Resources.cpp(312): Warning: getInt32 with name groupid does not exist

RacingEngine/Common/SR_Resources.cpp(312): Warning: getInt32 with name groupid does not exist

RacingEngine/Common/SR_Resources.cpp(312): Warning: getInt32 with name groupid does not exist

[GLTextureManager] Load Texture models\scalingfx\boostarea\Textures\BoostArea.5tx, 16384, total is 10863196
[GLTextureManager] Load Texture textures\gadget\ic_letterbubble_lower.udi, 65536, total is 10928732
[GLTextureManager] Load Texture textures\gadget\ic_letterbubble.udi, 65536, total is 10994268
[GLTextureManager] Load Texture textures\gadget\ic_letterbubble_double.udi, 33280, total is 11027548
[GLTextureManager] Load Texture textures\gadget\pop0001.udi, 4608, total is 11032156
[GLTextureManager] Load Texture textures\gadget\pop0002.udi, 8192, total is 11040348
[GLTextureManager] Release Texture Aroundtheblock.udi, 153600, total is 10886748
[GLTextureManager] Release Texture atb_18.udi, 38432, total is 10848316
[GLTextureManager] Load Texture Textures\Particle\dustLX.udi, 2048, total is 10850364
[GLTextureManager] Load Texture Textures\Particle\splash.udi, 2048, total is 10852412
[0x280] pushing paused state
[0x280] mCurrentTransition = kPushApp !
[0x280] CGameViewFrame::Suspend
resume path to /home/bubbles/Documents/Projects/leappad-emu/runtime/sysroot 
[0x281] CSystemData::FindAudio( h_SX_PauseSfx_6.wav )
[0x280] popping paused state
[0x280] mCurrentTransition = kPopApp !
[0x280] CAppManager::ExitPopUnloadApp()
[0x281] CSystemData::FindAudio( h_SX_PauseSfx_6.wav )
[0x280] CGameViewFrame::Resume
current path is /home/bubbles/Documents/Projects/leappad-emu/runtime/sysroot
set current path to /home/bubbles/Documents/Projects/leappad-emu/runtime/sysroot/LF/Bulk/ProgramFiles/LST3-0x00180025-000000
[0x280] pushing paused state
[0x280] mCurrentTransition = kPushApp !
[0x280] CGameViewFrame::Suspend
resume path to /home/bubbles/Documents/Projects/leappad-emu/runtime/sysroot 
[0x281] CSystemData::FindAudio( h_SX_PauseSfx_6.wav )
[0x280] popping paused state
[0x280] mCurrentTransition = kPopApp !
[0x280] CAppManager::ExitPopUnloadApp()
[0x281] CSystemData::FindAudio( h_SX_PauseSfx_6.wav )
[0x280] CGameViewFrame::Resume
current path is /home/bubbles/Documents/Projects/leappad-emu/runtime/sysroot
set current path to /home/bubbles/Documents/Projects/leappad-emu/runtime/sysroot/LF/Bulk/ProgramFiles/LST3-0x00180025-000000
[GLTextureManager] Load Texture UITexture/staging_light_launch_time2.udi, 44384, total is 10896796
[GLTextureManager] Load Texture UITexture/staging_light_launch_color5.udi, 3136, total is 10899932
[GLTextureManager] Load Texture UITexture/staging_light_launch_color2.udi, 5776, total is 10905708
[GLTextureManager] Load Texture UITexture/time_board_02.udi, 18032, total is 10923740
[GLTextureManager] Load Texture UITexture/time_board_cursor.udi, 2592, total is 10926332
[GLTextureManager] Load Texture UITexture/time_board_06.udi, 784, total is 10927116
[GLTextureManager] Load Texture UITexture/time_board.udi, 14592, total is 10941708
[GLTextureManager] Load Texture UITexture/staging_3.udi, 131072, total is 11072780
[GLTextureManager] Load Texture UITexture/staging_2.udi, 131072, total is 11203852
[GLTextureManager] Load Texture UITexture/staging_1.udi, 65536, total is 11269388
[GLTextureManager] Load Texture UITexture/staging_go.udi, 262144, total is 11531532
[GLTextureManager] Load Texture UITextureOutOfPage/staging_light/forbid.udi, 2888, total is 11534420
[GLTextureManager] Load Texture UITextureOutOfPage/staging_light/staging_light_launch_color1.udi, 2888, total is 11537308
[GLTextureManager] Load Texture UITextureOutOfPage/staging_light/staging_light_launch_06.udi, 9200, total is 11546508
			ActivityStart activity: SLL mode:  level: 1.1
[0x280] pushing paused state
[0x280] mCurrentTransition = kPushApp !
[0x280] CGameViewFrame::Suspend
resume path to /home/bubbles/Documents/Projects/leappad-emu/runtime/sysroot 
[0x281] CSystemData::FindAudio( h_SX_PauseSfx_6.wav )
[0x280] popping paused state
[0x280] mCurrentTransition = kPopApp !
[0x280] CAppManager::ExitPopUnloadApp()
[0x281] CSystemData::FindAudio( h_SX_PauseSfx_6.wav )
[0x280] CGameViewFrame::Resume
current path is /home/bubbles/Documents/Projects/leappad-emu/runtime/sysroot
set current path to /home/bubbles/Documents/Projects/leappad-emu/runtime/sysroot/LF/Bulk/ProgramFiles/LST3-0x00180025-000000
[0x280] pushing paused state
[0x280] mCurrentTransition = kPushApp !
[0x280] CGameViewFrame::Suspend
resume path to /home/bubbles/Documents/Projects/leappad-emu/runtime/sysroot 
[0x281] CSystemData::FindAudio( h_SX_PauseSfx_6.wav )
[0x280] popping paused state
[0x280] mCurrentTransition = kPopApp !
[0x280] CAppManager::ExitPopUnloadApp()
[0x281] CSystemData::FindAudio( h_SX_PauseSfx_6.wav )
[0x280] CGameViewFrame::Resume
current path is /home/bubbles/Documents/Projects/leappad-emu/runtime/sysroot
set current path to /home/bubbles/Documents/Projects/leappad-emu/runtime/sysroot/LF/Bulk/ProgramFiles/LST3-0x00180025-000000
[0x280] pushing paused state
[0x280] mCurrentTransition = kPushApp !
[0x280] CGameViewFrame::Suspend
resume path to /home/bubbles/Documents/Projects/leappad-emu/runtime/sysroot 
[0x281] CSystemData::FindAudio( h_SX_PauseSfx_6.wav )
[0x280] Screen brightness set for low power in paused state! 
[0x0] DaemonControl socket connect failed ret=-1
[0x0] DaemonControl socket connect failed ret=-1
[0x280] System shutting down due to inactivity after 240000 [ms] in paused state ! 
[0x8] CreateTimer tTimerHndl=0xfe7f30 callback=0x4440abec SIGRT34
[0x280] mCurrentTransition = kReplaceAllWithApp !
[0x280] CAppManager::ExitPopUnloadApp()
[0x281] CSystemData::FindAudio( h_SX_PauseSfx_6.wav )
[0x280] CGameViewFrame::Resume
current path is /home/bubbles/Documents/Projects/leappad-emu/runtime/sysroot
set current path to /home/bubbles/Documents/Projects/leappad-emu/runtime/sysroot/LF/Bulk/ProgramFiles/LST3-0x00180025-000000
[0x280] CAppManager::ExitPopUnloadApp()
[0x280] CGameViewFrame::Exit
[GLTextureManager] Release Texture UITextureOutOfPage/staging_light/forbid.udi, 2888, total is 11543620
[GLTextureManager] Release Texture UITextureOutOfPage/staging_light/staging_light_launch_color1.udi, 2888, total is 11540732
[GLTextureManager] Release Texture UITexture/staging_light_launch_time2.udi, 44384, total is 11496348
[GLTextureManager] Release Texture UITexture/staging_light_launch_color5.udi, 3136, total is 11493212
[GLTextureManager] Release Texture UITexture/staging_light_launch_color2.udi, 5776, total is 11487436
[GLTextureManager] Release Texture UITexture/time_board_02.udi, 18032, total is 11469404
[GLTextureManager] Release Texture UITexture/time_board_cursor.udi, 2592, total is 11466812
[GLTextureManager] Release Texture UITexture/time_board_06.udi, 784, total is 11466028
[GLTextureManager] Release Texture UITexture/time_board.udi, 14592, total is 11451436
[GLTextureManager] Release Texture UITexture/staging_3.udi, 131072, total is 11320364
[GLTextureManager] Release Texture UITexture/staging_2.udi, 131072, total is 11189292
[GLTextureManager] Release Texture UITexture/staging_1.udi, 65536, total is 11123756
[GLTextureManager] Release Texture UITexture/staging_go.udi, 262144, total is 10861612
			ActivityExit score: 0 reason: 5
RacingEngine/Race/SR_Scene.cpp(483): Scene::Destroy() start.

[GLTextureManager] Release Texture UIAnimation/ButtonTutorial/ButtonTutorial__page0.udi, 262144, total is 10599468
[GLTextureManager] Release Texture models\pickup\textures\ic_powerupvfx0000.udi, 8704, total is 10590764
[GLTextureManager] Release Texture models\pickup\textures\ic_powerupvfx0001.udi, 8704, total is 10582060
[GLTextureManager] Release Texture models\pickup\textures\ic_powerupvfx0002.udi, 8704, total is 10573356
[GLTextureManager] Release Texture models\pickup\textures\ic_powerupvfx0003.udi, 8704, total is 10564652
[GLTextureManager] Release Texture models\pickup\textures\ic_powerupvfx0004.udi, 8704, total is 10555948
[GLTextureManager] Release Texture models\pickup\textures\ic_powerupvfx0005.udi, 8704, total is 10547244
[GLTextureManager] Release Texture models\pickup\textures\ic_powerupvfx0006.udi, 8704, total is 10538540
[GLTextureManager] Release Texture textures\gadget\ic_letterbubble_lower.udi, 65536, total is 10473004
[GLTextureManager] Release Texture textures\gadget\ic_letterbubble.udi, 65536, total is 10407468
[GLTextureManager] Release Texture textures\gadget\ic_letterbubble_double.udi, 33280, total is 10374188
[GLTextureManager] Release Texture textures\gadget\pop0001.udi, 4608, total is 10369580
[GLTextureManager] Release Texture textures\gadget\pop0002.udi, 8192, total is 10361388
[GLTextureManager] Release Texture Textures\SpongebobUI\HUD\WordBuilder.udi, 153600, total is 10207788
[GLTextureManager] Release Texture Textures\SFX\Lightning\Electric0001.udi, 9632, total is 10198156
[GLTextureManager] Release Texture Textures\SFX\Lightning\Electric0002.udi, 9632, total is 10188524
[GLTextureManager] Release Texture Textures\SFX\Lightning\Electric0003.udi, 9632, total is 10178892
[GLTextureManager] Release Texture Textures\SFX\Lightning\Electric0004.udi, 9632, total is 10169260
[GLTextureManager] Release Texture Textures\SFX\Lightning\Electric0008.udi, 9632, total is 10159628
[GLTextureManager] Release Texture Textures\SFX\Lightning\Electric0010.udi, 9632, total is 10149996
[GLTextureManager] Release Texture Textures\SpongebobUI\HUD\race.udi, 393216, total is 9756780
[GLTextureManager] Release Texture Textures\SpongebobUI\HUD\powerup.udi, 10620, total is 9746160
[GLTextureManager] Release Texture models\tracks\AroundTheBlock\Textures\sky_01.udi, 262144, total is 9484016
[GLTextureManager] Release Texture models\tracks\AroundTheBlock\Textures\con_gate_02.udi, 33280, total is 9450736
[GLTextureManager] Release Texture models\tracks\AroundTheBlock\Textures\con_gate_01.udi, 131072, total is 9319664
[GLTextureManager] Release Texture models\tracks\AroundTheBlock\Textures\con_house_05.udi, 66048, total is 9253616
[GLTextureManager] Release Texture models\tracks\AroundTheBlock\Textures\con_lighthouse.udi, 66048, total is 9187568
[GLTextureManager] Release Texture models\tracks\AroundTheBlock\Textures\con_poster.udi, 524288, total is 8663280
[GLTextureManager] Release Texture models\tracks\AroundTheBlock\Textures\con_house_02.udi, 66048, total is 8597232
[GLTextureManager] Release Texture models\tracks\AroundTheBlock\Textures\con_patrickstar.udi, 33280, total is 8563952
[GLTextureManager] Release Texture models\tracks\AroundTheBlock\Textures\con_squidward.udi, 66048, total is 8497904
[GLTextureManager] Release Texture models\tracks\AroundTheBlock\Textures\con_spongebob.udi, 66048, total is 8431856
[GLTextureManager] Release Texture models\tracks\AroundTheBlock\Textures\con_house_07.udi, 66048, total is 8365808
[GLTextureManager] Release Texture models\tracks\AroundTheBlock\Textures\con_shop.udi, 66048, total is 8299760
[GLTextureManager] Release Texture models\tracks\AroundTheBlock\Textures\trn_slow.udi, 4096, total is 8295664
[GLTextureManager] Release Texture models\tracks\AroundTheBlock\Textures\con_house_06.udi, 16896, total is 8278768
[GLTextureManager] Release Texture models\tracks\AroundTheBlock\Textures\trn_path.udi, 131072, total is 8147696
[GLTextureManager] Release Texture models\tracks\AroundTheBlock\Textures\con_interspace_02.udi, 33280, total is 8114416
[GLTextureManager] Release Texture models\tracks\AroundTheBlock\Textures\trn_grass.udi, 131072, total is 7983344
[GLTextureManager] Release Texture models\tracks\AroundTheBlock\Textures\con_foliage.udi, 131072, total is 7852272
[GLTextureManager] Release Texture models\tracks\AroundTheBlock\Textures\prp_kart.udi, 131072, total is 7721200
[GLTextureManager] Release Texture models\tracks\AroundTheBlock\Textures\brr_net.udi, 131072, total is 7590128
[GLTextureManager] Release Texture models\tracks\AroundTheBlock\Textures\track_01.udi, 131072, total is 7459056
[GLTextureManager] Release Texture models\tracks\AroundTheBlock\Textures\trn_sand.udi, 131072, total is 7327984
[GLTextureManager] Release Texture models\tracks\AroundTheBlock\Textures\trn_grass_01.udi, 65536, total is 7262448
[GLTextureManager] Release Texture models\tracks\AroundTheBlock\Textures\con_grasshouse.udi, 66048, total is 7196400
[GLTextureManager] Release Texture models\tracks\AroundTheBlock\Textures\con_house_03.udi, 66048, total is 7130352
[GLTextureManager] Release Texture models\tracks\AroundTheBlock\Textures\con_house_01.udi, 66048, total is 7064304
[GLTextureManager] Release Texture models\tracks\AroundTheBlock\Textures\prp_flake.udi, 131072, total is 6933232
[GLTextureManager] Release Texture models\tracks\AroundTheBlock\Textures\prp_guide_04.udi, 65536, total is 6867696
[GLTextureManager] Release Texture models\tracks\AroundTheBlock\Textures\con_interspace_01.udi, 131072, total is 6736624
[GLTextureManager] Release Texture models\tracks\AroundTheBlock\Textures\con_roadblock.udi, 16896, total is 6719728
[GLTextureManager] Release Texture models\tracks\AroundTheBlock\Textures\trn_alley_01.udi, 131072, total is 6588656
[GLTextureManager] Release Texture models\tracks\AroundTheBlock\Textures\trn_alley_02.udi, 131072, total is 6457584
[GLTextureManager] Release Texture models\tracks\AroundTheBlock\Textures\prp_start_01.udi, 66048, total is 6391536
[GLTextureManager] Release Texture models\tracks\AroundTheBlock\Textures\plt_benthos.udi, 262144, total is 6129392
[GLTextureManager] Release Texture models\tracks\AroundTheBlock\Textures\sky.udi, 262144, total is 5867248
[GLTextureManager] Release Texture models\tracks\AroundTheBlock\textures\con_bottle.udi, 65536, total is 5801712
[GLTextureManager] Release Texture Models\DriverAnimations\SpongeBob\Texture\SpongeBob_hi.udi, 131072, total is 5670640
[GLTextureManager] Release Texture models\cars\PlayerCars\SpongeBobCar\Textures\SpongeBob_kart_hi.udi, 66048, total is 5604592
[GLTextureManager] Release Texture models\TrackObject\Hook\Textures\hook.tga, 65536, total is 5539056
[GLTextureManager] Release Texture Textures\SFX\BubbleShield\BBS_0000.udi, 32768, total is 5506288
[GLTextureManager] Release Texture Textures\SFX\BubbleShield\BBS_0001.udi, 32768, total is 5473520
[GLTextureManager] Release Texture Textures\SFX\BubbleShield\BBS_0002.udi, 32768, total is 5440752
[GLTextureManager] Release Texture Textures\SFX\BubbleShield\BBS_0003.udi, 32768, total is 5407984
[GLTextureManager] Release Texture Textures\SFX\BubbleShield\BBS_0004.udi, 32768, total is 5375216
[GLTextureManager] Release Texture Textures\SFX\BubbleShield\BBS_0005.udi, 32768, total is 5342448
[GLTextureManager] Release Texture Textures\SFX\BubbleShield\BBS_0006.udi, 32768, total is 5309680
[GLTextureManager] Release Texture Textures\SFX\BubbleShield\BBS_0007.udi, 32768, total is 5276912
[GLTextureManager] Release Texture Textures\SFX\BubbleShield\BBS_0008.udi, 32768, total is 5244144
[GLTextureManager] Release Texture Textures\SFX\BubbleShield\BBS_0009.udi, 32768, total is 5211376
[GLTextureManager] Release Texture Textures\SFX\BubbleShield\BBS_0010.udi, 32768, total is 5178608
[GLTextureManager] Release Texture Textures\SFX\BubbleShield\BBS_0011.udi, 32768, total is 5145840
[GLTextureManager] Release Texture Textures\SFX\BubbleShield\BBS_0012.udi, 32768, total is 5113072
[GLTextureManager] Release Texture Textures\SFX\BubbleShield\BBS_0013.udi, 32768, total is 5080304
[GLTextureManager] Release Texture Textures\SFX\BubbleShield\BBS_0014.udi, 32768, total is 5047536
[GLTextureManager] Release Texture Textures\SFX\LightningHit\hitted0001.udi, 32768, total is 5014768
[GLTextureManager] Release Texture Textures\SFX\LightningHit\hitted0002.udi, 32768, total is 4982000
[GLTextureManager] Release Texture Textures\SFX\LightningHit\hitted0003.udi, 32768, total is 4949232
[GLTextureManager] Release Texture Textures\SFX\LightningHit\hitted0004.udi, 32768, total is 4916464
[GLTextureManager] Release Texture Textures\SFX\LightningHit\hitted0005.udi, 32768, total is 4883696
[GLTextureManager] Release Texture Textures\SFX\LightningHit\hitted0006.udi, 32768, total is 4850928
[GLTextureManager] Release Texture Textures\SFX\LightningHit\hitted0007.udi, 32768, total is 4818160
[GLTextureManager] Release Texture Textures\SFX\LightningHit\hitted0008.udi, 32768, total is 4785392
[GLTextureManager] Release Texture Models\WeaponAnimation\AnchorDrag\Textures\con_bus.udi, 131072, total is 4654320
[GLTextureManager] Release Texture Textures\Particle\speedline.udi, 512, total is 4653808
[GLTextureManager] Release Texture Models\DriverAnimations\Plankton\Texture\mk_plankton_char_mod_player_0.tga, 262144, total is 4391664
[GLTextureManager] Release Texture Models\DriverAnimations\Plankton\Texture\plankton_Recipe.tga, 16384, total is 4375280
[GLTextureManager] Release Texture models\cars\AICars\Plankton\Textures\Plankton_hi.udi, 66048, total is 4309232
[GLTextureManager] Release Texture models\cars\AICars\Plankton\Textures\Plankton_kart_hi.udi, 66048, total is 4243184
[GLTextureManager] Release Texture Models\DriverAnimations\Gary\Texture\mk_gary_char_mod_player_0.tga, 262144, total is 3981040
[GLTextureManager] Release Texture Models\DriverAnimations\Gary\Texture\Note.tga, 8192, total is 3972848
[GLTextureManager] Release Texture models\cars\AICars\Gary\Textures\Gary_hi.udi, 66048, total is 3906800
[GLTextureManager] Release Texture models\cars\AICars\Gary\Textures\Gary_kart_hi.udi, 66048, total is 3840752
[GLTextureManager] Release Texture Models\DriverAnimations\Patrick\Texture\mk_patrick_char_mod_player_0.tga, 262144, total is 3578608
[GLTextureManager] Release Texture Models\DriverAnimations\Patrick\Texture\Can.tga, 16384, total is 3562224
[GLTextureManager] Release Texture models\cars\AICars\Patrick\Textures\Patrick_hi.udi, 66048, total is 3496176
[GLTextureManager] Release Texture models\cars\AICars\Patrick\Textures\Patrick_kart_hi.udi, 66048, total is 3430128
[GLTextureManager] Release Texture Models\DriverAnimations\Sandy\Texture\mk_sandy_char_mod_player_0.tga, 262144, total is 3167984
[GLTextureManager] Release Texture models\cars\AICars\Sandy\Textures\Sandy_hi.udi, 131072, total is 3036912
[GLTextureManager] Release Texture models\cars\AICars\Sandy\Textures\Sandy_kart_hi.udi, 66048, total is 2970864
[GLTextureManager] Release Texture Models\DriverAnimations\Squidward\Texture\Squidward_hi.udi, 66048, total is 2904816
[GLTextureManager] Release Texture Models\DriverAnimations\Squidward\Texture\flute.tga, 32768, total is 2872048
[GLTextureManager] Release Texture models\cars\AICars\Squidward\Textures\Squidward_kart_hi.udi, 66048, total is 2806000
[GLTextureManager] Release Texture Models\WeaponAnimation\LifeRing\Textures\lifering.tga, 65536, total is 2740464
[GLTextureManager] Release Texture Models\WeaponAnimation\OilSlick\Textures\oilslick.udi, 8192, total is 2732272
[GLTextureManager] Release Texture Textures\SFX\Spatula\trident.udi, 4096, total is 2728176
[GLTextureManager] Release Texture Textures\SFX\Spatula\progress.udi, 1056, total is 2727120
[GLTextureManager] Release Texture Textures\SFX\Spatula\sfx0001.udi, 4096, total is 2723024
[GLTextureManager] Release Texture Textures\SFX\Spatula\sfx0002.udi, 4096, total is 2718928
[GLTextureManager] Release Texture Textures\Particle\splash.udi, 2048, total is 2716880
[GLTextureManager] Release Texture Textures\Particle\dustLX.udi, 2048, total is 2714832
[GLTextureManager] Release Texture models\pickup\textures\Coinchest_0000.udi, 8224, total is 2706608
[GLTextureManager] Release Texture models\pickup\textures\Coinchest_0001.udi, 8224, total is 2698384
[GLTextureManager] Release Texture models\pickup\textures\Coinchest_0002.udi, 8224, total is 2690160
[GLTextureManager] Release Texture models\pickup\textures\Coinchest_0003.udi, 8224, total is 2681936
[GLTextureManager] Release Texture models\scalingfx\boostarea\Textures\BoostArea.5tx, 16384, total is 2665552
[GLTextureManager] Release Texture models\pickup\textures\ic_coin.5tx, 4096, total is 2661456
[GLTextureManager] Release Texture models\pickup\textures\CoinvfxII_0001.udi, 8224, total is 2653232
[GLTextureManager] Release Texture models\pickup\textures\CoinvfxII_0002.udi, 8224, total is 2645008
[GLTextureManager] Release Texture models\pickup\textures\CoinvfxII_0003.udi, 8224, total is 2636784
[GLTextureManager] Release Texture models\pickup\textures\CoinvfxII_0004.udi, 8224, total is 2628560
[GLTextureManager] Release Texture models\pickup\textures\CoinvfxII_0005.udi, 8224, total is 2620336
RacingEngine/Race/SR_Scene.cpp(520): Scene::Destroy() end.

[GLTextureManager] Release Texture UIAnimation/LoadingAnim/LoadingAnim__page0.udi, 131072, total is 2489264
[GLTextureManager] Release Texture SpongeboyTT1_30.udi, 262144, total is 2227120
[GLTextureManager] Release Texture SpongeboyTT1_40_Number_00.udi, 32768, total is 2194352
[GLTextureManager] Release Texture LFCurry_25_0.udi, 131072, total is 2063280
[GLTextureManager] Release Texture LFCurry_25_hollow.udi, 131072, total is 1932208
[GLTextureManager] Release Texture LFCurry_25_006.udi, 131072, total is 1801136
[GLTextureManager] Release Texture LFCurry_25_007.udi, 131072, total is 1670064
[GLTextureManager] Release Texture SpongeboyTT1_18_B_3_00.udi, 131072, total is 1538992
[GLTextureManager] Release Texture SpongeboyTT1_22_B_3_00.udi, 131072, total is 1407920
[GLTextureManager] Release Texture LFCurry_20_B_3_00.udi, 131072, total is 1276848
[GLTextureManager] Release Texture LFCurry_20_B_2_1_00.udi, 131072, total is 1145776
[GLTextureManager] Release Texture LFCurry_15_B_1_00.udi, 131072, total is 1014704
[GLTextureManager] Release Texture LFCurry_18_B_1_00.udi, 131072, total is 883632
[GLTextureManager] Release Texture LFCurry_18_B_2_2_00.udi, 131072, total is 752560
[GLTextureManager] Release Texture LFCurry_20_B_2_2_00.udi, 131072, total is 621488
[GLTextureManager] Release Texture LFCurry_15_B_2_00.udi, 131072, total is 490416
[GLTextureManager] Release Texture SpongeboyTT1_18_00.udi, 65536, total is 424880
[GLTextureManager] Release Texture SpongeboyTT1_22_00.udi, 131072, total is 293808
[GLTextureManager] Release Texture LFCurry_18_00.udi, 131072, total is 162736
[GLTextureManager] Release Texture LFCurry_20_00.udi, 65536, total is 97200
[GLTextureManager] Release Texture LFCurry_15_00.udi, 65536, total is 31664
src/BobKart/GameObjects/PlayerProfile/LevelRecord.cpp(43): curriculumID: 0, current level: 1, current sub level: 1, current CA: 0, play round: 0
src/BobKart/GameObjects/PlayerProfile/LevelRecord.cpp(43): curriculumID: 1, current level: 1, current sub level: 1, current CA: 0, play round: 0
src/BobKart/GameObjects/PlayerProfile/LevelRecord.cpp(43): curriculumID: 2, current level: 1, current sub level: 1, current CA: 0, play round: 0
src/BobKart/GameObjects/PlayerProfile/LevelRecord.cpp(43): curriculumID: 3, current level: 1, current sub level: 1, current CA: 0, play round: 0
src/BobKart/GameObjects/PlayerProfile/LevelRecord.cpp(43): curriculumID: 4, current level: 1, current sub level: 1, current CA: 0, play round: 0
[0xf] fopenAtomic(/LF/Bulk/Data/Local/0/LST3-0x00180025-000000/savedata): mkstemp failed us!
[PlayerProfile] Can't create player profile save data.
		GameAreaExit
	GameExit
TitleExit reason: 3
[0x6] RemoveListener: removed listener 0xb9820, total number 3
[0x6] RemoveListener: removed listener 0xabbc8, total number 2
[0x5] DestroyHandle: 0x66378: 320x240 (1920) @ 0x82400000
[0x5] UnRegisterLayer: 0x66378: 320x240 (1920) @ 0x82400000
[0x6] RemoveListener: could not find listener 0xb9820, total number 2
[0x6] RemoveListener: could not find listener 0xabbc8, total number 2
resume path to /home/bubbles/Documents/Projects/leappad-emu/runtime/sysroot 
[0x6] RemoveListener: removed listener 0xb9a58, total number 1
[0x6] RemoveListener: could not find listener 0xb9a58, total number 1
[0x280] ExitPopUnloadApp: before; /LF/Bulk/ProgramFiles/LST3-0x00180025-000000/; 1943; 1636592
[0x280] ExitPopUnloadApp: before UnloadModule /LF/Bulk/ProgramFiles/LST3-0x00180025-000000/
[0x280] ExitPopUnloadApp: module unloaded 675600
[0x280] ExitPopUnloadApp: after ; /LF/Bulk/ProgramFiles/LST3-0x00180025-000000/; 1949; 1823240
[0x280] ExitPopUnloadApp: OGL context still active after unloading
[0x280] ExitPopUnloadApp: aborting all Atomic I/O with fabortAllAtomic
[0xf] fabortAllAtomic: aborted 0 files
[0x0] json=/LF/Base/LpadAssets/Data/PowerDown.json
[0x0] Displaying the shutdown screen now.
[0x0] path = /LF/Base/LpadAssets/Art/Frame_01.png
[0x280] ::Run return mRestart:0
[0x280] CAppManager::~CAppManager()
[0x6] RemoveListener: removed listener 0x18088, total number 0
[0x280] CAppManager::ExitPopUnloadApp()
[0x5] UnRegisterLayer: 0x18860: 480x272 (1920) @ 0x820ff000
[0x5] DestroyHandle: 0x18860: 480x272 (1920) @ 0x820ff000
[0x5] UnRegisterLayer: 0x18860: 480x272 (1920) @ 0x820ff000
[0x5] DeAllocBuffer: remove offset 000FF000, length 0007F800
[0x1] CallbackThread: stopping audio thread 0x31678
[0x1] DeInitAudioOutputAlsa: count=9, retval=0x31678
[0x6] RemoveListener: could not find listener 0x31678, total number 0
=== AppManager ===
+++ AppManager: Entered main function: 197281.82 12931828.31
[0x6] ButtonPowerUSBTask: Use tslib
[0x6] ButtonPowerUSBTask: tslib: ts_config failed
[0x6] LoadTSLib: use_tslib=0, handle=0x17a60, tsl=(nil), fd=0
[0x6] Start ButtonPowerUSB Task ... !
[0x6] Start Cartridge task ...!
[0x5] InitModule: Screen = 480 x 272
[0x5] InitModule: Screen = 480 x 272, pitch = 1920
[0x5] InitModule: Mapped 82000000 to 0x82000000, size 003fc000
[0x5] InitModule: Screen = 480 x 272, pitch = 1920
[0x5] InitModule: Mapped 82400000 to 0x82400000, size 003fc000
[0x5] InitModule: Screen = 480 x 272, pitch = 1920
[0x5] InitModule: Mapped 82800000 to 0x82800000, size 003fc000
+++ AppManager: Bgn Init Logging: 197281.90 12931833.30
+++ AppManager: Bgn InitMutex: 197281.90 12931833.63
[0x280] ============================================
[0x280]    AppManager ReLaunch Threshold = 5
[0x280] ============================================
[0x5] AllocBuffer: new buf offset 000FF000, length 0007F800
[0x5] CreateHandle: 0x188c0: 480x272 (1920) @ 0x820ff000
[0x5] RegisterLayer: 0x188c0: 480x272 (1920) @ 0x820ff000
[0x5] SetWindowPosition: 0x188c0: 0,0 .. 480,272
[0x280] CAppManager::CAppManager ; LightningBase/Src/AppManager.cpp; 562; 1061564
[0x280] Platform = VALENCIA
[0x280] Shutdown Timer set for 12000 [ms] timeout
[0x280] USB Device Watchdog set for 12 [sec] timeout
[0x0] HasDoomPackageCritical: global doom file detected
+++ AppManager: End SetupSystem: 197281.94 12931836.30
[0x280] AppManager signal handler installed 
[0x0] DaemonControl socket connect failed ret=-1
[0x0] DaemonControl socket connect failed ret=-1
+++ AppManager: End Init CLogFile: 197281.95 12931836.52
[0x6] AddListener: added listener 0x180b8, total number 1
[0x281] CJSonFile::Load() failed to open (filehandle was NULL) mRsrcPath = /LF/Base/DidjPatches/DidjPatches.json
+++ AppManager: End Load DidjPatches: 197281.95 12931836.66
get temp restart player id = -1
+++ AppManager: Bgn Set Profile Logging: 197281.95 12931836.75
+++ AppManager: End Set Profile Logging: 197281.95 12931836.76
[0x1] Found codec: socaudiolfp100, legacy=0
[0x1] set_hwparams: buffer time=128000, size=4096
[0x1] set_hwparams: period time=32000, size=1024
[0x1] CallbackThread: starting audio thread 0x30ad8
+++ AppManager: End Set Power & USB: 197281.99 12931839.11
[0x280] mCurrentTransition = kLoginApp !
+++ AppManager: Bgn Load main.swf: 197281.99 12931839.20
[0x280] PushApp Start: LPAD/main.swf; LightningBase/Src/AppManager.cpp; 1121; 1051052
[0x6] ButtonPowerUSBTask: Use tslib
[0x280] LoadNewApp path = /LF/Base/LPAD/main.swf
[0x6] ButtonPowerUSBTask: tslib: ts_config failed
tadpole-view: 480x272, scale 2x, dir /tmp/tadpole
tadpole-view: audio 32000 Hz, 2 ch, 16-bit (period 1024), latency capped at 600 ms
[0x6] LoadTSLib: use_tslib=0, handle=0x1aac8, tsl=(nil), fd=0
[0x6] ButtonPowerUSBTask: tslib: Falling back on touchscreen interface
[0x280] LoadNewApp: before; /LF/Base/LPAD/main.swf; 1706; 1047036
[0x280] LoadNewApp: after ; /LF/Base/LPAD/main.swf; 1812; 1042972
[0x280] PushApp Done: LPAD/main.swf; LightningBase/Src/AppManager.cpp; 1123; 1042720
+++ AppManager: End Load main.swf: 197282.06 12931843.59
+++ AppManager: UI loaded: 197282.06 12931843.60
[0x280] mCurrentTransition = kPushApp !
[0x6] AddListener: added listener 0x44de0, total number 2
[0x6] AddListener: added listener 0x44e24, total number 3
+++ AppManager: Flash: End Construct DidjPlayer: 197282.07 12931844.12
[0x5] AllocBuffer: new buf offset 0017E800, length 0007F800
[0x5] CreateHandle: 0x44f30: 480x272 (1920) @ 0x8217e800
[0x5] RegisterLayer: 0x44f30: 480x272 (1920) @ 0x8217e800
[0x5] SetWindowPosition: 0x44f30: 0,0 .. 480,272
[0x5] CreateHandle: 0x44fc0: 480x272 (1920) @ 0x455cd008
[0x5] RegisterLayer: 0x44fc0: 480x272 (1920) @ 0x455cd008
[0x5] UnRegisterLayer: 0x44fc0: 480x272 (1920) @ 0x455cd008
[0x5] RegisterLayer: 0x188c0: 480x272 (1920) @ 0x820ff000
[0x5] SetWindowPosition: 0x188c0: 0,0 .. 480,272
+++ AppManager: Flash: Bgn LoadMovie: 197282.08 12931844.92
+++ AppManager: Flash: Bgn CreatePlayer: 197282.09 12931845.07
[0x281] CSystemData::FindFont( LFCurry.ttf )
[0x281] CSystemData::FindFont( LFCurry.ttf )
+++ AppManager: Flash: End CreatePlayer: 197282.24 12931855.05
+++ AppManager: Flash: End SetFrameBuffer: 197282.25 12931855.70
+++ AppManager: Flash: End LoadMovie: 197282.25 12931855.79
+++ AppManager: UI entered: 197282.25 12931855.79
+++ AppManager: UI updated: 197282.45 12931868.55
get temp restart player id = -1
trace:  ----------main::loadMainStageOne----------
trace:  ----------UIData::GetInstance----------
trace:  ----------UIData::UIData----------
trace:   ### default theme path is : /LF/Bulk/Downloads/PADS-0x1F1E0002-200001/UI_Tropical.swf
trace:  ----------UIData::UIData---------- _0ProfileUIData = undefined
trace:  ----------UIData::UIData---------- _1ProfileUIData = undefined
trace:  ----------UIData::UIData---------- _2ProfileUIData = undefined
trace:  ----------UIData::ResetPaths----------
[0x200] SystemPlugin::GetLocaleCode(): en-us
trace:  cuuLocaleCode = en-us
trace:  _language_code = en
trace:  _language_code = en
trace:  ----------SoundManager::GetInstance----------
trace:  ----------SoundManager::SoundManager----------
trace:  ..... theme is : undefined
[0x200] AppManagerPlugin::isBaseAppRelaunch, FALSE
trace:  ---------------- Main ------------- current logged in player is : 0
trace:  ..... bgPath is : /LF/Base//LpadAssets/Art/UI_StandardBackground.swf
trace:  BG Main Theme Loaded
trace:  ----------main::loadMainStageTwo----------
[0x200] SystemPlugin::SetDidjLegacyFlag( 0 )
[0x200] AppManagerPlugin::isBaseAppRelaunch, FALSE
trace:  ------main:: LF.AppManager.IsBaseAppRelaunch()------false
trace:  ------main:: LF.CSystem.GetLocale()-----en-us
[0x200] AppManagerPlugin::isBaseAppRelaunch, FALSE
trace:  ---------------- Main ------------- current logged in player is : 0
trace:  ----------UIData::isAnyProfilePresent----------
[0xf] fopenAtomic(/LF/Bulk/Data/Local/0/PAD2-0x1F1E0002-100000/UIData.json) returning 0x00059e18
[0xf] fcloseAtomic returning 0
[0xf] fopenAtomic(/LF/Bulk/Data/Local/1/PAD2-0x1F1E0002-100000/UIData.json) returning 0x00059ad8
[0xf] fcloseAtomic returning 0
[0xf] fopenAtomic(/LF/Bulk/Data/Local/2/PAD2-0x1F1E0002-100000/UIData.json) returning 0x00059ad8
[0xf] fcloseAtomic returning 0
trace:  ----------UIData::isAnyProfilePresent----------
trace:  ------------TabsTransition::TabsTransition---------------
trace:  _bgToShow = undefined
trace:  _bgToHide = undefined
trace:  ----------StateMachine::PushState----------- SignIn.swf
[0x200] SystemPlugin::GetPetResourcesPath(): /LF/Base/PetResources/
trace:  creating /tmp/ui_ready flag
trace:  ########################## setting flag ###### 0
trace:  ----------State::GrabStateData----------
[0x200] SystemPlugin::GetLocaleCode(): en-us
trace:  cuuLocaleCode = en-us
trace:  _language_code = en
trace:  country_code = us
trace:  ----------StateMachine::_mcListener.onLoadInit( _level0.mcContent.SignIn_mc )----------
trace:  ------------TabsTransition::Init---------------
trace:  ------------TabsTransition::Update-------------- 0
trace:  _animRefNext._tabWaitForLoad = undefined
trace:   .... animating next ....upper -39 lower 467
trace:  ------------TabsTransition::Update-------------- 0
trace:  _animRefNext._tabWaitForLoad = undefined
trace:   .... animating next ....upper -26 lower 454
trace:  ------------TabsTransition::Update-------------- 0
trace:  _animRefNext._tabWaitForLoad = undefined
trace:   .... animating next ....upper -13 lower 441
trace:  ------------TabsTransition::Update-------------- 0
trace:  _animRefNext._tabWaitForLoad = undefined
trace:   .... animating next ....upper 0 lower 428
trace:   ... done animating next, done with transition
trace:  ------------TabsTransition::Update-------------- 6
trace:  ------------TabsTransition::Update-------------- 5
trace:  ------------TabsTransition::Update-------------- 4
trace:  ------------TabsTransition::Update-------------- 3
trace:  ------------TabsTransition::Update-------------- 2
trace:  ------------TabsTransition::Update-------------- 1
trace:  ----------main::ChangeBackground----------/LF/Base//LpadAssets/Art/UI_StandardBackground.swf
trace:  --------SoundManager::StopSequence-----
trace:  _sequenceSound = [object Object]
trace:  _sequenceIntervalId = undefined
trace:  --------SoundManager::ClearEndOfSeqCallback-----
trace:  BG Main Theme Loaded in ChangeBackground
trace:  -----Callback.PrintDebugInfo-----
trace:       _cbFunc:  [type Function]
trace:       _cbScope: _level0.mcContent.SignIn_mc.main_mc
trace:       _cbArgs:  _level0.mcContent.SignIn_mc.main_mc._0
trace:  --------SoundManager::StopSequence-----
trace:  _sequenceSound = [object Object]
trace:  _sequenceIntervalId = undefined
trace:  --------SoundManager::ClearEndOfSeqCallback-----
[0xf] fopenAtomic(/LF/Bulk/settings.cfg) returning 0x00066440
[0xf] fcloseAtomic returning 0
[0x200] SystemPlugin::setCurrentPlayerID( 0 )
trace:  ----------main::DeleteAllPageBitmaps----------
trace:  ------------TabsTransition::TabsTransition---------------
trace:  _bgToShow = null
trace:  _bgToHide = _signInBG
trace:  ----------StateMachine::ReplaceTopState----------- HomePicker.swf
trace:  _currState._container = _level0.mcContent.SignIn_mc
trace:  movieclip = _level0.mcContent.HomePicker_mc
trace:  ----------HomePickerState::HomePickerState----------
trace:  ----------UIPetLPAD::UIPetLPAD----------
[0x200] SystemPlugin::GetLocaleCode(): en-us
[0x200] SystemPlugin::IsLFPlatform(): true
[0x200] SystemPlugin::GetLocaleCode(): en-us
[0x200] SystemPlugin::IsLFPlatform(): true
trace:  --------BaseImageButton::BaseImageButton-----_level0.mcContent.HomePicker_mc._upperTab._userImageBtn
trace:  --------BaseOnPressButton::BaseOnPressButton-----
trace:  --------BaseTextButton::BaseTextButton-----
trace:  ----------StateMachine::_mcListener.onLoadInit( _level0.mcContent.HomePicker_mc )----------
trace:  ------------TabsTransition::Init---------------
trace:   _incrementUpper : 52
trace:   _incrementLower : 52
trace:  ----------UIData::LogIn----------
[0xf] fopenAtomic(/LF/Bulk/settings.cfg) returning 0x00066440
[0xf] fcloseAtomic returning 0
[0x200] SystemPlugin::setCurrentPlayerID( 0 )
trace:  ################################
trace:   playerId = 0
trace:   _currProfileID = 0
trace:   _currThemePath = /LF/Bulk/Downloads/PADS-0x1F1E0002-200002/UI_Coast.swf
trace:  ################################
trace:  ----------main::ChangeBackground----------/LF/Bulk/Downloads/PADS-0x1F1E0002-200002/UI_Coast.swf
[0xf] fopenAtomic(/LF/Bulk/Data/Local/0/./profile.dsc) returning 0x000678a8
[0xf] fcloseAtomic returning 0
[0x200] Setting Current Profile to 0
trace:  ----------HomePickerState::PreEnter----------
trace:  ----------State::GrabStateData----------
[0x200] SystemPlugin::GetLocaleCode(): en-us
trace:  cuuLocaleCode = en-us
trace:  _language_code = en
trace:  country_code = us
trace:  --------BaseTextButton::SetTextField----- Ghb
trace:  WARNING: Player profile picture load failed!
trace:  ----------HomePickerState::OnUserImageLoad----------
trace:  ----------HomePickerState::SetCartStatus---------- 0
trace:  ----------HomePickerState::GetAllIcons----------
[0x200] SystemPlugin::getProgramFileApps - Valencia - getting ready to sort
[0x200] SystemPlugin::getProgramFileApps - Valencia - sort file exists /LF/Bulk/Data/Local/0/PAD2-0x1F1E0002-100000/ProgramFileAppOrder.json
trace:  ----------HomePickerState::AdjustStatusbar----------
trace:  ----------HomePickerState::StartPowerListener----------
[0x6] AddListener: added listener 0xaaab8, total number 4
trace:  ------------TabsTransition::Update-------------- 0
trace:   .... animating prev ... 
trace:  MODE_LOAD_ICONS 
trace:  ----------HomePickerState::ManageIconLoading----------
trace:  ----------HomePickerState::ChangeCartIconData----------
trace:  ----------HomePickerState::GoToFirstPage----------
trace:  ----------HomePickerState::ChangeCartIconImage----------
trace:  ----------HomePickerState::GetCategoryColorFieldName----------
trace:  ----------HomePickerState::SetCategoryLabelFieldName----------icon0
trace:  ----------HomePickerState::SetIconLabelText----------icon0
trace:  ----------HomePickerState::LoadIconImage----------icon0
trace:  ------------TabsTransition::Update-------------- 0
trace:   .... animating prev ... 
trace:  MODE_LOAD_ICONS 
trace:  ----------HomePickerState::ManageIconLoading----------
trace:  ----------HomePickerState::GetCategoryColorFieldName----------
trace:  ----------HomePickerState::LoadIconData----------icon1
trace:  ----------HomePickerState::SetCategoryLabelFieldName----------icon1
trace:  ----------HomePickerState::SetIconLabelText----------icon1
trace:  ----------HomePickerState::LoadIconImage----------icon1
trace:  ------------TabsTransition::Update-------------- 0
trace:   .... animating prev ... 
trace:  BG Main Theme Loaded in ChangeBackground
trace:  MODE_LOAD_ICONS 
trace:  ----------HomePickerState::ManageIconLoading----------
trace:  ----------HomePickerState::GetCategoryColorFieldName----------
trace:  ----------HomePickerState::LoadIconData----------icon2
trace:  ----------HomePickerState::SetCategoryLabelFieldName----------icon2
trace:  ----------HomePickerState::SetIconLabelText----------icon2
trace:  ----------HomePickerState::LoadIconImage----------icon2
trace:  ------------TabsTransition::Update-------------- 0
trace:   .... animating prev ... 
trace:   ... done animating previous, now start animating next
trace:  MODE_LOAD_ICONS 
trace:  ----------HomePickerState::ManageIconLoading----------
trace:  ----------HomePickerState::GetCategoryColorFieldName----------
trace:  ----------HomePickerState::LoadIconData----------icon3
trace:  ----------HomePickerState::SetCategoryLabelFieldName----------icon3
trace:  ----------HomePickerState::SetIconLabelText----------icon3
trace:  ----------HomePickerState::LoadIconImage----------icon3
trace:  ------------TabsTransition::Update-------------- 12
trace:  MODE_LOAD_ICONS 
trace:  ----------HomePickerState::ManageIconLoading----------
trace:  ----------HomePickerState::GetCategoryColorFieldName----------
trace:  ----------HomePickerState::LoadIconData----------icon4
[0x200] SystemPlugin::getProgramFileApps - Valencia - getting ready to sort
[0x200] SystemPlugin::getProgramFileApps - Valencia - sort file exists /LF/Bulk/Data/Local/0/PAD2-0x1F1E0002-100000/ProgramFileAppOrder.json
trace:  ----------HomePickerState::SetCategoryLabelFieldName----------icon4
trace:  ----------HomePickerState::SetIconLabelText----------icon4
trace:  ----------HomePickerState::LoadIconImage----------icon4
trace:  ------------TabsTransition::Update-------------- 11
trace:  MAKING CART BITMAPS
trace:  ----------HomePickerState::MakeIconHighlightBitmap----------icon0
trace:  ----------HomePickerState::MakeIconBitmap----------icon0
trace:  MODE_LOAD_ICONS 
trace:  ----------HomePickerState::ManageIconLoading----------
trace:  ----------HomePickerState::GetCategoryColorFieldName----------
trace:  ----------HomePickerState::LoadIconData----------icon5
trace:  ----------HomePickerState::SetCategoryLabelFieldName----------icon5
trace:  ----------HomePickerState::SetIconLabelText----------icon5
trace:  ----------HomePickerState::LoadIconImage----------icon5
trace:  ------------TabsTransition::Update-------------- 10
trace:  MODE_LOAD_ICONS 
trace:  ----------HomePickerState::ManageIconLoading----------
trace:  ----------HomePickerState::GetCategoryColorFieldName----------
trace:  ----------HomePickerState::LoadIconData----------icon6
trace:  ----------HomePickerState::SetCategoryLabelFieldName----------icon6
trace:  ----------HomePickerState::SetIconLabelText----------icon6
trace:  ----------HomePickerState::LoadIconImage----------icon6
trace:  ------------TabsTransition::Update-------------- 9
trace:  MODE_LOAD_ICONS 
trace:  ----------HomePickerState::ManageIconLoading----------
trace:  ----------HomePickerState::GetCategoryColorFieldName----------
trace:  ----------HomePickerState::LoadIconData----------icon7
trace:  ----------HomePickerState::SetCategoryLabelFieldName----------icon7
trace:  ----------HomePickerState::SetIconLabelText----------icon7
trace:  ----------HomePickerState::LoadIconImage----------icon7
trace:  ------------TabsTransition::Update-------------- 8
trace:  MODE_LOAD_ICONS 
trace:  ----------HomePickerState::ManageIconLoading----------
trace:  ----------HomePickerState::GetCategoryColorFieldName----------
trace:  ----------HomePickerState::LoadIconData----------icon8
trace:  ----------HomePickerState::SetCategoryLabelFieldName----------icon8
trace:  ----------HomePickerState::SetIconLabelText----------icon8
trace:  ----------HomePickerState::LoadIconImage----------icon8
trace:  ------------TabsTransition::Update-------------- 7
trace:  MODE_LOAD_ICONS 
trace:  ----------HomePickerState::ManageIconLoading----------
trace:  ----------HomePickerState::GetCategoryColorFieldName----------
trace:  ----------HomePickerState::LoadIconData----------icon9
trace:  ----------HomePickerState::SetCategoryLabelFieldName----------icon9
trace:  ----------HomePickerState::SetIconLabelText----------icon9
trace:  ----------HomePickerState::LoadIconImage----------icon9
trace:  ------------TabsTransition::Update-------------- 6
trace:  MODE_LOAD_ICONS 
trace:  ----------HomePickerState::ManageIconLoading----------
trace:  ----------HomePickerState::GetCategoryColorFieldName----------
trace:  ----------HomePickerState::LoadIconData----------icon10
trace:  ----------HomePickerState::SetCategoryLabelFieldName----------icon10
trace:  ----------HomePickerState::SetIconLabelText----------icon10
trace:  ----------HomePickerState::LoadIconImage----------icon10
trace:  ------------TabsTransition::Update-------------- 5
trace:  MODE_LOAD_ICONS 
trace:  ----------HomePickerState::ManageIconLoading----------
trace:  ----------HomePickerState::GetCategoryColorFieldName----------
trace:  ----------HomePickerState::LoadIconData----------icon11
trace:  ----------HomePickerState::SetCategoryLabelFieldName----------icon11
trace:  ----------HomePickerState::SetIconLabelText----------icon11
trace:  ----------HomePickerState::LoadIconImage----------icon11
trace:  ------------TabsTransition::Update-------------- 4
trace:  MODE_LOAD_ICONS 
trace:  ----------HomePickerState::ManageIconLoading----------
trace:  ----------HomePickerState::GetCategoryColorFieldName----------
trace:  ----------HomePickerState::LoadIconData----------icon12
trace:  ----------HomePickerState::SetCategoryLabelFieldName----------icon12
trace:  ----------HomePickerState::SetIconLabelText----------icon12
trace:  ----------HomePickerState::LoadIconImage----------icon12
trace:  ------------TabsTransition::Update-------------- 3
trace:  MODE_LOAD_ICONS 
trace:  ----------HomePickerState::ManageIconLoading----------
trace:  ----------HomePickerState::GetCategoryColorFieldName----------
trace:  ----------HomePickerState::LoadIconData----------icon13
trace:  ----------HomePickerState::SetCategoryLabelFieldName----------icon13
trace:  ----------HomePickerState::SetIconLabelText----------icon13
trace:  ----------HomePickerState::LoadIconImage----------icon13
trace:  ------------TabsTransition::Update-------------- 2
trace:  MODE_LOAD_ICONS 
trace:  ----------HomePickerState::ManageIconLoading----------
trace:  ----------HomePickerState::GetCategoryColorFieldName----------
trace:  ----------HomePickerState::LoadIconData----------icon14
trace:  ----------HomePickerState::SetCategoryLabelFieldName----------icon14
trace:  ----------HomePickerState::SetIconLabelText----------icon14
trace:  ----------HomePickerState::LoadIconImage----------icon14
trace:  ------------TabsTransition::Update-------------- 1
trace:  waiting for load of the image
trace:  MODE_LOAD_ICONS 
trace:  ----------HomePickerState::ManageIconLoading----------
trace:  ------------TabsTransition::Update-------------- 0
trace:  waiting for load of the image
trace:  MODE_LOAD_ICONS 
trace:  ----------HomePickerState::ManageIconLoading----------
trace:  ------------TabsTransition::Update-------------- 0
trace:  waiting for load of the image
trace:  MODE_LOAD_ICONS 
trace:  ----------HomePickerState::ManageIconLoading----------
trace:  ------------TabsTransition::Update-------------- 0
trace:  waiting for load of the image
trace:  ------------TabsTransition::Update-------------- 0
trace:  _animRefNext._tabWaitForLoad = false
trace:   .... animating next ....upper -63.1125 lower 467
trace:  ------------TabsTransition::Update-------------- 0
trace:  _animRefNext._tabWaitForLoad = false
trace:   .... animating next ....upper -40.2625 lower 454
trace:  ------------TabsTransition::Update-------------- 0
trace:  _animRefNext._tabWaitForLoad = false
trace:   .... animating next ....upper -17.4125 lower 441
trace:  ------------TabsTransition::Update-------------- 0
trace:  _animRefNext._tabWaitForLoad = false
trace:   .... animating next ....upper 5.4375 lower 428
trace:   ... done animating next, done with transition
trace:  ------------TabsTransition::Update-------------- 6
trace:  ------------TabsTransition::Update-------------- 5
trace:  ------------TabsTransition::Update-------------- 4
trace:  ------------TabsTransition::Update-------------- 3
trace:  ------------TabsTransition::Update-------------- 2
trace:  ------------TabsTransition::Update-------------- 1
trace:  ----------HomePickerState::Enter----------
trace:  ----------HomePickerState::ActivateButtons----------
trace:  ----------HomePickerState::CheckForConnectNag----------
trace:  MODE_LOAD_ICON_HIGHLIGHT_BITMAPS 
trace:  ----------HomePickerState::ManageIconHighlightBitmapLoading----------
trace:  MODE_LOAD_ICON_HIGHLIGHT_BITMAPS 
trace:  ----------HomePickerState::ManageIconHighlightBitmapLoading----------
trace:  ----------HomePickerState::MakeIconHighlightBitmap----------icon1
trace:  MODE_LOAD_ICON_HIGHLIGHT_BITMAPS 
trace:  ----------HomePickerState::ManageIconHighlightBitmapLoading----------
trace:  ----------HomePickerState::MakeIconHighlightBitmap----------icon2
trace:  MODE_LOAD_ICON_HIGHLIGHT_BITMAPS 
trace:  ----------HomePickerState::ManageIconHighlightBitmapLoading----------
trace:  ----------HomePickerState::MakeIconHighlightBitmap----------icon3
trace:  MODE_LOAD_ICON_HIGHLIGHT_BITMAPS 
trace:  ----------HomePickerState::ManageIconHighlightBitmapLoading----------
trace:  ----------HomePickerState::MakeIconHighlightBitmap----------icon4
trace:  MODE_LOAD_ICON_HIGHLIGHT_BITMAPS 
trace:  ----------HomePickerState::ManageIconHighlightBitmapLoading----------
trace:  ----------HomePickerState::MakeIconHighlightBitmap----------icon5
trace:  MODE_LOAD_ICON_HIGHLIGHT_BITMAPS 
trace:  ----------HomePickerState::ManageIconHighlightBitmapLoading----------
trace:  ----------HomePickerState::MakeIconHighlightBitmap----------icon6
trace:  MODE_LOAD_ICON_HIGHLIGHT_BITMAPS 
trace:  ----------HomePickerState::ManageIconHighlightBitmapLoading----------
trace:  ----------HomePickerState::MakeIconHighlightBitmap----------icon7
trace:  MODE_LOAD_ICON_HIGHLIGHT_BITMAPS 
trace:  ----------HomePickerState::ManageIconHighlightBitmapLoading----------
trace:  ----------HomePickerState::MakeIconHighlightBitmap----------icon8
trace:  MODE_LOAD_ICON_HIGHLIGHT_BITMAPS 
trace:  ----------HomePickerState::ManageIconHighlightBitmapLoading----------
trace:  MODE_LOAD_ICON_BITMAPS 
trace:  ----------HomePickerState::ManageIconBitmapLoading----------
trace:  MODE_LOAD_ICON_BITMAPS 
trace:  ----------HomePickerState::ManageIconBitmapLoading----------
trace:  ----------HomePickerState::MakeIconBitmap----------icon1
trace:  MODE_LOAD_ICON_BITMAPS 
trace:  ----------HomePickerState::ManageIconBitmapLoading----------
trace:  ----------HomePickerState::MakeIconBitmap----------icon2
trace:  MODE_LOAD_ICON_BITMAPS 
trace:  ----------HomePickerState::ManageIconBitmapLoading----------
trace:  ----------HomePickerState::MakeIconBitmap----------icon3
trace:  MODE_LOAD_ICON_BITMAPS 
trace:  ----------HomePickerState::ManageIconBitmapLoading----------
trace:  ----------HomePickerState::MakeIconBitmap----------icon4
trace:  MODE_LOAD_ICON_BITMAPS 
trace:  ----------HomePickerState::ManageIconBitmapLoading----------
trace:  ----------HomePickerState::MakeIconBitmap----------icon5
trace:  MODE_LOAD_ICON_BITMAPS 
trace:  ----------HomePickerState::ManageIconBitmapLoading----------
trace:  ----------HomePickerState::MakeIconBitmap----------icon6
trace:  MODE_LOAD_ICON_BITMAPS 
trace:  ----------HomePickerState::ManageIconBitmapLoading----------
trace:  ----------HomePickerState::MakeIconBitmap----------icon7
trace:  MODE_LOAD_ICON_BITMAPS 
trace:  ----------HomePickerState::ManageIconBitmapLoading----------
trace:  ----------HomePickerState::MakeIconBitmap----------icon8
trace:  MODE_LOAD_ICON_BITMAPS 
trace:  ----------HomePickerState::ManageIconBitmapLoading----------
trace:  MODE_BITMAP_BACKGROUND 
trace:  ----------HomePickerState::ManageBackgroundBitmapping----------
trace:  ----------HomePickerState::MakeUpperTabBitmap----------
trace:  ----------HomePickerState::CheckIfCurrentPageIsLoaded----------
trace:  ----------HomePickerState::EnableButtons----------
[0x200] SystemPlugin::ResetTouchscreenSampleRate(): false
trace:  ----------HomePickerState::EnableArrows----------
[0x200] SystemPlugin::ResetTouchscreenSampleRate(): false
trace:  MODE_BITMAP_BACKGROUND 
trace:  ----------HomePickerState::ManageBackgroundBitmapping----------
trace:  ----------SoundManager::StopMusic----------
trace:  ----------SoundManager::PlayMusic----------
trace:  MODE_INITIALIZE_PET 
trace:  ----------HomePickerState::ManagePetInitialization----------
trace:  ----------HomePickerState::InitializePet----------
trace:  ----------UIPetLPAD::LoadPet----------
trace:  ----------LF.LPAD.Pet.com.frimastudio.emerald.utils.SaveManager::ReadSavedData----------
trace:  About to AddAvatar
trace:  
READ SCRIPT
trace:  READ SCRIPT DONE

trace:  ----------PetAccelerometerManager::PetAccelerometerManager----------
[0x200] AccelerometerPlugin::setAccelerometerRate, rate = 10
trace:  ----------PetAccelerometerManager::Deactivate----------
[0x6] RemoveListener: could not find listener 0x45863530, total number 4
trace:  ----------PetAccelerometerManager::Init----------
trace:  mAvatar._name = _UIPetLPAD
trace:  mIsActive = true
trace:  ----------UIPetLPAD::ChangeStateToJumpIn----------
trace:  ----------UIPetLPAD::ResumePet----------
trace:  ----------PetAccelerometerManager::Activate----------
[0x6] AddListener: added listener 0x45863530, total number 5
trace:  MODE_PLAY_INITIAL_AUDIO_PROMPTS 
trace:  ----------HomePickerState::PlayInitialAudioPrompts----------
trace:  ----------IdlePrompts::GetInstance----------
trace:  ----------IdlePrompts::IdlePrompts----------
trace:  ----------IdlePrompts::PullData----------
trace:  ----------IdlePrompts::SetAllPrompts----------
trace:  ----------IdlePrompts::StartPromptTimer----------
trace:  MODE_JUMP_PET_IN 
trace:  ----------HomePickerState::ManagePetJumpingIn----------
trace:  ----------UIPetLPAD::SuspendPet----------
trace:  ----------PetAccelerometerManager::Deactivate----------
[0x6] RemoveListener: removed listener 0x45863530, total number 4
trace:  MODE_LOAD_ICONS 
trace:  ----------HomePickerState::ManageIconLoading----------
trace:  MODE_LOAD_ICON_HIGHLIGHT_BITMAPS 
trace:  ----------HomePickerState::ManageIconHighlightBitmapLoading----------
trace:  ----------HomePickerState::MakeIconHighlightBitmap----------icon9
trace:  MODE_LOAD_ICON_HIGHLIGHT_BITMAPS 
trace:  ----------HomePickerState::ManageIconHighlightBitmapLoading----------
trace:  ----------HomePickerState::MakeIconHighlightBitmap----------icon10
trace:  MODE_LOAD_ICON_HIGHLIGHT_BITMAPS 
trace:  ----------HomePickerState::ManageIconHighlightBitmapLoading----------
trace:  ----------HomePickerState::MakeIconHighlightBitmap----------icon11
trace:  MODE_LOAD_ICON_HIGHLIGHT_BITMAPS 
trace:  ----------HomePickerState::ManageIconHighlightBitmapLoading----------
trace:  ----------HomePickerState::MakeIconHighlightBitmap----------icon12
trace:  MODE_LOAD_ICON_HIGHLIGHT_BITMAPS 
trace:  ----------HomePickerState::ManageIconHighlightBitmapLoading----------
trace:  ----------HomePickerState::MakeIconHighlightBitmap----------icon13
trace:  MODE_LOAD_ICON_HIGHLIGHT_BITMAPS 
trace:  ----------HomePickerState::ManageIconHighlightBitmapLoading----------
trace:  ----------HomePickerState::MakeIconHighlightBitmap----------icon14
trace:  MODE_LOAD_ICON_HIGHLIGHT_BITMAPS 
trace:  ----------HomePickerState::ManageIconHighlightBitmapLoading----------
trace:  MODE_LOAD_ICON_BITMAPS 
trace:  ----------HomePickerState::ManageIconBitmapLoading----------
trace:  ----------HomePickerState::MakeIconBitmap----------icon9
trace:  MODE_LOAD_ICON_BITMAPS 
trace:  ----------HomePickerState::ManageIconBitmapLoading----------
trace:  ----------HomePickerState::MakeIconBitmap----------icon10
trace:  MODE_LOAD_ICON_BITMAPS 
trace:  ----------HomePickerState::ManageIconBitmapLoading----------
trace:  ----------HomePickerState::MakeIconBitmap----------icon11
trace:  MODE_LOAD_ICON_BITMAPS 
trace:  ----------HomePickerState::ManageIconBitmapLoading----------
trace:  ----------HomePickerState::MakeIconBitmap----------icon12
trace:  MODE_LOAD_ICON_BITMAPS 
trace:  ----------HomePickerState::ManageIconBitmapLoading----------
trace:  ----------HomePickerState::MakeIconBitmap----------icon13
trace:  MODE_LOAD_ICON_BITMAPS 
trace:  ----------HomePickerState::ManageIconBitmapLoading----------
trace:  ----------HomePickerState::MakeIconBitmap----------icon14
trace:  MODE_LOAD_ICON_BITMAPS 
trace:  ----------HomePickerState::ManageIconBitmapLoading----------
trace:  MODE_BITMAP_BACKGROUND 
trace:  ----------HomePickerState::ManageBackgroundBitmapping----------
trace:  MODE_INITIALIZE_PET 
trace:  ----------HomePickerState::ManagePetInitialization----------
trace:  MODE_RESUME_PET 
trace:  ----------HomePickerState::ManagePetResume----------
trace:  ----------UIPetLPAD::ResumePet----------
trace:  ----------PetAccelerometerManager::Activate----------
[0x6] AddListener: added listener 0x45863530, total number 5
trace:  ----------UIPetLPAD::EnableButtons----------
trace:  ----------HomePickerState::ProcessMouseDown----------
trace:  ----------HomePickerState::ProcessMouseUp----------
trace:  ----------HomePickerState::ChangePage( 1 )----------
trace:  ----------HomePickerState::DisableButtons----------
[0x200] SystemPlugin::SetTouchscreenSampleRate( 1 ): false
trace:  ----------HomePickerState::DisableArrows----------
trace:  ----------HomePickerState::SetNumberOfIconsOnCurrentPage----------
trace:  ----------HomePickerState::SwapAnimatingIconsToBitmap----------
trace:  ----------HomePickerState::EnableButtons----------
[0x200] SystemPlugin::ResetTouchscreenSampleRate(): false
trace:  ----------HomePickerState::EnableArrows----------
[0x200] SystemPlugin::ResetTouchscreenSampleRate(): false
trace:  ----------HomePickerState::EnableArrows----------
[0x200] SystemPlugin::ResetTouchscreenSampleRate(): false
trace:  ----------HomePickerState::SwapAnimatingIconsToBitmap----------
trace:  MODE_RESUME_PET 
trace:  ----------HomePickerState::ManagePetResume----------
trace:  ----------UIPetLPAD::EnableButtons----------
trace:  ----------IdlePrompts::PlayPrompt----------
trace:  ----------IdlePrompts::GetNextPromptToPlay----------Home_Idle_Badge
trace:  profile.GetBadges() and _global._uiData._currProfileUIData.BadgeNumber 11 and 11
trace:  ----------IdlePrompts::PlaySubsequentPrompt----------rightAway = true
trace:  ----------IdlePrompts::PlayPrompt----------
trace:  ----------IdlePrompts::GetNextPromptToPlay----------Home_Idle_Connect
trace:  _profile.GetBadges() and _global._uiData._currProfileUIData.BadgeNumber 11 and 11
[0x200] AppManagerPlugin::isBaseAppRelaunch, FALSE
trace:  ----------IdlePrompts::PlaySubsequentPrompt----------rightAway = true
trace:  ----------IdlePrompts::PlayPrompt----------
trace:  ----------IdlePrompts::GetNextPromptToPlay----------Home_Idle_nav
trace:  _mainPicker._numPages = 2
trace:  --------SoundManager::PlaySequence-----
trace:  --------SoundManager::StopSequence-----
trace:  _sequenceSound = [object Object]
trace:  _sequenceIntervalId = undefined
trace:  --------SoundManager::ClearEndOfSeqCallback-----
trace:  loadSound : sound = /LF/Base/LpadAssets_en/Audio/LPAD_BN0041.mp3
trace:  --------SoundManager::HandleLoad-----
trace:  --------SoundManager::HandleSequence-----
trace:  ----------SoundManager::onSequenceDelay----------
trace:  --------SoundManager::DoEndOfSeqCallback-----[object Object]
trace:  -----Callback.PrintDebugInfo-----
trace:       _cbFunc:  [type Function]
trace:       _cbScope: [object Object]
trace:       _cbArgs:  false
trace:  ----------IdlePrompts::PlaySubsequentPrompt----------rightAway = false
trace:  --------SoundManager::ClearEndOfSeqCallback-----
trace:  ----------UIPetLPAD::StartRandomAnim----------
trace:   -------ob._currState--Idle_Idle1
trace:  ----------HomePickerState::ProcessMouseDown----------
trace:  ----------BaseIconButton::onPress()---------- icon12
trace:  ----------HomePickerState::ProcessIconOnPress----------
trace:  game_info._title = SpongeBob Squarepants
trace:  ----------HomePickerState::ProcessMouseUp----------
trace:  ----------BaseIconButton::onRelease()---------- icon12
trace:  ----------HomePickerState::ProcessIconOnRelease----------
trace:  ----------HomePickerState::DisableButtons----------
[0x200] SystemPlugin::SetTouchscreenSampleRate( 1 ): false
trace:  ----------HomePickerState::DisableArrows----------
trace:  ----------UIPetLPAD::SuspendPet----------
trace:  ----------PetAccelerometerManager::Deactivate----------
[0x6] RemoveListener: removed listener 0x45863530, total number 4
trace:  ----------HomePickerState::PausePrompts----------
trace:  ----------IdlePrompts::PausePrompts----------
trace:  ----------IdlePrompts::SavePromptData----------
trace:  --------SoundManager::StopSequence-----
trace:  _sequenceSound = [object Object]
trace:  _sequenceIntervalId = 7
trace:  --------SoundManager::ClearEndOfSeqCallback-----
trace:  -----Callback.PrintDebugInfo-----
trace:       _cbFunc:  [type Function]
trace:       _cbScope: _level0.mcContent.HomePicker_mc.main_mc
trace:       _cbArgs:  [object Object]
trace:  ----------HomePickerState::PlayAppGameInfoSound----------
trace:  ----------HomePickerState::LaunchApp----------
trace:  ----------SoundManager::StopMusic----------
trace:  ------------TabsTransition::TabsTransition---------------
trace:  _bgToShow = undefined
trace:  _bgToHide = undefined
trace:  ----------StateMachine::ReplaceTopState----------- LaunchApp.swf
trace:  _currState._container = _level0.mcContent.HomePicker_mc
trace:  movieclip = _level0.mcContent.LaunchApp_mc
[0x6] RemoveListener: could not find listener 0x45863a1c, total number 4
trace:  ----------StateMachine::_mcListener.onLoadInit( _level0.mcContent.LaunchApp_mc )----------
trace:  ------------TabsTransition::Init---------------
trace:   _incrementUpper : 97.55
trace:   _incrementLower : 52
trace:  ----------HomePickerState::Exit----------
trace:  ----------HomePickerState::ClearIconBitmaps----------
trace:  ----------HomePickerState::ClearUpperTabBitmap----------
[0x6] RemoveListener: removed listener 0xaaab8, total number 3
[0x6] RemoveListener: could not find listener 0xaaab8, total number 3
trace:  ----------HomePickerState::PausePrompts----------
trace:  ----------IdlePrompts::PausePrompts----------
trace:  ----------IdlePrompts::SavePromptData----------
trace:  --------SoundManager::StopSequence-----
trace:  _sequenceSound = [object Object]
trace:  _sequenceIntervalId = 7
trace:  --------SoundManager::ClearEndOfSeqCallback-----
trace:  ----------SoundManager::FadeOutMusic----------
trace:  _music.position = 12356
trace:  ----------UIPetLPAD::RemovePet----------
trace:  ----------UIPetLPAD::Dispose----------
trace:  ----------PetAccelerometerManager::Dispose----------
[0x6] RemoveListener: could not find listener 0x45863530, total number 3
trace:  ----------UIPetLPAD::Exit----------
[0x200] SystemPlugin::ResetTouchscreenSampleRate(): false
trace:  ------------TabsTransition::Update-------------- 0
trace:   .... animating prev ... 
trace:  ------------TabsTransition::Update-------------- 0
trace:   .... animating prev ... 
trace:  ------------TabsTransition::Update-------------- 0
trace:   .... animating prev ... 
trace:  ------------TabsTransition::Update-------------- 0
trace:   .... animating prev ... 
trace:   ... done animating previous, now start animating next
trace:  ------------TabsTransition::Update-------------- 12
trace:  ------------TabsTransition::Update-------------- 11
trace:  ------------TabsTransition::Update-------------- 10
trace:  ------------TabsTransition::Update-------------- 9
trace:  ------------TabsTransition::Update-------------- 8
trace:  ------------TabsTransition::Update-------------- 7
trace:  ------------TabsTransition::Update-------------- 6
trace:  ------------TabsTransition::Update-------------- 5
trace:  ------------TabsTransition::Update-------------- 4
trace:  ------------TabsTransition::Update-------------- 3
trace:  ------------TabsTransition::Update-------------- 2
trace:  ------------TabsTransition::Update-------------- 1
trace:  _animRefNext._tabWaitForLoad = undefined
trace:   .... animating next ....upper NaN lower NaN
trace:   ... done animating next, done with transition
trace:  ------------TabsTransition::Update-------------- 6
trace:  ------------TabsTransition::Update-------------- 5
trace:  ------------TabsTransition::Update-------------- 4
trace:  ------------TabsTransition::Update-------------- 3
trace:  ------------TabsTransition::Update-------------- 2
trace:  ------------TabsTransition::Update-------------- 1
[0x200] SystemPlugin::SetDidjLegacyFlag( 0 )
[0x280] ReplaceTopApp: 1 DATA IS  NULL ..... 
[0x280] LoadNewApp path = /LF/Bulk/ProgramFiles/LST3-0x00180010-000000/App.so
[0x280] LoadNewApp: before; /LF/Bulk/ProgramFiles/LST3-0x00180010-000000/App.so; 1706; 1619648
[0x280] LoadNewApp: after ; /LF/Bulk/ProgramFiles/LST3-0x00180010-000000/App.so; 1812; 1605888
[0x280] LoadNewApp: loading ViewFrame /LF/Base//EmeraldTitles/LST3-0x00180010-000000/ViewFrame.json
[0x280] mCurrentTransition = kReplaceTopApp !
[0x280] CAppManager::ExitPopUnloadApp()
trace:  ------------TabsTransition::TabsTransition---------------
trace:  _bgToShow = undefined
trace:  _bgToHide = undefined
trace:  ----------StateMachine::ReplaceTopState----------- HomePicker.swf
trace:  _currState._container = _level0.mcContent.LaunchApp_mc
trace:  movieclip = _level0.mcContent.HomePicker_mc
[0x6] RemoveListener: could not find listener 0x45863a1c, total number 3
[0x6] RemoveListener: could not find listener 0x45863530, total number 3
[0x6] RemoveListener: removed listener 0x44e24, total number 2
[0x6] RemoveListener: removed listener 0x44de0, total number 1
[0x5] UnRegisterLayer: 0x44f30: 480x272 (1920) @ 0x8217e800
[0x5] DestroyHandle: 0x44f30: 480x272 (1920) @ 0x8217e800
[0x5] UnRegisterLayer: 0x44f30: 480x272 (1920) @ 0x8217e800
[0x5] DeAllocBuffer: remove offset 0017E800, length 0007F800
[0x5] UnRegisterLayer: 0x44fc0: 480x272 (1920) @ 0x455cd008
[0x5] DestroyHandle: 0x44fc0: 480x272 (1920) @ 0x455cd008
[0x5] UnRegisterLayer: 0x44fc0: 480x272 (1920) @ 0x455cd008
[0x6] RemoveListener: could not find listener 0x44ec0, total number 1
MPCriticalSection::~MPCriticalSection() error 22
[0x6] RemoveListener: could not find listener 0x44e24, total number 1
[0x6] RemoveListener: could not find listener 0x44de0, total number 1
[0x280] ExitPopUnloadApp: before; /LF/Base/LPAD/; 1943; 1596780
[0x280] ExitPopUnloadApp: before UnloadModule /LF/Base/LPAD/
[0x280] ExitPopUnloadApp: module unloaded 120600
[0x280] ExitPopUnloadApp: after ; /LF/Base/LPAD/; 1949; 1596780
[0x280] ExitPopUnloadApp: OGL context still active after unloading
[0x280] ExitPopUnloadApp: aborting all Atomic I/O with fabortAllAtomic
[0xf] fabortAllAtomic: aborted 0 files
[0x280] CGameViewFrame::Enter
[0x0] DaemonControl socket connect failed ret=-1
[0x6] AddListener: added listener 0x85540, total number 2
[0x5] CreateHandle: 0xaa3c0: 320x240 (1920) @ 0x82400000
[0x5] RegisterLayer: 0xaa3c0: 320x240 (1920) @ 0x82400000
[0x5] SetWindowPosition: 0xaa3c0: 0,0 .. 320,240
[0x5] SetWindowPosition: 0xaa3c0: 0,0 .. 320,240
[0x5] eglInitialize()
[0x5] eglInitialize(): success = 1, version = 1.4
[0x5] OpenGL ES vendor = Tadpole
[0x5] OpenGL ES version = 1.4 Tadpole
[0x5] OpenGL ES extensions = 
[0x5] eglChooseConfig()
[0x5] eglCreateWindowSurface()
[0x5] eglCreateContext()
[0x5] eglMakeCurrent()
[0x5] eglSwapBuffers()
[0x5] RegisterLayer: 0xaa3c0: 320x240 (1920) @ 0x82400000
[0x5] SetWindowPosition: 0xaa3c0: 0,0 .. 320,240
[0x5] display handle = 0xaa3c0
[0x6] AddListener: added listener 0xaa708, total number 3
[0x6] AddListener: added listener 0xaa708, total number 4
[0x6] AddListener: added listener 0x43c20, total number 5
[0x6] AddListener: added listener 0x10fd4c, total number 6
[0x281] WARNING:  Use of a deprecated function: LeapFrog::Brio::CPath CSystemData::GetDataProfileGamePath(tPlayerID)
[0x281] CJSonFile::Load() failed to open (filehandle was NULL) mRsrcPath = /LF/Bulk/Data/Local/0/./Milestones.json
[0x281] CJSonFile::Load() failed to open (filehandle was NULL) mRsrcPath = /LF/Bulk/Data/Local/0/./Milestones.json
CurManager::NextQuestion()
NO CYO
CYO is not used
CYO IS the SAME as active
CurManager::SetupTheQuestion()
LOCALE IS: 'en-us'
CurManager::GenerateTheQuestion() Problem Generation Start. Fractions: Level - 1-1 (CYO Not Active)
CurManager::SetupTheQuestion(): Question Index should be: 0
Question Index: 0
Question - 4, What part of this shape is orange?, 158, 78, 0, 0, 0, 2
CA - 2, 0, 1/2, 0, 0
WA(0) - 2, 0, 1/3, 0, 0
WA(1) - 2, 0, 1/4, 0, 0
WA(2) - 0, 0, , 0, 0
CurManager::NextQuestion()
NO CYO
CYO is not used
CYO IS the SAME as active
CurManager::SetupTheQuestion()
LOCALE IS: 'en-us'
CurManager::GenerateTheQuestion() Problem Generation Start. Fractions: Level - 1-1 (CYO Not Active)
CurManager::SetupTheQuestion(): Question Index should be: 0
Question Index: 0
Question - 4, What part of this shape is orange?, 158, 78, 0, 0, 0, 2
CA - 2, 0, 1/2, 0, 0
WA(0) - 2, 0, 1/3, 0, 0
WA(1) - 2, 0, 1/4, 0, 0
WA(2) - 0, 0, , 0, 0
[0x281] CJSonFile::Load() failed to open (filehandle was NULL) mRsrcPath = /LF/Bulk/Data/Local/0/./Milestones.json
CurManager::NextQuestion()
NO CYO
CYO is not used
CYO IS the SAME as active
CurManager::SetupTheQuestion()
LOCALE IS: 'en-us'
CurManager::GenerateTheQuestion() Problem Generation Start. Fractions: Level - 1-1 (CYO Not Active)
CurManager::SetupTheQuestion(): Question Index should be: 0
Question Index: 0
Question - 4, What part of this shape is orange?, 158, 78, 0, 0, 0, 2
CA - 2, 0, 1/2, 0, 0
WA(0) - 2, 0, 1/3, 0, 0
WA(1) - 2, 0, 1/4, 0, 0
WA(2) - 0, 0, , 0, 0
CurManager::NextQuestion()
NO CYO
CYO is not used
CYO IS the SAME as active
CurManager::SetupTheQuestion()
LOCALE IS: 'en-us'
CurManager::GenerateTheQuestion() Problem Generation Start. Fractions: Level - 1-1 (CYO Not Active)
CurManager::SetupTheQuestion(): Question Index should be: 0
Question Index: 0
Question - 4, What part of this shape is orange?, 158, 78, 0, 0, 0, 2
CA - 2, 0, 1/2, 0, 0
WA(0) - 2, 0, 1/3, 0, 0
WA(1) - 2, 0, 1/4, 0, 0
WA(2) - 0, 0, , 0, 0
[0x281] CJSonFile::Load() failed to open (filehandle was NULL) mRsrcPath = /LF/Bulk/Data/Local/0/./Milestones.json
[0x281] CJSonFile::Load() failed to open (filehandle was NULL) mRsrcPath = /LF/Bulk/Data/Local/0/./Milestones.json
CurManager::NextQuestion()
NO CYO
CYO is not used
CYO IS the SAME as active
CurManager::SetupTheQuestion()
LOCALE IS: 'en-us'
CurManager::GenerateTheQuestion() Problem Generation Start. Fractions: Level - 1-1 (CYO Not Active)
CurManager::SetupTheQuestion(): Question Index should be: 0
Question Index: 0
Question - 4, What part of this shape is orange?, 158, 78, 0, 0, 0, 2
CA - 2, 0, 1/2, 0, 0
WA(0) - 2, 0, 1/3, 0, 0
WA(1) - 2, 0, 1/4, 0, 0
WA(2) - 0, 0, , 0, 0
[0x281] CJSonFile::Load() failed to open (filehandle was NULL) mRsrcPath = /LF/Bulk/Data/Local/0/./Milestones.json
CurManager::NextQuestion()
NO CYO
CYO is not used
CYO IS the SAME as active
CurManager::SetupTheQuestion()
LOCALE IS: 'en-us'
CurManager::GenerateTheQuestion() Problem Generation Start. Fractions: Level - 1-1 (CYO Not Active)
CurManager::SetupTheQuestion(): Question Index should be: 0
Question Index: 0
Question - 4, What part of this shape is orange?, 158, 78, 0, 0, 0, 2
CA - 2, 0, 1/2, 0, 0
WA(0) - 2, 0, 1/3, 0, 0
WA(1) - 2, 0, 1/4, 0, 0
WA(2) - 0, 0, , 0, 0
[0x281] CJSonFile::Load() failed to open (filehandle was NULL) mRsrcPath = /LF/Bulk/Data/Local/0/./Milestones.json
CurManager::SetupTheQuestion()
LOCALE IS: 'en-us'
CurManager::GenerateTheQuestion() Problem Generation Start. Fractions: Level - 1-1 (CYO Not Active)
CurManager::SetupTheQuestion(): Question Index should be: 0
Question Index: 10
Question - 2, Which shape has 1/2 colored?, 0, 0, 0, 0, 0, 2
CA - 4, 0, Triangle 1/2, 158, 74
WA(0) - 4, 0, Triangle 1/3, 158, 75
WA(1) - 4, 0, Triangle 1/4, 158, 76
WA(2) - 0, 0, , 0, 0
Is CYO enabled: 0
Check for Micromods
[0x281] WARNING:  Use of a deprecated function: LeapFrog::Brio::CPath CSystemData::GetDataProfileGamePath(tPlayerID)
[0xf] fopenAtomic(/LF/Bulk/Data/Local/0/LST3-0x00180010-000000/SPG_USERD_0): mkstemp failed us!
[0x281] CSystemData::FindAudio( L_SX_MenuSong1_6.ogg )
[0x281] CSystemData::FindAudio( L_BROM_StartMenuSfx_6.ogg )
[0x281] CSystemData::FindAudio( L_BROM_DefaultClickSfx_6.ogg )
[0x281] CSystemData::FindAudio( L_BROM_DefaultClickSfx_6.ogg )
[0x281] CSystemData::FindAudio( L_BROM_DefaultClickSfx_6.ogg )
[0x281] CSystemData::FindAudio( L_BROM_DefaultClickSfx_6.ogg )
[0x281] CSystemData::FindAudio( L_BROM_DefaultClickSfx_6.ogg )
[0x281] CSystemData::FindAudio( L_BROM_DefaultClickSfx_6.ogg )
[0x281] CJSonFile::Load() failed to open (filehandle was NULL) mRsrcPath = /LF/Bulk/Data/Local/0/./Milestones.json
[0x281] CJSonFile::Load() failed to open (filehandle was NULL) mRsrcPath = /LF/Bulk/Data/Local/0/./Milestones.json
CurManager::NextQuestion()
NO CYO
CYO is not used
CYO IS the SAME as active
CurManager::SetupTheQuestion()
LOCALE IS: 'en-us'
CurManager::GenerateTheQuestion() Problem Generation Start. Fractions: Level - 1-1 (CYO Not Active)
CurManager::SetupTheQuestion(): Question Index should be: 0
Question Index: 10
Question - 2, Which shape has 1/2 colored?, 0, 0, 0, 0, 0, 2
CA - 4, 0, Triangle 1/2, 158, 74
WA(0) - 4, 0, Triangle 1/3, 158, 75
WA(1) - 4, 0, Triangle 1/4, 158, 76
WA(2) - 0, 0, , 0, 0
CurManager::NextQuestion()
NO CYO
CYO is not used
CYO IS the SAME as active
CurManager::SetupTheQuestion()
LOCALE IS: 'en-us'
CurManager::GenerateTheQuestion() Problem Generation Start. Fractions: Level - 1-1 (CYO Not Active)
CurManager::SetupTheQuestion(): Question Index should be: 0
Question Index: 10
Question - 2, Which shape has 1/2 colored?, 0, 0, 0, 0, 0, 2
CA - 4, 0, Triangle 1/2, 158, 74
WA(0) - 4, 0, Triangle 1/3, 158, 75
WA(1) - 4, 0, Triangle 1/4, 158, 76
WA(2) - 0, 0, , 0, 0
[0x281] CJSonFile::Load() failed to open (filehandle was NULL) mRsrcPath = /LF/Bulk/Data/Local/0/./Milestones.json
CurManager::NextQuestion()
NO CYO
CYO is not used
CYO IS the SAME as active
CurManager::SetupTheQuestion()
LOCALE IS: 'en-us'
CurManager::GenerateTheQuestion() Problem Generation Start. Fractions: Level - 1-1 (CYO Not Active)
CurManager::SetupTheQuestion(): Question Index should be: 0
Question Index: 10
Question - 2, Which shape has 1/2 colored?, 0, 0, 0, 0, 0, 2
CA - 4, 0, Triangle 1/2, 158, 74
WA(0) - 4, 0, Triangle 1/3, 158, 75
WA(1) - 4, 0, Triangle 1/4, 158, 76
WA(2) - 0, 0, , 0, 0
CurManager::NextQuestion()
NO CYO
CYO is not used
CYO IS the SAME as active
CurManager::SetupTheQuestion()
LOCALE IS: 'en-us'
CurManager::GenerateTheQuestion() Problem Generation Start. Fractions: Level - 1-1 (CYO Not Active)
CurManager::SetupTheQuestion(): Question Index should be: 0
Question Index: 10
Question - 2, Which shape has 1/2 colored?, 0, 0, 0, 0, 0, 2
CA - 4, 0, Triangle 1/2, 158, 74
WA(0) - 4, 0, Triangle 1/3, 158, 75
WA(1) - 4, 0, Triangle 1/4, 158, 76
WA(2) - 0, 0, , 0, 0
[0x281] CJSonFile::Load() failed to open (filehandle was NULL) mRsrcPath = /LF/Bulk/Data/Local/0/./Milestones.json
[0x281] CJSonFile::Load() failed to open (filehandle was NULL) mRsrcPath = /LF/Bulk/Data/Local/0/./Milestones.json
CurManager::NextQuestion()
NO CYO
CYO is not used
CYO IS the SAME as active
CurManager::SetupTheQuestion()
LOCALE IS: 'en-us'
CurManager::GenerateTheQuestion() Problem Generation Start. Fractions: Level - 1-1 (CYO Not Active)
CurManager::SetupTheQuestion(): Question Index should be: 0
Question Index: 10
Question - 2, Which shape has 1/2 colored?, 0, 0, 0, 0, 0, 2
CA - 4, 0, Triangle 1/2, 158, 74
WA(0) - 4, 0, Triangle 1/3, 158, 75
WA(1) - 4, 0, Triangle 1/4, 158, 76
WA(2) - 0, 0, , 0, 0
[0x281] CJSonFile::Load() failed to open (filehandle was NULL) mRsrcPath = /LF/Bulk/Data/Local/0/./Milestones.json
CurManager::NextQuestion()
NO CYO
CYO is not used
CYO IS the SAME as active
CurManager::SetupTheQuestion()
LOCALE IS: 'en-us'
CurManager::GenerateTheQuestion() Problem Generation Start. Fractions: Level - 1-1 (CYO Not Active)
CurManager::SetupTheQuestion(): Question Index should be: 0
Question Index: 10
Question - 2, Which shape has 1/2 colored?, 0, 0, 0, 0, 0, 2
CA - 4, 0, Triangle 1/2, 158, 74
WA(0) - 4, 0, Triangle 1/3, 158, 75
WA(1) - 4, 0, Triangle 1/4, 158, 76
WA(2) - 0, 0, , 0, 0
[0x281] CJSonFile::Load() failed to open (filehandle was NULL) mRsrcPath = /LF/Bulk/Data/Local/0/./Milestones.json
CurManager::SetupTheQuestion()
LOCALE IS: 'en-us'
CurManager::GenerateTheQuestion() Problem Generation Start. Fractions: Level - 1-1 (CYO Not Active)
CurManager::SetupTheQuestion(): Question Index should be: 0
Question Index: 1
Question - 4, What part of this shape is orange?, 158, 74, 0, 0, 0, 2
CA - 2, 0, 1/2, 0, 0
WA(0) - 2, 0, 1/3, 0, 0
WA(1) - 2, 0, 1/4, 0, 0
WA(2) - 0, 0, , 0, 0
Is CYO enabled: 0
[0x281] CSystemData::FindAudio( L_BROM_MenuSelectSfx_6.ogg )
[0x281] CSystemData::FindAudio( L_BROM_MenuSelectSfx_6.ogg )
[0x281] CSystemData::FindAudio( L_SX_GooLagoonSong_6.ogg )
[0x281] WARNING:  Use of a deprecated function: LeapFrog::Brio::CPath CSystemData::GetDataProfileGamePath(tPlayerID)
[0xf] fopenAtomic(/LF/Bulk/Data/Local/0/LST3-0x00180010-000000/SPG_USERD_0): mkstemp failed us!
[0x281] CSystemData::FindAudio( L_SX_GooLagoonSong_6.ogg )
[0x281] CSystemData::FindAudio( L_SX_AttackSwish3_6.ogg )
[0x281] CSystemData::FindAudio( L_SX_SmallEnemyGetHit_6.ogg )
[0x281] CSystemData::FindAudio( L_SX_BreakWoodenObject_6.ogg )
[0x281] CSystemData::FindAudio( L_SX_SmallEnemyTrip_6.ogg )
[0x281] CSystemData::FindAudio( L_SX_AttackSwish3_6.ogg )
[0x281] CSystemData::FindAudio( L_SX_LargeEnemyGetHit_6.ogg )
[0x281] CSystemData::FindAudio( L_SX_AttackSwish3_6.ogg )
[0x281] CSystemData::FindAudio( L_SX_LargeEnemyGetHit_6.ogg )
[0x281] CSystemData::FindAudio( L_SX_HeavyAttackSwish1_6.ogg )
[0x281] CSystemData::FindAudio( L_SX_AttackSwish2_6.ogg )
[0x281] CSystemData::FindAudio( L_SX_AttackSwish3_6.ogg )
[0x281] CSystemData::FindAudio( L_SX_LargeEnemyGetHit_6.ogg )
[0x281] CSystemData::FindAudio( L_SX_LargeEnemyKnockedDown_6.ogg )
=== AppManager ===
+++ AppManager: Entered main function: 197538.76 12947846.07
[0x6] ButtonPowerUSBTask: Use tslib
[0x6] ButtonPowerUSBTask: tslib: ts_config failed
[0x6] LoadTSLib: use_tslib=0, handle=0x17a60, tsl=(nil), fd=0
[0x6] Start ButtonPowerUSB Task ... !
[0x6] Start Cartridge task ...!
[0x5] InitModule: Screen = 480 x 272
[0x5] InitModule: Screen = 480 x 272, pitch = 1920
[0x5] InitModule: Mapped 82000000 to 0x82000000, size 003fc000
[0x5] InitModule: Screen = 480 x 272, pitch = 1920
[0x5] InitModule: Mapped 82400000 to 0x82400000, size 003fc000
[0x5] InitModule: Screen = 480 x 272, pitch = 1920
[0x5] InitModule: Mapped 82800000 to 0x82800000, size 003fc000
+++ AppManager: Bgn Init Logging: 197538.84 12947850.93
+++ AppManager: Bgn InitMutex: 197538.84 12947851.25
[0x280] ============================================
[0x280]    AppManager ReLaunch Threshold = 5
[0x280] ============================================
[0x5] AllocBuffer: new buf offset 000FF000, length 0007F800
[0x5] CreateHandle: 0x18880: 480x272 (1920) @ 0x820ff000
[0x5] RegisterLayer: 0x18880: 480x272 (1920) @ 0x820ff000
[0x5] SetWindowPosition: 0x18880: 0,0 .. 480,272
[0x280] CAppManager::CAppManager ; LightningBase/Src/AppManager.cpp; 562; 1814044
[0x280] Platform = VALENCIA
[0x280] Shutdown Timer set for 12000 [ms] timeout
[0x280] USB Device Watchdog set for 12 [sec] timeout
[0x0] HasDoomPackageCritical: global doom file detected
+++ AppManager: End SetupSystem: 197538.91 12947855.33
[0x280] AppManager signal handler installed 
[0x0] DaemonControl socket connect failed ret=-1
[0x0] DaemonControl socket connect failed ret=-1
+++ AppManager: End Init CLogFile: 197538.91 12947855.56
[0x6] AddListener: added listener 0x180a8, total number 1
[0x281] CJSonFile::Load() failed to open (filehandle was NULL) mRsrcPath = /LF/Base/DidjPatches/DidjPatches.json
+++ AppManager: End Load DidjPatches: 197538.91 12947855.70
get temp restart player id = -1
+++ AppManager: Bgn Set Profile Logging: 197538.92 12947855.78
+++ AppManager: End Set Profile Logging: 197538.92 12947855.79
[0x1] Found codec: socaudiolfp100, legacy=0
[0x6] ButtonPowerUSBTask: Use tslib
[0x6] ButtonPowerUSBTask: tslib: ts_config failed
[0x6] LoadTSLib: use_tslib=0, handle=0x1a830, tsl=(nil), fd=0
[0x6] ButtonPowerUSBTask: tslib: Falling back on touchscreen interface
[0x1] set_hwparams: buffer time=128000, size=4096
[0x1] set_hwparams: period time=32000, size=1024
[0x1] CallbackThread: starting audio thread 0x30b88
+++ AppManager: End Set Power & USB: 197538.96 12947858.34
[0x280] mCurrentTransition = kLoginApp !
+++ AppManager: Bgn Load main.swf: 197538.96 12947858.41
[0x280] PushApp Start: LPAD/main.swf; LightningBase/Src/AppManager.cpp; 1121; 1808660
[0x280] LoadNewApp path = /LF/Base/LPAD/main.swf
tadpole-view: 480x272, scale 2x, dir /tmp/tadpole
tadpole-view: audio 32000 Hz, 2 ch, 16-bit (period 1024), latency capped at 600 ms
[0x280] LoadNewApp: before; /LF/Base/LPAD/main.swf; 1706; 1910716
[0x280] LoadNewApp: after ; /LF/Base/LPAD/main.swf; 1812; 1899844
[0x280] PushApp Done: LPAD/main.swf; LightningBase/Src/AppManager.cpp; 1123; 1900096
+++ AppManager: End Load main.swf: 197540.00 12947924.59
+++ AppManager: UI loaded: 197540.00 12947924.59
[0x280] mCurrentTransition = kPushApp !
[0x6] AddListener: added listener 0x44bc8, total number 2
[0x6] AddListener: added listener 0x44c0c, total number 3
+++ AppManager: Flash: End Construct DidjPlayer: 197540.01 12947925.20
[0x5] AllocBuffer: new buf offset 0017E800, length 0007F800
[0x5] CreateHandle: 0x44f18: 480x272 (1920) @ 0x8217e800
[0x5] RegisterLayer: 0x44f18: 480x272 (1920) @ 0x8217e800
[0x5] SetWindowPosition: 0x44f18: 0,0 .. 480,272
[0x5] CreateHandle: 0x44f90: 480x272 (1920) @ 0x455cd008
[0x5] RegisterLayer: 0x44f90: 480x272 (1920) @ 0x455cd008
[0x5] UnRegisterLayer: 0x44f90: 480x272 (1920) @ 0x455cd008
[0x5] RegisterLayer: 0x18880: 480x272 (1920) @ 0x820ff000
[0x5] SetWindowPosition: 0x18880: 0,0 .. 480,272
+++ AppManager: Flash: Bgn LoadMovie: 197540.02 12947926.05
+++ AppManager: Flash: Bgn CreatePlayer: 197540.02 12947926.21
[0x281] CSystemData::FindFont( LFCurry.ttf )
[0x281] CSystemData::FindFont( LFCurry.ttf )
+++ AppManager: Flash: End CreatePlayer: 197540.19 12947936.60
+++ AppManager: Flash: End SetFrameBuffer: 197540.20 12947937.32
+++ AppManager: Flash: End LoadMovie: 197540.20 12947937.41
+++ AppManager: UI entered: 197540.20 12947937.42
+++ AppManager: UI updated: 197540.40 12947950.49
get temp restart player id = -1
trace:  ----------main::loadMainStageOne----------
trace:  ----------UIData::GetInstance----------
trace:  ----------UIData::UIData----------
trace:   ### default theme path is : /LF/Bulk/Downloads/PADS-0x1F1E0002-200001/UI_Tropical.swf
trace:  ----------UIData::UIData---------- _0ProfileUIData = undefined
trace:  ----------UIData::UIData---------- _1ProfileUIData = undefined
trace:  ----------UIData::UIData---------- _2ProfileUIData = undefined
trace:  ----------UIData::ResetPaths----------
[0x200] SystemPlugin::GetLocaleCode(): en-us
trace:  cuuLocaleCode = en-us
trace:  _language_code = en
trace:  _language_code = en
trace:  ----------SoundManager::GetInstance----------
trace:  ----------SoundManager::SoundManager----------
trace:  ..... theme is : undefined
[0x200] AppManagerPlugin::isBaseAppRelaunch, FALSE
trace:  ---------------- Main ------------- current logged in player is : 0
trace:  ..... bgPath is : /LF/Base//LpadAssets/Art/UI_StandardBackground.swf
trace:  BG Main Theme Loaded
trace:  ----------main::loadMainStageTwo----------
[0x200] SystemPlugin::SetDidjLegacyFlag( 0 )
[0x200] AppManagerPlugin::isBaseAppRelaunch, FALSE
trace:  ------main:: LF.AppManager.IsBaseAppRelaunch()------false
trace:  ------main:: LF.CSystem.GetLocale()-----en-us
[0x200] AppManagerPlugin::isBaseAppRelaunch, FALSE
trace:  ---------------- Main ------------- current logged in player is : 0
trace:  ----------UIData::isAnyProfilePresent----------
[0xf] fopenAtomic(/LF/Bulk/Data/Local/0/PAD2-0x1F1E0002-100000/UIData.json) returning 0x0005a248
[0xf] fcloseAtomic returning 0
[0xf] fopenAtomic(/LF/Bulk/Data/Local/1/PAD2-0x1F1E0002-100000/UIData.json) returning 0x00059f08
[0xf] fcloseAtomic returning 0
[0xf] fopenAtomic(/LF/Bulk/Data/Local/2/PAD2-0x1F1E0002-100000/UIData.json) returning 0x00059f08
[0xf] fcloseAtomic returning 0
trace:  ----------UIData::isAnyProfilePresent----------
trace:  ------------TabsTransition::TabsTransition---------------
trace:  _bgToShow = undefined
trace:  _bgToHide = undefined
trace:  ----------StateMachine::PushState----------- SignIn.swf
[0x200] SystemPlugin::GetPetResourcesPath(): /LF/Base/PetResources/
trace:  creating /tmp/ui_ready flag
trace:  ########################## setting flag ###### 0
trace:  ----------State::GrabStateData----------
[0x200] SystemPlugin::GetLocaleCode(): en-us
trace:  cuuLocaleCode = en-us
trace:  _language_code = en
trace:  country_code = us
trace:  ----------StateMachine::_mcListener.onLoadInit( _level0.mcContent.SignIn_mc )----------
trace:  ------------TabsTransition::Init---------------
trace:  ------------TabsTransition::Update-------------- 0
trace:  _animRefNext._tabWaitForLoad = undefined
trace:   .... animating next ....upper -39 lower 467
trace:  ------------TabsTransition::Update-------------- 0
trace:  _animRefNext._tabWaitForLoad = undefined
trace:   .... animating next ....upper -26 lower 454
trace:  ------------TabsTransition::Update-------------- 0
trace:  _animRefNext._tabWaitForLoad = undefined
trace:   .... animating next ....upper -13 lower 441
trace:  ------------TabsTransition::Update-------------- 0
trace:  _animRefNext._tabWaitForLoad = undefined
trace:   .... animating next ....upper 0 lower 428
trace:   ... done animating next, done with transition
trace:  ------------TabsTransition::Update-------------- 6
trace:  ------------TabsTransition::Update-------------- 5
trace:  ------------TabsTransition::Update-------------- 4
trace:  ------------TabsTransition::Update-------------- 3
trace:  ------------TabsTransition::Update-------------- 2
trace:  ------------TabsTransition::Update-------------- 1
trace:  ----------main::ChangeBackground----------/LF/Base//LpadAssets/Art/UI_StandardBackground.swf
trace:  --------SoundManager::StopSequence-----
trace:  _sequenceSound = [object Object]
trace:  _sequenceIntervalId = undefined
trace:  --------SoundManager::ClearEndOfSeqCallback-----
trace:  BG Main Theme Loaded in ChangeBackground
trace:  --------SoundManager::PlaySequence-----
trace:  --------SoundManager::StopSequence-----
trace:  _sequenceSound = [object Object]
trace:  _sequenceIntervalId = undefined
trace:  --------SoundManager::ClearEndOfSeqCallback-----
trace:  loadSound : sound = /LF/Base/LpadAssets_en/Audio/LPAD_BN0018.mp3
trace:  --------SoundManager::HandleLoad-----
trace:  --------SoundManager::HandleSequence-----
trace:  ----------SoundManager::onSequenceDelay----------
trace:  -----Callback.PrintDebugInfo-----
trace:       _cbFunc:  [type Function]
trace:       _cbScope: _level0.mcContent.SignIn_mc.main_mc
trace:       _cbArgs:  _level0.mcContent.SignIn_mc.main_mc._0
trace:  --------SoundManager::StopSequence-----
trace:  _sequenceSound = [object Object]
trace:  _sequenceIntervalId = 2
trace:  --------SoundManager::ClearEndOfSeqCallback-----
[0xf] fopenAtomic(/LF/Bulk/settings.cfg) returning 0x00067578
[0xf] fcloseAtomic returning 0
[0x200] SystemPlugin::setCurrentPlayerID( 0 )
trace:  ----------main::DeleteAllPageBitmaps----------
trace:  ------------TabsTransition::TabsTransition---------------
trace:  _bgToShow = null
trace:  _bgToHide = _signInBG
trace:  ----------StateMachine::ReplaceTopState----------- HomePicker.swf
trace:  _currState._container = _level0.mcContent.SignIn_mc
trace:  movieclip = _level0.mcContent.HomePicker_mc
trace:  --------SoundManager::HandleLoad-----
trace:  ----------HomePickerState::HomePickerState----------
trace:  ----------UIPetLPAD::UIPetLPAD----------
[0x200] SystemPlugin::GetLocaleCode(): en-us
[0x200] SystemPlugin::IsLFPlatform(): true
[0x200] SystemPlugin::GetLocaleCode(): en-us
[0x200] SystemPlugin::IsLFPlatform(): true
trace:  --------BaseImageButton::BaseImageButton-----_level0.mcContent.HomePicker_mc._upperTab._userImageBtn
trace:  --------BaseOnPressButton::BaseOnPressButton-----
trace:  --------BaseTextButton::BaseTextButton-----
trace:  ----------StateMachine::_mcListener.onLoadInit( _level0.mcContent.HomePicker_mc )----------
trace:  ------------TabsTransition::Init---------------
trace:   _incrementUpper : 52
trace:   _incrementLower : 52
trace:  ----------UIData::LogIn----------
[0xf] fopenAtomic(/LF/Bulk/settings.cfg) returning 0x000669c0
[0xf] fcloseAtomic returning 0
[0x200] SystemPlugin::setCurrentPlayerID( 0 )
trace:  ################################
trace:   playerId = 0
trace:   _currProfileID = 0
trace:   _currThemePath = /LF/Bulk/Downloads/PADS-0x1F1E0002-200002/UI_Coast.swf
trace:  ################################
trace:  ----------main::ChangeBackground----------/LF/Bulk/Downloads/PADS-0x1F1E0002-200002/UI_Coast.swf
[0xf] fopenAtomic(/LF/Bulk/Data/Local/0/./profile.dsc) returning 0x00067650
[0xf] fcloseAtomic returning 0
[0x200] Setting Current Profile to 0
trace:  ----------HomePickerState::PreEnter----------
trace:  ----------State::GrabStateData----------
[0x200] SystemPlugin::GetLocaleCode(): en-us
trace:  cuuLocaleCode = en-us
trace:  _language_code = en
trace:  country_code = us
trace:  --------BaseTextButton::SetTextField----- Ghb
trace:  WARNING: Player profile picture load failed!
trace:  ----------HomePickerState::OnUserImageLoad----------
trace:  ----------HomePickerState::SetCartStatus---------- 0
trace:  ----------HomePickerState::GetAllIcons----------
[0x200] SystemPlugin::getProgramFileApps - Valencia - getting ready to sort
[0x200] SystemPlugin::getProgramFileApps - Valencia - sort file exists /LF/Bulk/Data/Local/0/PAD2-0x1F1E0002-100000/ProgramFileAppOrder.json
trace:  ----------HomePickerState::AdjustStatusbar----------
trace:  ----------HomePickerState::StartPowerListener----------
[0x6] AddListener: added listener 0x91608, total number 4
trace:  ------------TabsTransition::Update-------------- 0
trace:   .... animating prev ... 
trace:  MODE_LOAD_ICONS 
trace:  ----------HomePickerState::ManageIconLoading----------
trace:  ----------HomePickerState::ChangeCartIconData----------
trace:  ----------HomePickerState::GoToFirstPage----------
trace:  ----------HomePickerState::ChangeCartIconImage----------
trace:  ----------HomePickerState::GetCategoryColorFieldName----------
trace:  ----------HomePickerState::SetCategoryLabelFieldName----------icon0
trace:  ----------HomePickerState::SetIconLabelText----------icon0
trace:  ----------HomePickerState::LoadIconImage----------icon0
trace:  ------------TabsTransition::Update-------------- 0
trace:   .... animating prev ... 
trace:  MODE_LOAD_ICONS 
trace:  ----------HomePickerState::ManageIconLoading----------
trace:  ----------HomePickerState::GetCategoryColorFieldName----------
trace:  ----------HomePickerState::LoadIconData----------icon1
trace:  ----------HomePickerState::SetCategoryLabelFieldName----------icon1
trace:  ----------HomePickerState::SetIconLabelText----------icon1
trace:  ----------HomePickerState::LoadIconImage----------icon1
trace:  ------------TabsTransition::Update-------------- 0
trace:   .... animating prev ... 
trace:  BG Main Theme Loaded in ChangeBackground
trace:  MODE_LOAD_ICONS 
trace:  ----------HomePickerState::ManageIconLoading----------
trace:  ----------HomePickerState::GetCategoryColorFieldName----------
trace:  ----------HomePickerState::LoadIconData----------icon2
trace:  ----------HomePickerState::SetCategoryLabelFieldName----------icon2
trace:  ----------HomePickerState::SetIconLabelText----------icon2
trace:  ----------HomePickerState::LoadIconImage----------icon2
trace:  ------------TabsTransition::Update-------------- 0
trace:   .... animating prev ... 
trace:   ... done animating previous, now start animating next
trace:  MODE_LOAD_ICONS 
trace:  ----------HomePickerState::ManageIconLoading----------
trace:  ----------HomePickerState::GetCategoryColorFieldName----------
trace:  ----------HomePickerState::LoadIconData----------icon3
trace:  ----------HomePickerState::SetCategoryLabelFieldName----------icon3
trace:  ----------HomePickerState::SetIconLabelText----------icon3
trace:  ----------HomePickerState::LoadIconImage----------icon3
trace:  ------------TabsTransition::Update-------------- 12
trace:  MODE_LOAD_ICONS 
trace:  ----------HomePickerState::ManageIconLoading----------
trace:  ----------HomePickerState::GetCategoryColorFieldName----------
trace:  ----------HomePickerState::LoadIconData----------icon4
[0x200] SystemPlugin::getProgramFileApps - Valencia - getting ready to sort
[0x200] SystemPlugin::getProgramFileApps - Valencia - sort file exists /LF/Bulk/Data/Local/0/PAD2-0x1F1E0002-100000/ProgramFileAppOrder.json
trace:  ----------HomePickerState::SetCategoryLabelFieldName----------icon4
trace:  ----------HomePickerState::SetIconLabelText----------icon4
trace:  ----------HomePickerState::LoadIconImage----------icon4
trace:  ------------TabsTransition::Update-------------- 11
trace:  MAKING CART BITMAPS
trace:  ----------HomePickerState::MakeIconHighlightBitmap----------icon0
trace:  ----------HomePickerState::MakeIconBitmap----------icon0
trace:  MODE_LOAD_ICONS 
trace:  ----------HomePickerState::ManageIconLoading----------
trace:  ----------HomePickerState::GetCategoryColorFieldName----------
trace:  ----------HomePickerState::LoadIconData----------icon5
trace:  ----------HomePickerState::SetCategoryLabelFieldName----------icon5
trace:  ----------HomePickerState::SetIconLabelText----------icon5
trace:  ----------HomePickerState::LoadIconImage----------icon5
trace:  ------------TabsTransition::Update-------------- 10
trace:  MODE_LOAD_ICONS 
trace:  ----------HomePickerState::ManageIconLoading----------
trace:  ----------HomePickerState::GetCategoryColorFieldName----------
trace:  ----------HomePickerState::LoadIconData----------icon6
trace:  ----------HomePickerState::SetCategoryLabelFieldName----------icon6
trace:  ----------HomePickerState::SetIconLabelText----------icon6
trace:  ----------HomePickerState::LoadIconImage----------icon6
trace:  ------------TabsTransition::Update-------------- 9
trace:  MODE_LOAD_ICONS 
trace:  ----------HomePickerState::ManageIconLoading----------
trace:  ----------HomePickerState::GetCategoryColorFieldName----------
trace:  ----------HomePickerState::LoadIconData----------icon7
trace:  ----------HomePickerState::SetCategoryLabelFieldName----------icon7
trace:  ----------HomePickerState::SetIconLabelText----------icon7
trace:  ----------HomePickerState::LoadIconImage----------icon7
trace:  ------------TabsTransition::Update-------------- 8
trace:  MODE_LOAD_ICONS 
trace:  ----------HomePickerState::ManageIconLoading----------
trace:  ----------HomePickerState::GetCategoryColorFieldName----------
trace:  ----------HomePickerState::LoadIconData----------icon8
trace:  ----------HomePickerState::SetCategoryLabelFieldName----------icon8
trace:  ----------HomePickerState::SetIconLabelText----------icon8
trace:  ----------HomePickerState::LoadIconImage----------icon8
trace:  ------------TabsTransition::Update-------------- 7
trace:  MODE_LOAD_ICONS 
trace:  ----------HomePickerState::ManageIconLoading----------
trace:  ----------HomePickerState::GetCategoryColorFieldName----------
trace:  ----------HomePickerState::LoadIconData----------icon9
trace:  ----------HomePickerState::SetCategoryLabelFieldName----------icon9
trace:  ----------HomePickerState::SetIconLabelText----------icon9
trace:  ----------HomePickerState::LoadIconImage----------icon9
trace:  ------------TabsTransition::Update-------------- 6
trace:  MODE_LOAD_ICONS 
trace:  ----------HomePickerState::ManageIconLoading----------
trace:  ----------HomePickerState::GetCategoryColorFieldName----------
trace:  ----------HomePickerState::LoadIconData----------icon10
trace:  ----------HomePickerState::SetCategoryLabelFieldName----------icon10
trace:  ----------HomePickerState::SetIconLabelText----------icon10
trace:  ----------HomePickerState::LoadIconImage----------icon10
trace:  ------------TabsTransition::Update-------------- 5
trace:  MODE_LOAD_ICONS 
trace:  ----------HomePickerState::ManageIconLoading----------
trace:  ----------HomePickerState::GetCategoryColorFieldName----------
trace:  ----------HomePickerState::LoadIconData----------icon11
trace:  ----------HomePickerState::SetCategoryLabelFieldName----------icon11
trace:  ----------HomePickerState::SetIconLabelText----------icon11
trace:  ----------HomePickerState::LoadIconImage----------icon11
trace:  ------------TabsTransition::Update-------------- 4
trace:  MODE_LOAD_ICONS 
trace:  ----------HomePickerState::ManageIconLoading----------
trace:  ----------HomePickerState::GetCategoryColorFieldName----------
trace:  ----------HomePickerState::LoadIconData----------icon12
trace:  ----------HomePickerState::SetCategoryLabelFieldName----------icon12
trace:  ----------HomePickerState::SetIconLabelText----------icon12
trace:  ----------HomePickerState::LoadIconImage----------icon12
trace:  ------------TabsTransition::Update-------------- 3
trace:  MODE_LOAD_ICONS 
trace:  ----------HomePickerState::ManageIconLoading----------
trace:  ----------HomePickerState::GetCategoryColorFieldName----------
trace:  ----------HomePickerState::LoadIconData----------icon13
trace:  ----------HomePickerState::SetCategoryLabelFieldName----------icon13
trace:  ----------HomePickerState::SetIconLabelText----------icon13
trace:  ----------HomePickerState::LoadIconImage----------icon13
trace:  ------------TabsTransition::Update-------------- 2
trace:  MODE_LOAD_ICONS 
trace:  ----------HomePickerState::ManageIconLoading----------
trace:  ----------HomePickerState::GetCategoryColorFieldName----------
trace:  ----------HomePickerState::LoadIconData----------icon14
trace:  ----------HomePickerState::SetCategoryLabelFieldName----------icon14
trace:  ----------HomePickerState::SetIconLabelText----------icon14
trace:  ----------HomePickerState::LoadIconImage----------icon14
trace:  ------------TabsTransition::Update-------------- 1
trace:  waiting for load of the image
trace:  MODE_LOAD_ICONS 
trace:  ----------HomePickerState::ManageIconLoading----------
trace:  ------------TabsTransition::Update-------------- 0
trace:  waiting for load of the image
trace:  MODE_LOAD_ICONS 
trace:  ----------HomePickerState::ManageIconLoading----------
trace:  ------------TabsTransition::Update-------------- 0
trace:  waiting for load of the image
trace:  MODE_LOAD_ICONS 
trace:  ----------HomePickerState::ManageIconLoading----------
trace:  ------------TabsTransition::Update-------------- 0
trace:  waiting for load of the image
trace:  ------------TabsTransition::Update-------------- 0
trace:  _animRefNext._tabWaitForLoad = false
trace:   .... animating next ....upper -63.1125 lower 467
trace:  ------------TabsTransition::Update-------------- 0
trace:  _animRefNext._tabWaitForLoad = false
trace:   .... animating next ....upper -40.2625 lower 454
trace:  ------------TabsTransition::Update-------------- 0
trace:  _animRefNext._tabWaitForLoad = false
trace:   .... animating next ....upper -17.4125 lower 441
trace:  ------------TabsTransition::Update-------------- 0
trace:  _animRefNext._tabWaitForLoad = false
trace:   .... animating next ....upper 5.4375 lower 428
trace:   ... done animating next, done with transition
trace:  ------------TabsTransition::Update-------------- 6
trace:  ------------TabsTransition::Update-------------- 5
trace:  ------------TabsTransition::Update-------------- 4
trace:  ------------TabsTransition::Update-------------- 3
trace:  ------------TabsTransition::Update-------------- 2
trace:  ------------TabsTransition::Update-------------- 1
trace:  ----------HomePickerState::Enter----------
trace:  ----------HomePickerState::ActivateButtons----------
trace:  ----------HomePickerState::CheckForConnectNag----------
trace:  MODE_LOAD_ICON_HIGHLIGHT_BITMAPS 
trace:  ----------HomePickerState::ManageIconHighlightBitmapLoading----------
trace:  MODE_LOAD_ICON_HIGHLIGHT_BITMAPS 
trace:  ----------HomePickerState::ManageIconHighlightBitmapLoading----------
trace:  ----------HomePickerState::MakeIconHighlightBitmap----------icon1
trace:  MODE_LOAD_ICON_HIGHLIGHT_BITMAPS 
trace:  ----------HomePickerState::ManageIconHighlightBitmapLoading----------
trace:  ----------HomePickerState::MakeIconHighlightBitmap----------icon2
trace:  MODE_LOAD_ICON_HIGHLIGHT_BITMAPS 
trace:  ----------HomePickerState::ManageIconHighlightBitmapLoading----------
trace:  ----------HomePickerState::MakeIconHighlightBitmap----------icon3
trace:  MODE_LOAD_ICON_HIGHLIGHT_BITMAPS 
trace:  ----------HomePickerState::ManageIconHighlightBitmapLoading----------
trace:  ----------HomePickerState::MakeIconHighlightBitmap----------icon4
trace:  MODE_LOAD_ICON_HIGHLIGHT_BITMAPS 
trace:  ----------HomePickerState::ManageIconHighlightBitmapLoading----------
trace:  ----------HomePickerState::MakeIconHighlightBitmap----------icon5
trace:  MODE_LOAD_ICON_HIGHLIGHT_BITMAPS 
trace:  ----------HomePickerState::ManageIconHighlightBitmapLoading----------
trace:  ----------HomePickerState::MakeIconHighlightBitmap----------icon6
trace:  MODE_LOAD_ICON_HIGHLIGHT_BITMAPS 
trace:  ----------HomePickerState::ManageIconHighlightBitmapLoading----------
trace:  ----------HomePickerState::MakeIconHighlightBitmap----------icon7
trace:  MODE_LOAD_ICON_HIGHLIGHT_BITMAPS 
trace:  ----------HomePickerState::ManageIconHighlightBitmapLoading----------
trace:  ----------HomePickerState::MakeIconHighlightBitmap----------icon8
trace:  MODE_LOAD_ICON_HIGHLIGHT_BITMAPS 
trace:  ----------HomePickerState::ManageIconHighlightBitmapLoading----------
trace:  MODE_LOAD_ICON_BITMAPS 
trace:  ----------HomePickerState::ManageIconBitmapLoading----------
trace:  MODE_LOAD_ICON_BITMAPS 
trace:  ----------HomePickerState::ManageIconBitmapLoading----------
trace:  ----------HomePickerState::MakeIconBitmap----------icon1
trace:  MODE_LOAD_ICON_BITMAPS 
trace:  ----------HomePickerState::ManageIconBitmapLoading----------
trace:  ----------HomePickerState::MakeIconBitmap----------icon2
trace:  MODE_LOAD_ICON_BITMAPS 
trace:  ----------HomePickerState::ManageIconBitmapLoading----------
trace:  ----------HomePickerState::MakeIconBitmap----------icon3
trace:  MODE_LOAD_ICON_BITMAPS 
trace:  ----------HomePickerState::ManageIconBitmapLoading----------
trace:  ----------HomePickerState::MakeIconBitmap----------icon4
trace:  MODE_LOAD_ICON_BITMAPS 
trace:  ----------HomePickerState::ManageIconBitmapLoading----------
trace:  ----------HomePickerState::MakeIconBitmap----------icon5
trace:  MODE_LOAD_ICON_BITMAPS 
trace:  ----------HomePickerState::ManageIconBitmapLoading----------
trace:  ----------HomePickerState::MakeIconBitmap----------icon6
trace:  MODE_LOAD_ICON_BITMAPS 
trace:  ----------HomePickerState::ManageIconBitmapLoading----------
trace:  ----------HomePickerState::MakeIconBitmap----------icon7
trace:  MODE_LOAD_ICON_BITMAPS 
trace:  ----------HomePickerState::ManageIconBitmapLoading----------
trace:  ----------HomePickerState::MakeIconBitmap----------icon8
trace:  MODE_LOAD_ICON_BITMAPS 
trace:  ----------HomePickerState::ManageIconBitmapLoading----------
trace:  MODE_BITMAP_BACKGROUND 
trace:  ----------HomePickerState::ManageBackgroundBitmapping----------
trace:  ----------HomePickerState::MakeUpperTabBitmap----------
trace:  ----------HomePickerState::CheckIfCurrentPageIsLoaded----------
trace:  ----------HomePickerState::EnableButtons----------
[0x200] SystemPlugin::ResetTouchscreenSampleRate(): false
trace:  ----------HomePickerState::EnableArrows----------
[0x200] SystemPlugin::ResetTouchscreenSampleRate(): false
trace:  MODE_BITMAP_BACKGROUND 
trace:  ----------HomePickerState::ManageBackgroundBitmapping----------
trace:  ----------SoundManager::StopMusic----------
trace:  ----------SoundManager::PlayMusic----------
trace:  MODE_INITIALIZE_PET 
trace:  ----------HomePickerState::ManagePetInitialization----------
trace:  ----------HomePickerState::InitializePet----------
trace:  ----------UIPetLPAD::LoadPet----------
trace:  ----------LF.LPAD.Pet.com.frimastudio.emerald.utils.SaveManager::ReadSavedData----------
trace:  About to AddAvatar
trace:  
READ SCRIPT
trace:  READ SCRIPT DONE

trace:  ----------PetAccelerometerManager::PetAccelerometerManager----------
[0x200] AccelerometerPlugin::setAccelerometerRate, rate = 10
trace:  ----------PetAccelerometerManager::Deactivate----------
[0x6] RemoveListener: could not find listener 0x45863530, total number 4
trace:  ----------PetAccelerometerManager::Init----------
trace:  mAvatar._name = _UIPetLPAD
trace:  mIsActive = true
trace:  ----------UIPetLPAD::ChangeStateToJumpIn----------
trace:  ----------UIPetLPAD::ResumePet----------
trace:  ----------PetAccelerometerManager::Activate----------
[0x6] AddListener: added listener 0x45863530, total number 5
trace:  MODE_PLAY_INITIAL_AUDIO_PROMPTS 
trace:  ----------HomePickerState::PlayInitialAudioPrompts----------
trace:  ----------IdlePrompts::GetInstance----------
trace:  ----------IdlePrompts::IdlePrompts----------
trace:  ----------IdlePrompts::PullData----------
trace:  ----------IdlePrompts::SetAllPrompts----------
trace:  ----------IdlePrompts::StartPromptTimer----------
trace:  MODE_JUMP_PET_IN 
trace:  ----------HomePickerState::ManagePetJumpingIn----------
trace:  ----------UIPetLPAD::SuspendPet----------
trace:  ----------PetAccelerometerManager::Deactivate----------
[0x6] RemoveListener: removed listener 0x45863530, total number 4
trace:  MODE_LOAD_ICONS 
trace:  ----------HomePickerState::ManageIconLoading----------
trace:  MODE_LOAD_ICON_HIGHLIGHT_BITMAPS 
trace:  ----------HomePickerState::ManageIconHighlightBitmapLoading----------
trace:  ----------HomePickerState::MakeIconHighlightBitmap----------icon9
trace:  MODE_LOAD_ICON_HIGHLIGHT_BITMAPS 
trace:  ----------HomePickerState::ManageIconHighlightBitmapLoading----------
trace:  ----------HomePickerState::MakeIconHighlightBitmap----------icon10
trace:  MODE_LOAD_ICON_HIGHLIGHT_BITMAPS 
trace:  ----------HomePickerState::ManageIconHighlightBitmapLoading----------
trace:  ----------HomePickerState::MakeIconHighlightBitmap----------icon11
trace:  MODE_LOAD_ICON_HIGHLIGHT_BITMAPS 
trace:  ----------HomePickerState::ManageIconHighlightBitmapLoading----------
trace:  ----------HomePickerState::MakeIconHighlightBitmap----------icon12
trace:  MODE_LOAD_ICON_HIGHLIGHT_BITMAPS 
trace:  ----------HomePickerState::ManageIconHighlightBitmapLoading----------
trace:  ----------HomePickerState::MakeIconHighlightBitmap----------icon13
trace:  MODE_LOAD_ICON_HIGHLIGHT_BITMAPS 
trace:  ----------HomePickerState::ManageIconHighlightBitmapLoading----------
trace:  ----------HomePickerState::MakeIconHighlightBitmap----------icon14
trace:  MODE_LOAD_ICON_HIGHLIGHT_BITMAPS 
trace:  ----------HomePickerState::ManageIconHighlightBitmapLoading----------
trace:  MODE_LOAD_ICON_BITMAPS 
trace:  ----------HomePickerState::ManageIconBitmapLoading----------
trace:  ----------HomePickerState::MakeIconBitmap----------icon9
trace:  MODE_LOAD_ICON_BITMAPS 
trace:  ----------HomePickerState::ManageIconBitmapLoading----------
trace:  ----------HomePickerState::MakeIconBitmap----------icon10
trace:  MODE_LOAD_ICON_BITMAPS 
trace:  ----------HomePickerState::ManageIconBitmapLoading----------
trace:  ----------HomePickerState::MakeIconBitmap----------icon11
trace:  MODE_LOAD_ICON_BITMAPS 
trace:  ----------HomePickerState::ManageIconBitmapLoading----------
trace:  ----------HomePickerState::MakeIconBitmap----------icon12
trace:  MODE_LOAD_ICON_BITMAPS 
trace:  ----------HomePickerState::ManageIconBitmapLoading----------
trace:  ----------HomePickerState::MakeIconBitmap----------icon13
trace:  MODE_LOAD_ICON_BITMAPS 
trace:  ----------HomePickerState::ManageIconBitmapLoading----------
trace:  ----------HomePickerState::MakeIconBitmap----------icon14
trace:  MODE_LOAD_ICON_BITMAPS 
trace:  ----------HomePickerState::ManageIconBitmapLoading----------
trace:  MODE_BITMAP_BACKGROUND 
trace:  ----------HomePickerState::ManageBackgroundBitmapping----------
trace:  MODE_INITIALIZE_PET 
trace:  ----------HomePickerState::ManagePetInitialization----------
trace:  MODE_RESUME_PET 
trace:  ----------HomePickerState::ManagePetResume----------
trace:  ----------UIPetLPAD::ResumePet----------
trace:  ----------PetAccelerometerManager::Activate----------
[0x6] AddListener: added listener 0x45863530, total number 5
trace:  ----------UIPetLPAD::EnableButtons----------
trace:  ----------IdlePrompts::PlayPrompt----------
trace:  ----------IdlePrompts::GetNextPromptToPlay----------Home_Idle_Badge
trace:  profile.GetBadges() and _global._uiData._currProfileUIData.BadgeNumber 11 and 11
trace:  ----------IdlePrompts::PlaySubsequentPrompt----------rightAway = true
trace:  ----------IdlePrompts::PlayPrompt----------
trace:  ----------IdlePrompts::GetNextPromptToPlay----------Home_Idle_Connect
trace:  _profile.GetBadges() and _global._uiData._currProfileUIData.BadgeNumber 11 and 11
[0x200] AppManagerPlugin::isBaseAppRelaunch, FALSE
trace:  ----------IdlePrompts::PlaySubsequentPrompt----------rightAway = true
trace:  ----------IdlePrompts::PlayPrompt----------
trace:  ----------IdlePrompts::GetNextPromptToPlay----------Home_Idle_nav
trace:  _mainPicker._numPages = 2
trace:  --------SoundManager::PlaySequence-----
trace:  --------SoundManager::StopSequence-----
trace:  _sequenceSound = [object Object]
trace:  _sequenceIntervalId = 2
trace:  --------SoundManager::ClearEndOfSeqCallback-----
trace:  loadSound : sound = /LF/Base/LpadAssets_en/Audio/LPAD_BN0041.mp3
trace:  --------SoundManager::HandleLoad-----
trace:  --------SoundManager::HandleSequence-----
trace:  ----------SoundManager::onSequenceDelay----------
trace:  --------SoundManager::DoEndOfSeqCallback-----[object Object]
trace:  -----Callback.PrintDebugInfo-----
trace:       _cbFunc:  [type Function]
trace:       _cbScope: [object Object]
trace:       _cbArgs:  false
trace:  ----------IdlePrompts::PlaySubsequentPrompt----------rightAway = false
trace:  --------SoundManager::ClearEndOfSeqCallback-----
trace:  ----------HomePickerState::ProcessMouseDown----------
trace:  ----------HomePickerState::ProcessMouseUp----------
trace:  ----------UIPetLPAD::StartRandomAnim----------
trace:   -------ob._currState--Tricks_RollOver
trace:  ----------HomePickerState::ProcessMouseDown----------
trace:  ----------HomePickerState::OnNavPress----------1
trace:  ----------HomePickerState::ProcessNavPress----------1
trace:  ----------HomePickerState::ChangePage( 1 )----------
trace:  ----------HomePickerState::DisableButtons----------
[0x200] SystemPlugin::SetTouchscreenSampleRate( 1 ): false
trace:  ----------HomePickerState::DisableArrows----------
trace:  ----------HomePickerState::SetNumberOfIconsOnCurrentPage----------
trace:  ----------HomePickerState::SwapAnimatingIconsToBitmap----------
trace:  ----------HomePickerState::ProcessMouseUp----------
trace:  ----------HomePickerState::EnableButtons----------
[0x200] SystemPlugin::ResetTouchscreenSampleRate(): false
trace:  ----------HomePickerState::EnableArrows----------
[0x200] SystemPlugin::ResetTouchscreenSampleRate(): false
trace:  ----------HomePickerState::EnableArrows----------
[0x200] SystemPlugin::ResetTouchscreenSampleRate(): false
trace:  ----------HomePickerState::SwapAnimatingIconsToBitmap----------
trace:  MODE_RESUME_PET 
trace:  ----------HomePickerState::ManagePetResume----------
trace:  ----------UIPetLPAD::EnableButtons----------
trace:  -----Callback.PrintDebugInfo-----
trace:       _cbFunc:  null
trace:       _cbScope: _level0.mcContent.HomePicker_mc.main_mc
trace:       _cbArgs:  undefined
trace:  ----------IdlePrompts::PlayPrompt----------
trace:  ----------IdlePrompts::GetNextPromptToPlay----------Home_Idle_pet
trace:  _profile.GetPetOnUI() = true
trace:  _global._uiData._currProfileUIData.HasLaunchedPetApp = true
trace:  ----------IdlePrompts::PlaySubsequentPrompt----------rightAway = true
trace:  ----------IdlePrompts::PlayPrompt----------
trace:  ----------IdlePrompts::GetNextPromptToPlay----------Home_Idle_profile
trace:  _global._uiData._currProfileUIData.HasProfileBeenViewed = true
trace:  ----------IdlePrompts::PlaySubsequentPrompt----------rightAway = true
trace:  ----------IdlePrompts::PlayPrompt----------
trace:  ----------IdlePrompts::GetNextPromptToPlay----------Home_IconSwapAudio
trace:  ----------IdlePrompts::PlaySubsequentPrompt----------rightAway = true
trace:  ----------HomePickerState::ProcessMouseDown----------
trace:  ----------BaseIconButton::onPress()---------- icon9
trace:  ----------HomePickerState::ProcessIconOnPress----------
trace:  game_info._title = Cooking! Recipes on the Road
trace:  ----------HomePickerState::ProcessMouseUp----------
trace:  ----------BaseIconButton::onRelease()---------- icon9
trace:  ----------HomePickerState::ProcessIconOnRelease----------
trace:  ----------HomePickerState::DisableButtons----------
[0x200] SystemPlugin::SetTouchscreenSampleRate( 1 ): false
trace:  ----------HomePickerState::DisableArrows----------
trace:  ----------UIPetLPAD::SuspendPet----------
trace:  ----------PetAccelerometerManager::Deactivate----------
[0x6] RemoveListener: removed listener 0x45863530, total number 4
trace:  ----------HomePickerState::PausePrompts----------
trace:  ----------IdlePrompts::PausePrompts----------
trace:  ----------IdlePrompts::SavePromptData----------
trace:  --------SoundManager::StopSequence-----
trace:  _sequenceSound = [object Object]
trace:  _sequenceIntervalId = 8
trace:  --------SoundManager::ClearEndOfSeqCallback-----
trace:  -----Callback.PrintDebugInfo-----
trace:       _cbFunc:  [type Function]
trace:       _cbScope: _level0.mcContent.HomePicker_mc.main_mc
trace:       _cbArgs:  [object Object]
trace:  ----------HomePickerState::PlayAppGameInfoSound----------
trace:  ----------HomePickerState::LaunchApp----------
trace:  ----------SoundManager::StopMusic----------
trace:  ------------TabsTransition::TabsTransition---------------
trace:  _bgToShow = undefined
trace:  _bgToHide = undefined
trace:  ----------StateMachine::ReplaceTopState----------- LaunchApp.swf
trace:  _currState._container = _level0.mcContent.HomePicker_mc
trace:  movieclip = _level0.mcContent.LaunchApp_mc
[0x6] RemoveListener: could not find listener 0x45863a1c, total number 4
trace:  ----------StateMachine::_mcListener.onLoadInit( _level0.mcContent.LaunchApp_mc )----------
trace:  ------------TabsTransition::Init---------------
trace:   _incrementUpper : 97.55
trace:   _incrementLower : 52
trace:  ----------HomePickerState::Exit----------
trace:  ----------HomePickerState::ClearIconBitmaps----------
trace:  ----------HomePickerState::ClearUpperTabBitmap----------
[0x6] RemoveListener: removed listener 0x91608, total number 3
[0x6] RemoveListener: could not find listener 0x91608, total number 3
trace:  ----------HomePickerState::PausePrompts----------
trace:  ----------IdlePrompts::PausePrompts----------
trace:  ----------IdlePrompts::SavePromptData----------
trace:  --------SoundManager::StopSequence-----
trace:  _sequenceSound = [object Object]
trace:  _sequenceIntervalId = 8
trace:  --------SoundManager::ClearEndOfSeqCallback-----
trace:  ----------SoundManager::FadeOutMusic----------
trace:  _music.position = 21159
trace:  ----------UIPetLPAD::RemovePet----------
trace:  ----------UIPetLPAD::Dispose----------
trace:  ----------PetAccelerometerManager::Dispose----------
[0x6] RemoveListener: could not find listener 0x45863530, total number 3
trace:  ----------UIPetLPAD::Exit----------
[0x200] SystemPlugin::ResetTouchscreenSampleRate(): false
trace:  ------------TabsTransition::Update-------------- 0
trace:   .... animating prev ... 
trace:  ------------TabsTransition::Update-------------- 0
trace:   .... animating prev ... 
trace:  ------------TabsTransition::Update-------------- 0
trace:   .... animating prev ... 
trace:  ------------TabsTransition::Update-------------- 0
trace:   .... animating prev ... 
trace:   ... done animating previous, now start animating next
trace:  ------------TabsTransition::Update-------------- 12
trace:  ------------TabsTransition::Update-------------- 11
trace:  ------------TabsTransition::Update-------------- 10
trace:  ------------TabsTransition::Update-------------- 9
trace:  ------------TabsTransition::Update-------------- 8
trace:  ------------TabsTransition::Update-------------- 7
trace:  ------------TabsTransition::Update-------------- 6
trace:  ------------TabsTransition::Update-------------- 5
trace:  ------------TabsTransition::Update-------------- 4
trace:  ------------TabsTransition::Update-------------- 3
trace:  ------------TabsTransition::Update-------------- 2
trace:  ------------TabsTransition::Update-------------- 1
trace:  _animRefNext._tabWaitForLoad = undefined
trace:   .... animating next ....upper NaN lower NaN
trace:   ... done animating next, done with transition
trace:  ------------TabsTransition::Update-------------- 6
trace:  ------------TabsTransition::Update-------------- 5
trace:  ------------TabsTransition::Update-------------- 4
trace:  ------------TabsTransition::Update-------------- 3
trace:  ------------TabsTransition::Update-------------- 2
trace:  ------------TabsTransition::Update-------------- 1
[0x200] SystemPlugin::SetDidjLegacyFlag( 0 )
[0x280] ReplaceTopApp: 1 DATA IS  NULL ..... 
[0x280] LoadNewApp path = /LF/Bulk/ProgramFiles/MULT-0x0018004C-000000/App.so
[0x280] LoadNewApp: before; /LF/Bulk/ProgramFiles/MULT-0x0018004C-000000/App.so; 1706; 1716340
[0x280] LoadNewApp: after ; /LF/Bulk/ProgramFiles/MULT-0x0018004C-000000/App.so; 1812; 1723280
[0x280] mCurrentTransition = kReplaceTopApp !
[0x280] CAppManager::ExitPopUnloadApp()
trace:  ------------TabsTransition::TabsTransition---------------
trace:  _bgToShow = undefined
trace:  _bgToHide = undefined
trace:  ----------StateMachine::ReplaceTopState----------- HomePicker.swf
trace:  _currState._container = _level0.mcContent.LaunchApp_mc
trace:  movieclip = _level0.mcContent.HomePicker_mc
[0x6] RemoveListener: could not find listener 0x45863a1c, total number 3
[0x6] RemoveListener: could not find listener 0x45863530, total number 3
[0x6] RemoveListener: removed listener 0x44c0c, total number 2
[0x6] RemoveListener: removed listener 0x44bc8, total number 1
[0x5] UnRegisterLayer: 0x44f18: 480x272 (1920) @ 0x8217e800
[0x5] DestroyHandle: 0x44f18: 480x272 (1920) @ 0x8217e800
[0x5] UnRegisterLayer: 0x44f18: 480x272 (1920) @ 0x8217e800
[0x5] DeAllocBuffer: remove offset 0017E800, length 0007F800
[0x5] UnRegisterLayer: 0x44f90: 480x272 (1920) @ 0x455cd008
[0x5] DestroyHandle: 0x44f90: 480x272 (1920) @ 0x455cd008
[0x5] UnRegisterLayer: 0x44f90: 480x272 (1920) @ 0x455cd008
[0x6] RemoveListener: could not find listener 0x44ea8, total number 1
MPCriticalSection::~MPCriticalSection() error 22
[0x6] RemoveListener: could not find listener 0x44c0c, total number 1
[0x6] RemoveListener: could not find listener 0x44bc8, total number 1
[0x280] ExitPopUnloadApp: before; /LF/Base/LPAD/; 1943; 1813368
[0x280] ExitPopUnloadApp: before UnloadModule /LF/Base/LPAD/
[0x280] ExitPopUnloadApp: module unloaded 120432
[0x280] ExitPopUnloadApp: after ; /LF/Base/LPAD/; 1949; 1819508
[0x280] ExitPopUnloadApp: OGL context still active after unloading
[0x280] ExitPopUnloadApp: aborting all Atomic I/O with fabortAllAtomic
[0xf] fabortAllAtomic: aborted 0 files
[0x400] [EgApp] Enter()
[0x400] 	Title Path: /LF/Bulk/ProgramFiles/MULT-0x0018004C-000000/
[0x400] 	ProductID: 1572940
[0x400] 	PartNumber: 152-12941
[0x400] 	productVersion: 1.0.1.0
[0x400] 	log data version: 1
[0x400] [EgGameState] Got playerID: 0
[0x282] CGraphics2D::init()
[0x5] CreateHandle: 0x110608: 480x272 (1920) @ 0x82400000
[0x5] RegisterLayer: 0x110608: 480x272 (1920) @ 0x82400000
[0x5] SetWindowPosition: 0x110608: 0,0 .. 480,272
[0x5] SetWindowPosition: 0x110608: 0,0 .. 480,272
[0x5] eglInitialize()
[0x5] eglInitialize(): success = 1, version = 1.4
[0x5] OpenGL ES vendor = Tadpole
[0x5] OpenGL ES version = 1.4 Tadpole
[0x5] OpenGL ES extensions = 
[0x5] eglChooseConfig()
[0x5] eglCreateWindowSurface()
[0x5] eglCreateContext()
[0x5] eglMakeCurrent()
[0x5] eglSwapBuffers()
[0x5] RegisterLayer: 0x110608: 480x272 (1920) @ 0x82400000
[0x5] SetWindowPosition: 0x110608: 0,0 .. 480,272
[0x5] display handle = 0x110608
[0x400] [EgGameState] Set touchscreen rate to 50
[0x400] [EgGameState] Got touchscreen setting of 50
[0x400] GetProgramFilesPath: /LF/Bulk/ProgramFiles/
[0x400] GetBasePath: /LF/Base/
[0x400] GetRootPath: /LF/
[0x400] GetCartPath: /LF/Cart/
[0x400] Name: /LF/Bulk/ProgramFiles/MULT-0x0018004C-000000/
[0x400] Set app base to: /LF/Bulk/ProgramFiles/MULT-0x0018004C-000000/
[0x400] Set doc base to: /LF/Bulk/Data/Local/0/MULT-0x0018004C-000000/
NitroMain1
NitroMain2
NitroMain3
NitroMain4
NitroMain5
NitroMain6
NitroMain7
[0xf] fopenAtomic(/LF/Bulk/Data/Local/0/MULT-0x0018004C-000000/SAVE.DAT): mkstemp failed us!
[0x6] AddListener: added listener 0x45ce1048, total number 2
Transition took       6 ms.
NitroMain8
NitroMain9
[0x400] [EgPickerState] PICKER STARTED

[0x6] AddListener: added listener 0xafcb8, total number 3
[0x281] CSystemData::FindFont( DidjPropBold.ttf )
[0x281] CSystemData::FindArt( missingAsset.png )
[0x0] CTexturePNG::LoadPNG() failed to open file: /LF/Bulk/ProgramFiles/MULT-0x0018004C-000000/images/titleBar.png
[0x281] CSystemData::FindArt( missingAsset.png )
[0x0] CTexturePNG::LoadPNG() failed to open file: /LF/Bulk/ProgramFiles/MULT-0x0018004C-000000/images/bg.png
[0x6] AddListener: added listener 0x1a734, total number 4
[0x6] AddListener: added listener 0x1a778, total number 5
=== AppManager ===
+++ AppManager: Entered main function: 197620.60 12953098.14
[0x6] ButtonPowerUSBTask: Use tslib
[0x6] ButtonPowerUSBTask: tslib: ts_config failed
[0x6] LoadTSLib: use_tslib=0, handle=0x17a60, tsl=(nil), fd=0
[0x6] Start ButtonPowerUSB Task ... !
[0x6] Start Cartridge task ...!
[0x5] InitModule: Screen = 480 x 272
[0x5] InitModule: Screen = 480 x 272, pitch = 1920
[0x5] InitModule: Mapped 82000000 to 0x82000000, size 003fc000
[0x5] InitModule: Screen = 480 x 272, pitch = 1920
[0x5] InitModule: Mapped 82400000 to 0x82400000, size 003fc000
[0x5] InitModule: Screen = 480 x 272, pitch = 1920
[0x5] InitModule: Mapped 82800000 to 0x82800000, size 003fc000
+++ AppManager: Bgn Init Logging: 197620.67 12953102.89
+++ AppManager: Bgn InitMutex: 197620.68 12953103.19
[0x280] ============================================
[0x280]    AppManager ReLaunch Threshold = 5
[0x280] ============================================
[0x5] AllocBuffer: new buf offset 000FF000, length 0007F800
[0x5] CreateHandle: 0x188c0: 480x272 (1920) @ 0x820ff000
[0x5] RegisterLayer: 0x188c0: 480x272 (1920) @ 0x820ff000
[0x5] SetWindowPosition: 0x188c0: 0,0 .. 480,272
[0x280] CAppManager::CAppManager ; LightningBase/Src/AppManager.cpp; 562; 1445612
[0x280] Platform = VALENCIA
[0x280] Shutdown Timer set for 12000 [ms] timeout
[0x280] USB Device Watchdog set for 12 [sec] timeout
[0x0] HasDoomPackageCritical: global doom file detected
+++ AppManager: End SetupSystem: 197620.72 12953105.61
[0x280] AppManager signal handler installed 
[0x0] DaemonControl socket connect failed ret=-1
[0x0] DaemonControl socket connect failed ret=-1
+++ AppManager: End Init CLogFile: 197620.72 12953105.83
[0x6] AddListener: added listener 0x180c0, total number 1
[0x281] CJSonFile::Load() failed to open (filehandle was NULL) mRsrcPath = /LF/Base/DidjPatches/DidjPatches.json
+++ AppManager: End Load DidjPatches: 197620.72 12953105.96
get temp restart player id = -1
+++ AppManager: Bgn Set Profile Logging: 197620.72 12953106.06
+++ AppManager: End Set Profile Logging: 197620.72 12953106.07
[0x1] Found codec: socaudiolfp100, legacy=0
[0x1] set_hwparams: buffer time=128000, size=4096
[0x1] set_hwparams: period time=32000, size=1024
[0x1] CallbackThread: starting audio thread 0x30ac8
+++ AppManager: End Set Power & USB: 197620.76 12953108.44
[0x280] mCurrentTransition = kLoginApp !
+++ AppManager: Bgn Load main.swf: 197620.76 12953108.53
[0x280] PushApp Start: LPAD/main.swf; LightningBase/Src/AppManager.cpp; 1121; 1495376
[0x280] LoadNewApp path = /LF/Base/LPAD/main.swf
[0x280] LoadNewApp: before; /LF/Base/LPAD/main.swf; 1706; 1486556
[0x6] ButtonPowerUSBTask: Use tslib
[0x6] ButtonPowerUSBTask: tslib: ts_config failed
[0x6] LoadTSLib: use_tslib=0, handle=0x1a958, tsl=(nil), fd=0
[0x6] ButtonPowerUSBTask: tslib: Falling back on touchscreen interface
tadpole-view: 480x272, scale 2x, dir /tmp/tadpole
tadpole-view: audio 32000 Hz, 2 ch, 16-bit (period 1024), latency capped at 600 ms
=== AppManager ===
+++ AppManager: Entered main function: 197627.21 12953533.98
[0x6] ButtonPowerUSBTask: Use tslib
[0x6] ButtonPowerUSBTask: tslib: ts_config failed
[0x6] LoadTSLib: use_tslib=0, handle=0x17a60, tsl=(nil), fd=0
[0x6] Start ButtonPowerUSB Task ... !
[0x6] Start Cartridge task ...!
[0x5] InitModule: Screen = 480 x 272
[0x5] InitModule: Screen = 480 x 272, pitch = 1920
[0x5] InitModule: Mapped 82000000 to 0x82000000, size 003fc000
[0x5] InitModule: Screen = 480 x 272, pitch = 1920
[0x5] InitModule: Mapped 82400000 to 0x82400000, size 003fc000
[0x5] InitModule: Screen = 480 x 272, pitch = 1920
[0x5] InitModule: Mapped 82800000 to 0x82800000, size 003fc000
+++ AppManager: Bgn Init Logging: 197627.29 12953539.20
+++ AppManager: Bgn InitMutex: 197627.30 12953539.52
[0x280] ============================================
[0x280]    AppManager ReLaunch Threshold = 5
[0x280] ============================================
[0x5] AllocBuffer: new buf offset 000FF000, length 0007F800
[0x5] CreateHandle: 0x18860: 480x272 (1920) @ 0x820ff000
[0x5] RegisterLayer: 0x18860: 480x272 (1920) @ 0x820ff000
[0x5] SetWindowPosition: 0x18860: 0,0 .. 480,272
[0x280] CAppManager::CAppManager ; LightningBase/Src/AppManager.cpp; 562; 1280356
[0x280] Platform = VALENCIA
[0x280] Shutdown Timer set for 12000 [ms] timeout
[0x280] USB Device Watchdog set for 12 [sec] timeout
[0x0] HasDoomPackageCritical: global doom file detected
+++ AppManager: End SetupSystem: 197627.34 12953542.09
[0x280] AppManager signal handler installed 
[0x0] DaemonControl socket connect failed ret=-1
[0x0] DaemonControl socket connect failed ret=-1
+++ AppManager: End Init CLogFile: 197627.34 12953542.30
[0x6] AddListener: added listener 0x18088, total number 1
[0x281] CJSonFile::Load() failed to open (filehandle was NULL) mRsrcPath = /LF/Base/DidjPatches/DidjPatches.json
+++ AppManager: End Load DidjPatches: 197627.35 12953542.44
get temp restart player id = -1
+++ AppManager: Bgn Set Profile Logging: 197627.35 12953542.54
+++ AppManager: End Set Profile Logging: 197627.35 12953542.55
[0x1] Found codec: socaudiolfp100, legacy=0
[0x1] set_hwparams: buffer time=128000, size=4096
[0x1] set_hwparams: period time=32000, size=1024
[0x1] CallbackThread: starting audio thread 0x30ba8
+++ AppManager: End Set Power & USB: 197627.38 12953544.90
[0x280] mCurrentTransition = kLoginApp !
+++ AppManager: Bgn Load main.swf: 197627.39 12953544.98
[0x280] PushApp Start: LPAD/main.swf; LightningBase/Src/AppManager.cpp; 1121; 1275756
[0x280] LoadNewApp path = /LF/Base/LPAD/main.swf
[0x6] ButtonPowerUSBTask: Use tslib
[0x6] ButtonPowerUSBTask: tslib: ts_config failed
[0x6] LoadTSLib: use_tslib=0, handle=0x1a8f0, tsl=(nil), fd=0
[0x6] ButtonPowerUSBTask: tslib: Falling back on touchscreen interface
[0x280] LoadNewApp: before; /LF/Base/LPAD/main.swf; 1706; 1265020
[0x280] LoadNewApp: after ; /LF/Base/LPAD/main.swf; 1812; 1256956
[0x280] PushApp Done: LPAD/main.swf; LightningBase/Src/AppManager.cpp; 1123; 1257160
+++ AppManager: End Load main.swf: 197627.45 12953549.24
+++ AppManager: UI loaded: 197627.45 12953549.25
[0x280] mCurrentTransition = kPushApp !
[0x6] AddListener: added listener 0x44e00, total number 2
[0x6] AddListener: added listener 0x44e44, total number 3
+++ AppManager: Flash: End Construct DidjPlayer: 197627.46 12953549.78
[0x5] AllocBuffer: new buf offset 0017E800, length 0007F800
[0x5] CreateHandle: 0x44f50: 480x272 (1920) @ 0x8217e800
[0x5] RegisterLayer: 0x44f50: 480x272 (1920) @ 0x8217e800
[0x5] SetWindowPosition: 0x44f50: 0,0 .. 480,272
[0x5] CreateHandle: 0x44fe0: 480x272 (1920) @ 0x455cd008
[0x5] RegisterLayer: 0x44fe0: 480x272 (1920) @ 0x455cd008
[0x5] UnRegisterLayer: 0x44fe0: 480x272 (1920) @ 0x455cd008
[0x5] RegisterLayer: 0x18860: 480x272 (1920) @ 0x820ff000
[0x5] SetWindowPosition: 0x18860: 0,0 .. 480,272
+++ AppManager: Flash: Bgn LoadMovie: 197627.47 12953550.52
+++ AppManager: Flash: Bgn CreatePlayer: 197627.47 12953550.67
[0x281] CSystemData::FindFont( LFCurry.ttf )
[0x281] CSystemData::FindFont( LFCurry.ttf )
tadpole-view: 480x272, scale 2x, dir /tmp/tadpole
tadpole-view: audio 32000 Hz, 2 ch, 16-bit (period 1024), latency capped at 600 ms
+++ AppManager: Flash: End CreatePlayer: 197627.63 12953560.35
+++ AppManager: Flash: End SetFrameBuffer: 197627.64 12953560.98
+++ AppManager: Flash: End LoadMovie: 197627.64 12953561.06
+++ AppManager: UI entered: 197627.64 12953561.07
+++ AppManager: UI updated: 197627.83 12953573.61
get temp restart player id = -1
trace:  ----------main::loadMainStageOne----------
trace:  ----------UIData::GetInstance----------
trace:  ----------UIData::UIData----------
trace:   ### default theme path is : /LF/Bulk/Downloads/PADS-0x1F1E0002-200001/UI_Tropical.swf
trace:  ----------UIData::UIData---------- _0ProfileUIData = undefined
trace:  ----------UIData::UIData---------- _1ProfileUIData = undefined
trace:  ----------UIData::UIData---------- _2ProfileUIData = undefined
trace:  ----------UIData::ResetPaths----------
[0x200] SystemPlugin::GetLocaleCode(): en-us
trace:  cuuLocaleCode = en-us
trace:  _language_code = en
trace:  _language_code = en
trace:  ----------SoundManager::GetInstance----------
trace:  ----------SoundManager::SoundManager----------
trace:  ..... theme is : undefined
[0x200] AppManagerPlugin::isBaseAppRelaunch, FALSE
trace:  ---------------- Main ------------- current logged in player is : 0
trace:  ..... bgPath is : /LF/Base//LpadAssets/Art/UI_StandardBackground.swf
trace:  BG Main Theme Loaded
trace:  ----------main::loadMainStageTwo----------
[0x200] SystemPlugin::SetDidjLegacyFlag( 0 )
[0x200] AppManagerPlugin::isBaseAppRelaunch, FALSE
trace:  ------main:: LF.AppManager.IsBaseAppRelaunch()------false
trace:  ------main:: LF.CSystem.GetLocale()-----en-us
[0x200] AppManagerPlugin::isBaseAppRelaunch, FALSE
trace:  ---------------- Main ------------- current logged in player is : 0
trace:  ----------UIData::isAnyProfilePresent----------
[0xf] fopenAtomic(/LF/Bulk/Data/Local/0/PAD2-0x1F1E0002-100000/UIData.json) returning 0x00059e38
[0xf] fcloseAtomic returning 0
[0xf] fopenAtomic(/LF/Bulk/Data/Local/1/PAD2-0x1F1E0002-100000/UIData.json) returning 0x00059af8
[0xf] fcloseAtomic returning 0
[0xf] fopenAtomic(/LF/Bulk/Data/Local/2/PAD2-0x1F1E0002-100000/UIData.json) returning 0x00059af8
[0xf] fcloseAtomic returning 0
trace:  ----------UIData::isAnyProfilePresent----------
trace:  ------------TabsTransition::TabsTransition---------------
trace:  _bgToShow = undefined
trace:  _bgToHide = undefined
trace:  ----------StateMachine::PushState----------- SignIn.swf
[0x200] SystemPlugin::GetPetResourcesPath(): /LF/Base/PetResources/
trace:  creating /tmp/ui_ready flag
trace:  ########################## setting flag ###### 0
trace:  ----------State::GrabStateData----------
[0x200] SystemPlugin::GetLocaleCode(): en-us
trace:  cuuLocaleCode = en-us
trace:  _language_code = en
trace:  country_code = us
trace:  ----------StateMachine::_mcListener.onLoadInit( _level0.mcContent.SignIn_mc )----------
trace:  ------------TabsTransition::Init---------------
trace:  ------------TabsTransition::Update-------------- 0
trace:  _animRefNext._tabWaitForLoad = undefined
trace:   .... animating next ....upper -39 lower 467
trace:  ------------TabsTransition::Update-------------- 0
trace:  _animRefNext._tabWaitForLoad = undefined
trace:   .... animating next ....upper -26 lower 454
trace:  ------------TabsTransition::Update-------------- 0
trace:  _animRefNext._tabWaitForLoad = undefined
trace:   .... animating next ....upper -13 lower 441
trace:  ------------TabsTransition::Update-------------- 0
trace:  _animRefNext._tabWaitForLoad = undefined
trace:   .... animating next ....upper 0 lower 428
trace:   ... done animating next, done with transition
trace:  ------------TabsTransition::Update-------------- 6
trace:  ------------TabsTransition::Update-------------- 5
trace:  ------------TabsTransition::Update-------------- 4
trace:  ------------TabsTransition::Update-------------- 3
trace:  ------------TabsTransition::Update-------------- 2
trace:  ------------TabsTransition::Update-------------- 1
trace:  ----------main::ChangeBackground----------/LF/Base//LpadAssets/Art/UI_StandardBackground.swf
trace:  --------SoundManager::StopSequence-----
trace:  _sequenceSound = [object Object]
trace:  _sequenceIntervalId = undefined
trace:  --------SoundManager::ClearEndOfSeqCallback-----
trace:  BG Main Theme Loaded in ChangeBackground
trace:  -----Callback.PrintDebugInfo-----
trace:       _cbFunc:  [type Function]
trace:       _cbScope: _level0.mcContent.SignIn_mc.main_mc
trace:       _cbArgs:  _level0.mcContent.SignIn_mc.main_mc._0
trace:  --------SoundManager::StopSequence-----
trace:  _sequenceSound = [object Object]
trace:  _sequenceIntervalId = undefined
trace:  --------SoundManager::ClearEndOfSeqCallback-----
[0xf] fopenAtomic(/LF/Bulk/settings.cfg) returning 0x00067468
[0xf] fcloseAtomic returning 0
[0x200] SystemPlugin::setCurrentPlayerID( 0 )
trace:  ----------main::DeleteAllPageBitmaps----------
trace:  ------------TabsTransition::TabsTransition---------------
trace:  _bgToShow = null
trace:  _bgToHide = _signInBG
trace:  ----------StateMachine::ReplaceTopState----------- HomePicker.swf
trace:  _currState._container = _level0.mcContent.SignIn_mc
trace:  movieclip = _level0.mcContent.HomePicker_mc
trace:  ----------HomePickerState::HomePickerState----------
trace:  ----------UIPetLPAD::UIPetLPAD----------
[0x200] SystemPlugin::GetLocaleCode(): en-us
[0x200] SystemPlugin::IsLFPlatform(): true
[0x200] SystemPlugin::GetLocaleCode(): en-us
[0x200] SystemPlugin::IsLFPlatform(): true
trace:  --------BaseImageButton::BaseImageButton-----_level0.mcContent.HomePicker_mc._upperTab._userImageBtn
trace:  --------BaseOnPressButton::BaseOnPressButton-----
trace:  --------BaseTextButton::BaseTextButton-----
trace:  ----------StateMachine::_mcListener.onLoadInit( _level0.mcContent.HomePicker_mc )----------
trace:  ------------TabsTransition::Init---------------
trace:   _incrementUpper : 52
trace:   _incrementLower : 52
trace:  ----------UIData::LogIn----------
[0xf] fopenAtomic(/LF/Bulk/settings.cfg) returning 0x00066460
[0xf] fcloseAtomic returning 0
[0x200] SystemPlugin::setCurrentPlayerID( 0 )
trace:  ################################
trace:   playerId = 0
trace:   _currProfileID = 0
trace:   _currThemePath = /LF/Bulk/Downloads/PADS-0x1F1E0002-200002/UI_Coast.swf
trace:  ################################
trace:  ----------main::ChangeBackground----------/LF/Bulk/Downloads/PADS-0x1F1E0002-200002/UI_Coast.swf
[0xf] fopenAtomic(/LF/Bulk/Data/Local/0/./profile.dsc) returning 0x000678c8
[0xf] fcloseAtomic returning 0
[0x200] Setting Current Profile to 0
trace:  ----------HomePickerState::PreEnter----------
trace:  ----------State::GrabStateData----------
[0x200] SystemPlugin::GetLocaleCode(): en-us
trace:  cuuLocaleCode = en-us
trace:  _language_code = en
trace:  country_code = us
trace:  --------BaseTextButton::SetTextField----- Ghb
trace:  WARNING: Player profile picture load failed!
trace:  ----------HomePickerState::OnUserImageLoad----------
trace:  ----------HomePickerState::SetCartStatus---------- 0
trace:  ----------HomePickerState::GetAllIcons----------
[0x200] SystemPlugin::getProgramFileApps - Valencia - getting ready to sort
[0x200] SystemPlugin::getProgramFileApps - Valencia - sort file exists /LF/Bulk/Data/Local/0/PAD2-0x1F1E0002-100000/ProgramFileAppOrder.json
trace:  ----------HomePickerState::AdjustStatusbar----------
trace:  ----------HomePickerState::StartPowerListener----------
[0x6] AddListener: added listener 0xaaad8, total number 4
trace:  ------------TabsTransition::Update-------------- 0
trace:   .... animating prev ... 
trace:  MODE_LOAD_ICONS 
trace:  ----------HomePickerState::ManageIconLoading----------
trace:  ----------HomePickerState::ChangeCartIconData----------
trace:  ----------HomePickerState::GoToFirstPage----------
trace:  ----------HomePickerState::ChangeCartIconImage----------
trace:  ----------HomePickerState::GetCategoryColorFieldName----------
trace:  ----------HomePickerState::SetCategoryLabelFieldName----------icon0
trace:  ----------HomePickerState::SetIconLabelText----------icon0
trace:  ----------HomePickerState::LoadIconImage----------icon0
trace:  ------------TabsTransition::Update-------------- 0
trace:   .... animating prev ... 
trace:  MODE_LOAD_ICONS 
trace:  ----------HomePickerState::ManageIconLoading----------
trace:  ----------HomePickerState::GetCategoryColorFieldName----------
trace:  ----------HomePickerState::LoadIconData----------icon1
trace:  ----------HomePickerState::SetCategoryLabelFieldName----------icon1
trace:  ----------HomePickerState::SetIconLabelText----------icon1
trace:  ----------HomePickerState::LoadIconImage----------icon1
trace:  ------------TabsTransition::Update-------------- 0
trace:   .... animating prev ... 
trace:  BG Main Theme Loaded in ChangeBackground
trace:  MODE_LOAD_ICONS 
trace:  ----------HomePickerState::ManageIconLoading----------
trace:  ----------HomePickerState::GetCategoryColorFieldName----------
trace:  ----------HomePickerState::LoadIconData----------icon2
trace:  ----------HomePickerState::SetCategoryLabelFieldName----------icon2
trace:  ----------HomePickerState::SetIconLabelText----------icon2
trace:  ----------HomePickerState::LoadIconImage----------icon2
trace:  ------------TabsTransition::Update-------------- 0
trace:   .... animating prev ... 
trace:   ... done animating previous, now start animating next
trace:  MODE_LOAD_ICONS 
trace:  ----------HomePickerState::ManageIconLoading----------
trace:  ----------HomePickerState::GetCategoryColorFieldName----------
trace:  ----------HomePickerState::LoadIconData----------icon3
trace:  ----------HomePickerState::SetCategoryLabelFieldName----------icon3
trace:  ----------HomePickerState::SetIconLabelText----------icon3
trace:  ----------HomePickerState::LoadIconImage----------icon3
trace:  ------------TabsTransition::Update-------------- 12
trace:  MODE_LOAD_ICONS 
trace:  ----------HomePickerState::ManageIconLoading----------
trace:  ----------HomePickerState::GetCategoryColorFieldName----------
trace:  ----------HomePickerState::LoadIconData----------icon4
[0x200] SystemPlugin::getProgramFileApps - Valencia - getting ready to sort
[0x200] SystemPlugin::getProgramFileApps - Valencia - sort file exists /LF/Bulk/Data/Local/0/PAD2-0x1F1E0002-100000/ProgramFileAppOrder.json
trace:  ----------HomePickerState::SetCategoryLabelFieldName----------icon4
trace:  ----------HomePickerState::SetIconLabelText----------icon4
trace:  ----------HomePickerState::LoadIconImage----------icon4
trace:  ------------TabsTransition::Update-------------- 11
trace:  MAKING CART BITMAPS
trace:  ----------HomePickerState::MakeIconHighlightBitmap----------icon0
trace:  ----------HomePickerState::MakeIconBitmap----------icon0
trace:  MODE_LOAD_ICONS 
trace:  ----------HomePickerState::ManageIconLoading----------
trace:  ----------HomePickerState::GetCategoryColorFieldName----------
trace:  ----------HomePickerState::LoadIconData----------icon5
trace:  ----------HomePickerState::SetCategoryLabelFieldName----------icon5
trace:  ----------HomePickerState::SetIconLabelText----------icon5
trace:  ----------HomePickerState::LoadIconImage----------icon5
trace:  ------------TabsTransition::Update-------------- 10
trace:  MODE_LOAD_ICONS 
trace:  ----------HomePickerState::ManageIconLoading----------
trace:  ----------HomePickerState::GetCategoryColorFieldName----------
trace:  ----------HomePickerState::LoadIconData----------icon6
trace:  ----------HomePickerState::SetCategoryLabelFieldName----------icon6
trace:  ----------HomePickerState::SetIconLabelText----------icon6
trace:  ----------HomePickerState::LoadIconImage----------icon6
trace:  ------------TabsTransition::Update-------------- 9
trace:  MODE_LOAD_ICONS 
trace:  ----------HomePickerState::ManageIconLoading----------
trace:  ----------HomePickerState::GetCategoryColorFieldName----------
trace:  ----------HomePickerState::LoadIconData----------icon7
trace:  ----------HomePickerState::SetCategoryLabelFieldName----------icon7
trace:  ----------HomePickerState::SetIconLabelText----------icon7
trace:  ----------HomePickerState::LoadIconImage----------icon7
trace:  ------------TabsTransition::Update-------------- 8
trace:  MODE_LOAD_ICONS 
trace:  ----------HomePickerState::ManageIconLoading----------
trace:  ----------HomePickerState::GetCategoryColorFieldName----------
trace:  ----------HomePickerState::LoadIconData----------icon8
trace:  ----------HomePickerState::SetCategoryLabelFieldName----------icon8
trace:  ----------HomePickerState::SetIconLabelText----------icon8
trace:  ----------HomePickerState::LoadIconImage----------icon8
trace:  ------------TabsTransition::Update-------------- 7
trace:  MODE_LOAD_ICONS 
trace:  ----------HomePickerState::ManageIconLoading----------
trace:  ----------HomePickerState::GetCategoryColorFieldName----------
trace:  ----------HomePickerState::LoadIconData----------icon9
trace:  ----------HomePickerState::SetCategoryLabelFieldName----------icon9
trace:  ----------HomePickerState::SetIconLabelText----------icon9
trace:  ----------HomePickerState::LoadIconImage----------icon9
trace:  ------------TabsTransition::Update-------------- 6
trace:  MODE_LOAD_ICONS 
trace:  ----------HomePickerState::ManageIconLoading----------
trace:  ----------HomePickerState::GetCategoryColorFieldName----------
trace:  ----------HomePickerState::LoadIconData----------icon10
trace:  ----------HomePickerState::SetCategoryLabelFieldName----------icon10
trace:  ----------HomePickerState::SetIconLabelText----------icon10
trace:  ----------HomePickerState::LoadIconImage----------icon10
trace:  ------------TabsTransition::Update-------------- 5
trace:  MODE_LOAD_ICONS 
trace:  ----------HomePickerState::ManageIconLoading----------
trace:  ----------HomePickerState::GetCategoryColorFieldName----------
trace:  ----------HomePickerState::LoadIconData----------icon11
trace:  ----------HomePickerState::SetCategoryLabelFieldName----------icon11
trace:  ----------HomePickerState::SetIconLabelText----------icon11
trace:  ----------HomePickerState::LoadIconImage----------icon11
trace:  ------------TabsTransition::Update-------------- 4
trace:  MODE_LOAD_ICONS 
trace:  ----------HomePickerState::ManageIconLoading----------
trace:  ----------HomePickerState::GetCategoryColorFieldName----------
trace:  ----------HomePickerState::LoadIconData----------icon12
trace:  ----------HomePickerState::SetCategoryLabelFieldName----------icon12
trace:  ----------HomePickerState::SetIconLabelText----------icon12
trace:  ----------HomePickerState::LoadIconImage----------icon12
trace:  ------------TabsTransition::Update-------------- 3
trace:  MODE_LOAD_ICONS 
trace:  ----------HomePickerState::ManageIconLoading----------
trace:  ----------HomePickerState::GetCategoryColorFieldName----------
trace:  ----------HomePickerState::LoadIconData----------icon13
trace:  ----------HomePickerState::SetCategoryLabelFieldName----------icon13
trace:  ----------HomePickerState::SetIconLabelText----------icon13
trace:  ----------HomePickerState::LoadIconImage----------icon13
trace:  ------------TabsTransition::Update-------------- 2
trace:  MODE_LOAD_ICONS 
trace:  ----------HomePickerState::ManageIconLoading----------
trace:  ----------HomePickerState::GetCategoryColorFieldName----------
trace:  ----------HomePickerState::LoadIconData----------icon14
trace:  ----------HomePickerState::SetCategoryLabelFieldName----------icon14
trace:  ----------HomePickerState::SetIconLabelText----------icon14
trace:  ----------HomePickerState::LoadIconImage----------icon14
trace:  ------------TabsTransition::Update-------------- 1
trace:  waiting for load of the image
trace:  MODE_LOAD_ICONS 
trace:  ----------HomePickerState::ManageIconLoading----------
trace:  ------------TabsTransition::Update-------------- 0
trace:  waiting for load of the image
trace:  MODE_LOAD_ICONS 
trace:  ----------HomePickerState::ManageIconLoading----------
trace:  ------------TabsTransition::Update-------------- 0
trace:  waiting for load of the image
trace:  MODE_LOAD_ICONS 
trace:  ----------HomePickerState::ManageIconLoading----------
trace:  ------------TabsTransition::Update-------------- 0
trace:  waiting for load of the image
trace:  ------------TabsTransition::Update-------------- 0
trace:  _animRefNext._tabWaitForLoad = false
trace:   .... animating next ....upper -63.1125 lower 467
trace:  ------------TabsTransition::Update-------------- 0
trace:  _animRefNext._tabWaitForLoad = false
trace:   .... animating next ....upper -40.2625 lower 454
trace:  ------------TabsTransition::Update-------------- 0
trace:  _animRefNext._tabWaitForLoad = false
trace:   .... animating next ....upper -17.4125 lower 441
trace:  ------------TabsTransition::Update-------------- 0
trace:  _animRefNext._tabWaitForLoad = false
trace:   .... animating next ....upper 5.4375 lower 428
trace:   ... done animating next, done with transition
trace:  ------------TabsTransition::Update-------------- 6
trace:  ------------TabsTransition::Update-------------- 5
trace:  ------------TabsTransition::Update-------------- 4
trace:  ------------TabsTransition::Update-------------- 3
trace:  ------------TabsTransition::Update-------------- 2
trace:  ------------TabsTransition::Update-------------- 1
trace:  ----------HomePickerState::Enter----------
trace:  ----------HomePickerState::ActivateButtons----------
trace:  ----------HomePickerState::CheckForConnectNag----------
trace:  MODE_LOAD_ICON_HIGHLIGHT_BITMAPS 
trace:  ----------HomePickerState::ManageIconHighlightBitmapLoading----------
trace:  MODE_LOAD_ICON_HIGHLIGHT_BITMAPS 
trace:  ----------HomePickerState::ManageIconHighlightBitmapLoading----------
trace:  ----------HomePickerState::MakeIconHighlightBitmap----------icon1
trace:  MODE_LOAD_ICON_HIGHLIGHT_BITMAPS 
trace:  ----------HomePickerState::ManageIconHighlightBitmapLoading----------
trace:  ----------HomePickerState::MakeIconHighlightBitmap----------icon2
trace:  MODE_LOAD_ICON_HIGHLIGHT_BITMAPS 
trace:  ----------HomePickerState::ManageIconHighlightBitmapLoading----------
trace:  ----------HomePickerState::MakeIconHighlightBitmap----------icon3
trace:  MODE_LOAD_ICON_HIGHLIGHT_BITMAPS 
trace:  ----------HomePickerState::ManageIconHighlightBitmapLoading----------
trace:  ----------HomePickerState::MakeIconHighlightBitmap----------icon4
trace:  MODE_LOAD_ICON_HIGHLIGHT_BITMAPS 
trace:  ----------HomePickerState::ManageIconHighlightBitmapLoading----------
trace:  ----------HomePickerState::MakeIconHighlightBitmap----------icon5
trace:  MODE_LOAD_ICON_HIGHLIGHT_BITMAPS 
trace:  ----------HomePickerState::ManageIconHighlightBitmapLoading----------
trace:  ----------HomePickerState::MakeIconHighlightBitmap----------icon6
trace:  MODE_LOAD_ICON_HIGHLIGHT_BITMAPS 
trace:  ----------HomePickerState::ManageIconHighlightBitmapLoading----------
trace:  ----------HomePickerState::MakeIconHighlightBitmap----------icon7
trace:  MODE_LOAD_ICON_HIGHLIGHT_BITMAPS 
trace:  ----------HomePickerState::ManageIconHighlightBitmapLoading----------
trace:  ----------HomePickerState::MakeIconHighlightBitmap----------icon8
trace:  MODE_LOAD_ICON_HIGHLIGHT_BITMAPS 
trace:  ----------HomePickerState::ManageIconHighlightBitmapLoading----------
trace:  MODE_LOAD_ICON_BITMAPS 
trace:  ----------HomePickerState::ManageIconBitmapLoading----------
trace:  MODE_LOAD_ICON_BITMAPS 
trace:  ----------HomePickerState::ManageIconBitmapLoading----------
trace:  ----------HomePickerState::MakeIconBitmap----------icon1
trace:  MODE_LOAD_ICON_BITMAPS 
trace:  ----------HomePickerState::ManageIconBitmapLoading----------
trace:  ----------HomePickerState::MakeIconBitmap----------icon2
trace:  MODE_LOAD_ICON_BITMAPS 
trace:  ----------HomePickerState::ManageIconBitmapLoading----------
trace:  ----------HomePickerState::MakeIconBitmap----------icon3
trace:  MODE_LOAD_ICON_BITMAPS 
trace:  ----------HomePickerState::ManageIconBitmapLoading----------
trace:  ----------HomePickerState::MakeIconBitmap----------icon4
trace:  MODE_LOAD_ICON_BITMAPS 
trace:  ----------HomePickerState::ManageIconBitmapLoading----------
trace:  ----------HomePickerState::MakeIconBitmap----------icon5
trace:  MODE_LOAD_ICON_BITMAPS 
trace:  ----------HomePickerState::ManageIconBitmapLoading----------
trace:  ----------HomePickerState::MakeIconBitmap----------icon6
trace:  MODE_LOAD_ICON_BITMAPS 
trace:  ----------HomePickerState::ManageIconBitmapLoading----------
trace:  ----------HomePickerState::MakeIconBitmap----------icon7
trace:  MODE_LOAD_ICON_BITMAPS 
trace:  ----------HomePickerState::ManageIconBitmapLoading----------
trace:  ----------HomePickerState::MakeIconBitmap----------icon8
trace:  MODE_LOAD_ICON_BITMAPS 
trace:  ----------HomePickerState::ManageIconBitmapLoading----------
trace:  MODE_BITMAP_BACKGROUND 
trace:  ----------HomePickerState::ManageBackgroundBitmapping----------
trace:  ----------HomePickerState::MakeUpperTabBitmap----------
trace:  ----------HomePickerState::CheckIfCurrentPageIsLoaded----------
trace:  ----------HomePickerState::EnableButtons----------
[0x200] SystemPlugin::ResetTouchscreenSampleRate(): false
trace:  ----------HomePickerState::EnableArrows----------
[0x200] SystemPlugin::ResetTouchscreenSampleRate(): false
trace:  MODE_BITMAP_BACKGROUND 
trace:  ----------HomePickerState::ManageBackgroundBitmapping----------
trace:  ----------SoundManager::StopMusic----------
trace:  ----------SoundManager::PlayMusic----------
trace:  MODE_INITIALIZE_PET 
trace:  ----------HomePickerState::ManagePetInitialization----------
trace:  ----------HomePickerState::InitializePet----------
trace:  ----------UIPetLPAD::LoadPet----------
trace:  ----------LF.LPAD.Pet.com.frimastudio.emerald.utils.SaveManager::ReadSavedData----------
trace:  About to AddAvatar
trace:  
READ SCRIPT
trace:  READ SCRIPT DONE

trace:  ----------PetAccelerometerManager::PetAccelerometerManager----------
[0x200] AccelerometerPlugin::setAccelerometerRate, rate = 10
trace:  ----------PetAccelerometerManager::Deactivate----------
[0x6] RemoveListener: could not find listener 0x45863530, total number 4
trace:  ----------PetAccelerometerManager::Init----------
trace:  mAvatar._name = _UIPetLPAD
trace:  mIsActive = true
trace:  ----------UIPetLPAD::ChangeStateToJumpIn----------
trace:  ----------UIPetLPAD::ResumePet----------
trace:  ----------PetAccelerometerManager::Activate----------
[0x6] AddListener: added listener 0x45863530, total number 5
trace:  MODE_PLAY_INITIAL_AUDIO_PROMPTS 
trace:  ----------HomePickerState::PlayInitialAudioPrompts----------
trace:  ----------IdlePrompts::GetInstance----------
trace:  ----------IdlePrompts::IdlePrompts----------
trace:  ----------IdlePrompts::PullData----------
trace:  ----------IdlePrompts::SetAllPrompts----------
trace:  ----------IdlePrompts::StartPromptTimer----------
trace:  MODE_JUMP_PET_IN 
trace:  ----------HomePickerState::ManagePetJumpingIn----------
trace:  ----------UIPetLPAD::SuspendPet----------
trace:  ----------PetAccelerometerManager::Deactivate----------
[0x6] RemoveListener: removed listener 0x45863530, total number 4
trace:  MODE_LOAD_ICONS 
trace:  ----------HomePickerState::ManageIconLoading----------
trace:  MODE_LOAD_ICON_HIGHLIGHT_BITMAPS 
trace:  ----------HomePickerState::ManageIconHighlightBitmapLoading----------
trace:  ----------HomePickerState::MakeIconHighlightBitmap----------icon9
trace:  MODE_LOAD_ICON_HIGHLIGHT_BITMAPS 
trace:  ----------HomePickerState::ManageIconHighlightBitmapLoading----------
trace:  ----------HomePickerState::MakeIconHighlightBitmap----------icon10
trace:  MODE_LOAD_ICON_HIGHLIGHT_BITMAPS 
trace:  ----------HomePickerState::ManageIconHighlightBitmapLoading----------
trace:  ----------HomePickerState::MakeIconHighlightBitmap----------icon11
trace:  MODE_LOAD_ICON_HIGHLIGHT_BITMAPS 
trace:  ----------HomePickerState::ManageIconHighlightBitmapLoading----------
trace:  ----------HomePickerState::MakeIconHighlightBitmap----------icon12
trace:  MODE_LOAD_ICON_HIGHLIGHT_BITMAPS 
trace:  ----------HomePickerState::ManageIconHighlightBitmapLoading----------
trace:  ----------HomePickerState::MakeIconHighlightBitmap----------icon13
trace:  MODE_LOAD_ICON_HIGHLIGHT_BITMAPS 
trace:  ----------HomePickerState::ManageIconHighlightBitmapLoading----------
trace:  ----------HomePickerState::MakeIconHighlightBitmap----------icon14
trace:  MODE_LOAD_ICON_HIGHLIGHT_BITMAPS 
trace:  ----------HomePickerState::ManageIconHighlightBitmapLoading----------
trace:  MODE_LOAD_ICON_BITMAPS 
trace:  ----------HomePickerState::ManageIconBitmapLoading----------
trace:  ----------HomePickerState::MakeIconBitmap----------icon9
trace:  MODE_LOAD_ICON_BITMAPS 
trace:  ----------HomePickerState::ManageIconBitmapLoading----------
trace:  ----------HomePickerState::MakeIconBitmap----------icon10
trace:  MODE_LOAD_ICON_BITMAPS 
trace:  ----------HomePickerState::ManageIconBitmapLoading----------
trace:  ----------HomePickerState::MakeIconBitmap----------icon11
trace:  MODE_LOAD_ICON_BITMAPS 
trace:  ----------HomePickerState::ManageIconBitmapLoading----------
trace:  ----------HomePickerState::MakeIconBitmap----------icon12
trace:  MODE_LOAD_ICON_BITMAPS 
trace:  ----------HomePickerState::ManageIconBitmapLoading----------
trace:  ----------HomePickerState::MakeIconBitmap----------icon13
trace:  MODE_LOAD_ICON_BITMAPS 
trace:  ----------HomePickerState::ManageIconBitmapLoading----------
trace:  ----------HomePickerState::MakeIconBitmap----------icon14
trace:  MODE_LOAD_ICON_BITMAPS 
trace:  ----------HomePickerState::ManageIconBitmapLoading----------
trace:  MODE_BITMAP_BACKGROUND 
trace:  ----------HomePickerState::ManageBackgroundBitmapping----------
trace:  MODE_INITIALIZE_PET 
trace:  ----------HomePickerState::ManagePetInitialization----------
trace:  MODE_RESUME_PET 
trace:  ----------HomePickerState::ManagePetResume----------
trace:  ----------UIPetLPAD::ResumePet----------
trace:  ----------PetAccelerometerManager::Activate----------
[0x6] AddListener: added listener 0x45863530, total number 5
trace:  ----------UIPetLPAD::EnableButtons----------
trace:  ----------IdlePrompts::PlayPrompt----------
trace:  ----------IdlePrompts::GetNextPromptToPlay----------Home_Idle_Badge
trace:  profile.GetBadges() and _global._uiData._currProfileUIData.BadgeNumber 11 and 11
trace:  ----------IdlePrompts::PlaySubsequentPrompt----------rightAway = true
trace:  ----------IdlePrompts::PlayPrompt----------
trace:  ----------IdlePrompts::GetNextPromptToPlay----------Home_Idle_Connect
trace:  _profile.GetBadges() and _global._uiData._currProfileUIData.BadgeNumber 11 and 11
[0x200] AppManagerPlugin::isBaseAppRelaunch, FALSE
trace:  ----------IdlePrompts::PlaySubsequentPrompt----------rightAway = true
trace:  ----------IdlePrompts::PlayPrompt----------
trace:  ----------IdlePrompts::GetNextPromptToPlay----------Home_Idle_nav
trace:  _mainPicker._numPages = 2
trace:  --------SoundManager::PlaySequence-----
trace:  --------SoundManager::StopSequence-----
trace:  _sequenceSound = [object Object]
trace:  _sequenceIntervalId = undefined
trace:  --------SoundManager::ClearEndOfSeqCallback-----
trace:  loadSound : sound = /LF/Base/LpadAssets_en/Audio/LPAD_BN0041.mp3
trace:  --------SoundManager::HandleLoad-----
trace:  ----------UIPetLPAD::StartRandomAnim----------
trace:   -------ob._currState--Tricks_RollOver
trace:  --------SoundManager::HandleSequence-----
trace:  ----------SoundManager::onSequenceDelay----------
trace:  --------SoundManager::DoEndOfSeqCallback-----[object Object]
trace:  -----Callback.PrintDebugInfo-----
trace:       _cbFunc:  [type Function]
trace:       _cbScope: [object Object]
trace:       _cbArgs:  false
trace:  ----------IdlePrompts::PlaySubsequentPrompt----------rightAway = false
trace:  --------SoundManager::ClearEndOfSeqCallback-----
trace:  ----------HomePickerState::ProcessMouseDown----------
trace:  ----------HomePickerState::OnNavPress----------1
trace:  ----------HomePickerState::ProcessNavPress----------1
trace:  ----------HomePickerState::ChangePage( 1 )----------
trace:  ----------HomePickerState::DisableButtons----------
[0x200] SystemPlugin::SetTouchscreenSampleRate( 1 ): false
trace:  ----------HomePickerState::DisableArrows----------
trace:  ----------HomePickerState::SetNumberOfIconsOnCurrentPage----------
trace:  ----------HomePickerState::SwapAnimatingIconsToBitmap----------
trace:  ----------HomePickerState::ProcessMouseUp----------
trace:  ----------HomePickerState::EnableButtons----------
[0x200] SystemPlugin::ResetTouchscreenSampleRate(): false
trace:  ----------HomePickerState::EnableArrows----------
[0x200] SystemPlugin::ResetTouchscreenSampleRate(): false
trace:  ----------HomePickerState::EnableArrows----------
[0x200] SystemPlugin::ResetTouchscreenSampleRate(): false
trace:  ----------HomePickerState::SwapAnimatingIconsToBitmap----------
trace:  MODE_RESUME_PET 
trace:  ----------HomePickerState::ManagePetResume----------
trace:  ----------UIPetLPAD::EnableButtons----------
trace:  -----Callback.PrintDebugInfo-----
trace:       _cbFunc:  null
trace:       _cbScope: _level0.mcContent.HomePicker_mc.main_mc
trace:       _cbArgs:  undefined
trace:  ----------HomePickerState::ProcessMouseDown----------
trace:  ----------BaseIconButton::onPress()---------- icon13
trace:  ----------HomePickerState::ProcessIconOnPress----------
trace:  game_info._title = Disney-Pixar Pixar Pals
trace:  ----------HomePickerState::ProcessMouseUp----------
trace:  ----------BaseIconButton::onRelease()---------- icon13
trace:  ----------HomePickerState::ProcessIconOnRelease----------
trace:  ----------HomePickerState::DisableButtons----------
[0x200] SystemPlugin::SetTouchscreenSampleRate( 1 ): false
trace:  ----------HomePickerState::DisableArrows----------
trace:  ----------UIPetLPAD::SuspendPet----------
trace:  ----------PetAccelerometerManager::Deactivate----------
[0x6] RemoveListener: removed listener 0x45863530, total number 4
trace:  ----------HomePickerState::PausePrompts----------
trace:  ----------IdlePrompts::PausePrompts----------
trace:  ----------IdlePrompts::SavePromptData----------
trace:  --------SoundManager::StopSequence-----
trace:  _sequenceSound = [object Object]
trace:  _sequenceIntervalId = 7
trace:  --------SoundManager::ClearEndOfSeqCallback-----
trace:  -----Callback.PrintDebugInfo-----
trace:       _cbFunc:  [type Function]
trace:       _cbScope: _level0.mcContent.HomePicker_mc.main_mc
trace:       _cbArgs:  [object Object]
trace:  ----------HomePickerState::PlayAppGameInfoSound----------
trace:  ----------HomePickerState::LaunchApp----------
trace:  ----------SoundManager::StopMusic----------
trace:  ------------TabsTransition::TabsTransition---------------
trace:  _bgToShow = undefined
trace:  _bgToHide = undefined
trace:  ----------StateMachine::ReplaceTopState----------- LaunchApp.swf
trace:  _currState._container = _level0.mcContent.HomePicker_mc
trace:  movieclip = _level0.mcContent.LaunchApp_mc
[0x6] RemoveListener: could not find listener 0x45863a1c, total number 4
trace:  ----------StateMachine::_mcListener.onLoadInit( _level0.mcContent.LaunchApp_mc )----------
trace:  ------------TabsTransition::Init---------------
trace:   _incrementUpper : 97.55
trace:   _incrementLower : 52
trace:  ----------HomePickerState::Exit----------
trace:  ----------HomePickerState::ClearIconBitmaps----------
trace:  ----------HomePickerState::ClearUpperTabBitmap----------
[0x6] RemoveListener: removed listener 0xaaad8, total number 3
[0x6] RemoveListener: could not find listener 0xaaad8, total number 3
trace:  ----------HomePickerState::PausePrompts----------
trace:  ----------IdlePrompts::PausePrompts----------
trace:  ----------IdlePrompts::SavePromptData----------
trace:  --------SoundManager::StopSequence-----
trace:  _sequenceSound = [object Object]
trace:  _sequenceIntervalId = 7
trace:  --------SoundManager::ClearEndOfSeqCallback-----
trace:  ----------SoundManager::FadeOutMusic----------
trace:  _music.position = 17450
trace:  ----------UIPetLPAD::RemovePet----------
trace:  ----------UIPetLPAD::Dispose----------
trace:  ----------PetAccelerometerManager::Dispose----------
[0x6] RemoveListener: could not find listener 0x45863530, total number 3
trace:  ----------UIPetLPAD::Exit----------
[0x200] SystemPlugin::ResetTouchscreenSampleRate(): false
trace:  ------------TabsTransition::Update-------------- 0
trace:   .... animating prev ... 
trace:  ------------TabsTransition::Update-------------- 0
trace:   .... animating prev ... 
trace:  ------------TabsTransition::Update-------------- 0
trace:   .... animating prev ... 
trace:  ------------TabsTransition::Update-------------- 0
trace:   .... animating prev ... 
trace:   ... done animating previous, now start animating next
trace:  ------------TabsTransition::Update-------------- 12
trace:  ------------TabsTransition::Update-------------- 11
trace:  ------------TabsTransition::Update-------------- 10
trace:  ------------TabsTransition::Update-------------- 9
trace:  ------------TabsTransition::Update-------------- 8
trace:  ------------TabsTransition::Update-------------- 7
trace:  ------------TabsTransition::Update-------------- 6
trace:  ------------TabsTransition::Update-------------- 5
trace:  ------------TabsTransition::Update-------------- 4
trace:  ------------TabsTransition::Update-------------- 3
trace:  ------------TabsTransition::Update-------------- 2
trace:  ------------TabsTransition::Update-------------- 1
trace:  _animRefNext._tabWaitForLoad = undefined
trace:   .... animating next ....upper NaN lower NaN
trace:   ... done animating next, done with transition
trace:  ------------TabsTransition::Update-------------- 6
trace:  ------------TabsTransition::Update-------------- 5
trace:  ------------TabsTransition::Update-------------- 4
trace:  ------------TabsTransition::Update-------------- 3
trace:  ------------TabsTransition::Update-------------- 2
trace:  ------------TabsTransition::Update-------------- 1
[0x200] SystemPlugin::SetDidjLegacyFlag( 0 )
[0x280] ReplaceTopApp: 1 DATA IS  NULL ..... 
[0x280] LoadNewApp path = /LF/Bulk/ProgramFiles/LST3-0x0018003D-000000/App.so
[0x280] LoadNewApp: before; /LF/Bulk/ProgramFiles/LST3-0x0018003D-000000/App.so; 1706; 1838360
[0x400] GameTitle::GameTitle()
[0x400] GameApp::GameApp()
[0x280] LoadNewApp: after ; /LF/Bulk/ProgramFiles/LST3-0x0018003D-000000/App.so; 1812; 1768780
[0x280] LoadNewApp: loading ViewFrame /LF/Base//EmeraldTitles/Default/ViewFrame.json
[0x280] mCurrentTransition = kReplaceTopApp !
[0x280] CAppManager::ExitPopUnloadApp()
trace:  ------------TabsTransition::TabsTransition---------------
trace:  _bgToShow = undefined
trace:  _bgToHide = undefined
trace:  ----------StateMachine::ReplaceTopState----------- HomePicker.swf
trace:  _currState._container = _level0.mcContent.LaunchApp_mc
trace:  movieclip = _level0.mcContent.HomePicker_mc
[0x6] RemoveListener: could not find listener 0x45863a1c, total number 3
[0x6] RemoveListener: could not find listener 0x45863530, total number 3
[0x6] RemoveListener: removed listener 0x44e44, total number 2
[0x6] RemoveListener: removed listener 0x44e00, total number 1
[0x5] UnRegisterLayer: 0x44f50: 480x272 (1920) @ 0x8217e800
[0x5] DestroyHandle: 0x44f50: 480x272 (1920) @ 0x8217e800
[0x5] UnRegisterLayer: 0x44f50: 480x272 (1920) @ 0x8217e800
[0x5] DeAllocBuffer: remove offset 0017E800, length 0007F800
[0x5] UnRegisterLayer: 0x44fe0: 480x272 (1920) @ 0x455cd008
[0x5] DestroyHandle: 0x44fe0: 480x272 (1920) @ 0x455cd008
[0x5] UnRegisterLayer: 0x44fe0: 480x272 (1920) @ 0x455cd008
[0x6] RemoveListener: could not find listener 0x44ee0, total number 1
MPCriticalSection::~MPCriticalSection() error 22
[0x6] RemoveListener: could not find listener 0x44e44, total number 1
[0x6] RemoveListener: could not find listener 0x44e00, total number 1
[0x280] ExitPopUnloadApp: before; /LF/Base/LPAD/; 1943; 1731432
[0x280] ExitPopUnloadApp: before UnloadModule /LF/Base/LPAD/
[0x280] ExitPopUnloadApp: module unloaded 120392
[0x280] ExitPopUnloadApp: after ; /LF/Base/LPAD/; 1949; 1731432
[0x280] ExitPopUnloadApp: OGL context still active after unloading
[0x280] ExitPopUnloadApp: aborting all Atomic I/O with fabortAllAtomic
[0xf] fabortAllAtomic: aborted 0 files
[0x280] CGameViewFrame::Enter
[0x0] DaemonControl socket connect failed ret=-1
[0x6] AddListener: added listener 0x94130, total number 2
[0x400] GameApp::Enter()
[0x400] GameTitle::Enter()
[0x400] 
[0x400] 
[0x400] 
[0x400] 
[0x400] ---------------------
[0x400] ---- ENTER TITLE ----
[0x400] ---------------------
[0x400] 
[0x400] Creating: GameHost
[0x400] Creating: PathRegistry
[0x400] Creating: ScreenManager
[0x5] CreateHandle: 0x5bab0: 320x240 (1920) @ 0x82400000
[0x5] RegisterLayer: 0x5bab0: 320x240 (1920) @ 0x82400000
[0x5] SetWindowPosition: 0x5bab0: 0,0 .. 320,240
[0x5] SetWindowPosition: 0x5bab0: 0,0 .. 320,240
[0x5] eglInitialize()
[0x5] eglInitialize(): success = 1, version = 1.4
[0x5] OpenGL ES vendor = Tadpole
[0x5] OpenGL ES version = 1.4 Tadpole
[0x5] OpenGL ES extensions = 
[0x5] eglChooseConfig()
[0x5] eglCreateWindowSurface()
[0x5] eglCreateContext()
[0x5] eglMakeCurrent()
[0x5] eglSwapBuffers()
[0x5] RegisterLayer: 0x5bab0: 320x240 (1920) @ 0x82400000
[0x5] SetWindowPosition: 0x5bab0: 0,0 .. 320,240
[0x5] display handle = 0x5bab0
[0x400] Creating: Settings
[0x400] Creating: WindowManager
[0x400] Creating: Input
[0x6] AddListener: added listener 0xa3f8c, total number 3
[0x400] CButtonMPI::SetDpadOrientation(kDpadLandscape)
[0x6] AddListener: added listener 0xa4054, total number 4
[0x400] Creating: FontManager
[0x400] Creating: DebugOverlay
[0x400] Creating: DownloadManager
[0x400] Creating: SoundPlayer
[0x400] Creating: BadgeManager
[0x400] Creating: ModelManager
[0x400] Creating: ScreenTransition()
[0x400] Set virtual pixel mapping for screen 0: [0, 0, 320, 240] (w: 320, h: 240)
[0x400] SceneManager::SceneManager()
[0x400] Load animation: RewardPopUp
[0x400] Load texture: RewardPopUp
[0x400] Load animation: RewardPopUpText
[0x400] Load texture: RewardPopUpText
[0x400] Load animation: LevelUpText
[0x400] Load texture: LevelUpText
[0x400] Load animation: ExitPopUp
[0x400] Load texture: ExitPopUp
[0x400] Load animation: YesButton
[0x400] Load texture: YesButton
[0x400] Load animation: NoButton
[0x400] Load texture: NoButton
[0x400] Load animation: ExitPopUpText
[0x400] Load texture: ExitPopUpText
[0x400] sys.GetCurrentPlayerID() = 0 
[0x400] Load animation: DisneyLogo
[0x400] Load texture: DisneyLogo
[0x400] BackupFile::Write()
[0xf] fopenAtomic(/LF/Bulk/Data/Local/0/LST3-0x0018003D-000000//SaveGame.bin): mkstemp failed us!
[0x400] Unknown error.
[0x400] Could not open file /LF/Bulk/Data/Local/0/LST3-0x0018003D-000000//SaveGame.bin for writing!
[0x400] Scene:LockInput()
[0x400] Load animation: PixarLogo
[0x400] Load texture: PixarLogo
[0x400] BackupFile::Write()
[0xf] fopenAtomic(/LF/Bulk/Data/Local/0/LST3-0x0018003D-000000//SaveGame.bin): mkstemp failed us!
[0x400] Unknown error.
[0x400] Could not open file /LF/Bulk/Data/Local/0/LST3-0x0018003D-000000//SaveGame.bin for writing!
[0x400] Scene:LockInput()
[0x400] Load animation: GameTitleCard
[0x400] Load texture: GameTitleCard
[0x400] SoundManager::Play(PENA0001_alt, soundCategory:1 volume:100  copy:0
[0x400] SoundCategoryData::Add PENA0001_alt [0x43a2c]
[0x400] FindAudioFile: PENA0001_alt (streaming)
[0x400] SoundPlayer::PlayStreaming(PENA0001_alt, idHandle:259, volume:100, priority:100, pan:0, loop:0]
[0x400] SoundCategoryData::OnEventOccurred(0x43a2c, Play) PENA0001_alt 
[0x400] SoundManager::Play() # sounds playing in class 1: 2
[0x400] SoundCategoryData::OnEventOccurred(0x43a2c, PlaybackComplete) PENA0001_alt 
[0x400] SoundCategoryData::Remove PENA0001_alt [0x43a2c]
[0x400] BackupFile::Write()
[0xf] fopenAtomic(/LF/Bulk/Data/Local/0/LST3-0x0018003D-000000//SaveGame.bin): mkstemp failed us!
[0x400] Unknown error.
[0x400] Could not open file /LF/Bulk/Data/Local/0/LST3-0x0018003D-000000//SaveGame.bin for writing!
[0x400] Scene:LockInput()
[0x400] Load animation: M1_Background
[0x400] Load texture: M1_Background
[0x400] Load animation: M1_Button_ToyStory
[0x400] Load texture: M1_Button_ToyStory
[0x400] Load animation: M1_Button_WallE
[0x400] Load texture: M1_Button_WallE
[0x400] Load animation: M1_Button_Nemo
[0x400] Load texture: M1_Button_Nemo
[0x400] Load animation: M1_Button_Puzzle
[0x400] Load texture: M1_Button_Puzzle
[0x400] Load animation: M1_Button_MicroMods
[0x400] Load texture: M1_Button_MicroMods
[0x400] Load animation: M1_Button_Badges
[0x400] Load texture: M1_Button_Badges
[0x400] Load animation: M1_ActivityButton
[0x400] Load texture: M1_ActivityButton
[0x400] Load animation: M1_Medals
[0x400] Load texture: M1_Medals
[0x400] Load animation: M1_MedalSparkle
[0x400] Load texture: M1_MedalSparkle
[0x400] SoundManager::Play(PENA0003, soundCategory:1 volume:100  copy:0
[0x400] SoundCategoryData::Add PENA0003 [0x1f4e2c]
[0x400] FindAudioFile: PENA0003 (streaming)
[0x400] SoundPlayer::PlayStreaming(PENA0003, idHandle:260, volume:100, priority:100, pan:0, loop:0]
[0x400] SoundCategoryData::OnEventOccurred(0x1f4e2c, Play) PENA0003 
[0x400] SoundManager::Play() # sounds playing in class 1: 2
[0x400] FindAudioFile: Music_SplashScreen (streaming)
[0x400] SoundPlayer::PlayStreaming(Music_SplashScreen, idHandle:261, volume:70, priority:100, pan:0, loop:1]
[0x400] SoundCategoryData::OnEventOccurred(0x1f4e2c, PlaybackComplete) PENA0003 
[0x400] SoundCategoryData::Remove PENA0003 [0x1f4e2c]
[0x400] SoundManager::Play(PENA0004, soundCategory:1 volume:100  copy:0
[0x400] SoundCategoryData::Add PENA0004 [0x1f4f04]
[0x400] FindAudioFile: PENA0004 (streaming)
[0x400] SoundPlayer::PlayStreaming(PENA0004, idHandle:262, volume:100, priority:100, pan:0, loop:0]
[0x400] SoundCategoryData::OnEventOccurred(0x1f4f04, Play) PENA0004 
[0x400] SoundManager::Play() # sounds playing in class 1: 2
[0x400] SoundCategoryData::OnEventOccurred(0x1f4f04, PlaybackComplete) PENA0004 
[0x400] SoundCategoryData::Remove PENA0004 [0x1f4f04]
[0x400] SoundManager::Play(PENA0005, soundCategory:1 volume:100  copy:0
[0x400] SoundCategoryData::Add PENA0005 [0x1f500c]
[0x400] FindAudioFile: PENA0005 (streaming)
[0x400] SoundPlayer::PlayStreaming(PENA0005, idHandle:263, volume:100, priority:100, pan:0, loop:0]
[0x400] SoundCategoryData::OnEventOccurred(0x1f500c, Play) PENA0005 
[0x400] SoundManager::Play() # sounds playing in class 1: 2
[0x400] SoundCategoryData::OnEventOccurred(0x1f500c, PlaybackComplete) PENA0005 
[0x400] SoundCategoryData::Remove PENA0005 [0x1f500c]
[0x400] SoundManager::Play(PENA0005b, soundCategory:1 volume:100  copy:0
[0x400] SoundCategoryData::Add PENA0005b [0x1f511c]
[0x400] FindAudioFile: PENA0005b (streaming)
[0x400] SoundPlayer::PlayStreaming(PENA0005b, idHandle:264, volume:100, priority:100, pan:0, loop:0]
[0x400] SoundCategoryData::OnEventOccurred(0x1f511c, Play) PENA0005b 
[0x400] SoundManager::Play() # sounds playing in class 1: 2
[0x400] SoundCategoryData::OnEventOccurred(0x1f511c, PlaybackComplete) PENA0005b 
[0x400] SoundCategoryData::Remove PENA0005b [0x1f511c]
[0x400] SoundManager::Play(PENA0005c, soundCategory:1 volume:100  copy:0
[0x400] SoundCategoryData::Add PENA0005c [0x1f522c]
[0x400] FindAudioFile: PENA0005c (streaming)
[0x400] SoundPlayer::PlayStreaming(PENA0005c, idHandle:265, volume:100, priority:100, pan:0, loop:0]
[0x400] SoundCategoryData::OnEventOccurred(0x1f522c, Play) PENA0005c 
[0x400] SoundManager::Play() # sounds playing in class 1: 2
[0x400] SoundCategoryData::OnEventOccurred(0x1f522c, PlaybackComplete) PENA0005c 
[0x400] SoundCategoryData::Remove PENA0005c [0x1f522c]
[0x400] SoundManager::Play(L_BROM_MenuSelectSfx_6, soundCategory:8 volume:100  copy:1
[0x400] SoundCategoryData::Add L_BROM_MenuSelectSfx_6 [0x1f56a0]
[0x400] FindAudioFile: L_BROM_MenuSelectSfx_6 (streaming)
[0x281] CSystemData::FindAudio( L_BROM_MenuSelectSfx_6.ogg )
[0x400] SoundPlayer::PlayStreaming(L_BROM_MenuSelectSfx_6, idHandle:266, volume:100, priority:100, pan:0, loop:0]
[0x400] SoundCategoryData::OnEventOccurred(0x1f56a0, Play) L_BROM_MenuSelectSfx_6 
[0x400] SoundManager::Play() # sounds playing in class 1: 2
[0x400] SoundManager::Play(PENA0015, soundCategory:1 volume:100  copy:0
[0x400] SoundCategoryData::Add PENA0015 [0x1f563c]
[0x400] FindAudioFile: PENA0015 (streaming)
[0x400] SoundPlayer::PlayStreaming(PENA0015, idHandle:267, volume:100, priority:100, pan:0, loop:0]
[0x400] SoundCategoryData::OnEventOccurred(0x1f563c, Play) PENA0015 
[0x400] SoundManager::Play() # sounds playing in class 1: 3
[0x400] SoundCategoryData::OnEventOccurred(0x1f56a0, PlaybackComplete) L_BROM_MenuSelectSfx_6 
[0x400] SoundCategoryData::Remove L_BROM_MenuSelectSfx_6 [0x1f56a0]
[0x400] SoundCategoryData::OnEventOccurred(0x1f563c, PlaybackComplete) PENA0015 
[0x400] SoundCategoryData::Remove PENA0015 [0x1f563c]
[0x400] BackupFile::Write()
[0xf] fopenAtomic(/LF/Bulk/Data/Local/0/LST3-0x0018003D-000000//SaveGame.bin): mkstemp failed us!
[0x400] Unknown error.
[0x400] Could not open file /LF/Bulk/Data/Local/0/LST3-0x0018003D-000000//SaveGame.bin for writing!
[0x400] Scene:LockInput()
[0x400] Load animation: ExitTally
[0x400] Load texture: ExitTally
[0x400] Load animation: ExitTallyCheckButton
[0x400] Load texture: ExitTallyCheckButton
[0x400] levelspec: 0
[0x400] Load animation: WallEAmbient1
[0x400] Load texture: WallEAmbient1
[0x400] Load animation: WallEAmbient2
[0x400] Load texture: WallEAmbient2
[0x400] Load animation: WallEAmbient3
[0x400] Load texture: WallEAmbient3
[0x400] Load animation: WallEHUD
[0x400] Load texture: WallEHUD
[0x400] Load animation: WallEDoor
[0x400] Load texture: WallEDoor
[0x400] Load animation: WallEGate
[0x400] Load texture: WallEGate
[0x400] Load animation: WallE
[0x400] Load texture: WallE
[0x400] Load animation: Eve
[0x400] Load texture: Eve
[0x400] Load animation: DPad
[0x400] Load texture: DPad
[0x400] Load animation: BButton
[0x400] Load texture: BButton
[0x400] Load animation: Platformer_AButton
[0x400] Load texture: Platformer_AButton
[0x400] Load animation: HUDTallySparkle
[0x400] Load texture: HUDTallySparkle
[0x400] Load animation: StoryComplete
[0x400] Load texture: StoryComplete
[0x400] LoadPuzzlePieces() loaded 0 puzzle piece(s).
[0x400]  no  no  no  PP_FOR_COLLECTIBLES_0
[0x400]  no  no  no  PP_FOR_COLLECTIBLES_1
[0x400]  no  no  no  PP_FOR_COLLECTIBLES_2
[0x400]  no  no  no  PP_FOR_COLLECTIBLES_3
[0x400]  no  no  no  PP_FOR_COLLECTIBLES_4
[0x400]  no  no  no  PP_FOR_COLLECTIBLES_5
[0x400]  no  no  no  PP_FOR_COLLECTIBLES_6
[0x400]  no  no  no  PP_FOR_COLLECTIBLES_7
[0x400]  no  no  no  PP_FOR_MINIGAME_0_ONCE
[0x400]  no  no  no  PP_FOR_MINIGAME_0_THRICE
[0x400]  no  no  no  PP_FOR_MINIGAME_0_SIXTIMES
[0x400]  no  no  no  PP_FOR_MINIGAME_0_TENTIMES
[0x400]  no  no  no  PP_FOR_MINIGAME_0_FIFTEENTIMES
[0x400]  no  no  no  PP_FOR_MINIGAME_1_ONCE
[0x400]  no  no  no  PP_FOR_MINIGAME_1_THRICE
[0x400]  no  no  no  PP_FOR_MINIGAME_1_SIXTIMES
[0x400]  no  no  no  PP_FOR_MINIGAME_1_TENTIMES
[0x400]  no  no  no  PP_FOR_MINIGAME_1_FIFTEENTIMES
[0x400] Total # of puzzle pieces: 5
[0x400] After deletion of visible puzzle pieces, 5 positions left.
[0x400] Player[0] in state Idle
[0x400] -------------------------------------------
[0x400] | GameHost::Get().GetNumGameFramesPassed: 345
[0x400] | GameHost::Get().GetGameDeltaTicks: 59
[0x400] -------------------------------------------
[0x400] Walker::OnCollision(0x32f380) with WallAgent
[0x400] Scene:LockInput()
[0x400] SoundManager::Play(PENA0106, soundCategory:1 volume:100  copy:0
[0x400] SoundCategoryData::Add PENA0106 [0x352f5c]
[0x400] FindAudioFile: PENA0106 (streaming)
[0x400] SoundPlayer::PlayStreaming(PENA0106, idHandle:268, volume:100, priority:100, pan:0, loop:0]
[0x400] SoundCategoryData::OnEventOccurred(0x352f5c, Play) PENA0106 
[0x400] SoundManager::Play() # sounds playing in class 1: 2
[0x400] FindAudioFile: Music_WallEPlatformer (streaming)
[0x400] SoundPlayer::PlayStreaming(Music_WallEPlatformer, idHandle:269, volume:70, priority:100, pan:0, loop:1]
[0x400] SoundCategoryData::OnEventOccurred(0x352f5c, PlaybackComplete) PENA0106 
[0x400] SoundCategoryData::Remove PENA0106 [0x352f5c]
[0x400] SoundManager::Play(PENA0091, soundCategory:1 volume:100  copy:0
[0x400] SoundCategoryData::Add PENA0091 [0x35300c]
[0x400] FindAudioFile: PENA0091 (streaming)
[0x400] SoundPlayer::PlayStreaming(PENA0091, idHandle:270, volume:100, priority:100, pan:0, loop:0]
[0x400] SoundCategoryData::OnEventOccurred(0x35300c, Play) PENA0091 
[0x400] SoundManager::Play() # sounds playing in class 1: 2
[0x400] SoundCategoryData::OnEventOccurred(0x35300c, PlaybackComplete) PENA0091 
[0x400] SoundCategoryData::Remove PENA0091 [0x35300c]
[0x400] Scene:UnlockInput()
[0x400] FindAudioFile: SFX_WallEDriveLoop (streaming)
[0x400] SoundPlayer::PlayStreaming(SFX_WallEDriveLoop, idHandle:271, volume:50, priority:100, pan:0, loop:1]
[0x400] MoveSfx playing; X speed is -4.000000
[0x400] MoveSfx stopped
[0x400] SoundManager::Play(SFX_WallETurns, soundCategory:10 volume:100  copy:0
[0x400] SoundCategoryData::Add SFX_WallETurns [0x43fffc70]
[0x400] FindAudioFile: SFX_WallETurns (streaming)
[0x400] SoundPlayer::PlayStreaming(SFX_WallETurns, idHandle:272, volume:100, priority:100, pan:0, loop:0]
[0x400] SoundCategoryData::OnEventOccurred(0x43fffc70, Play) SFX_WallETurns 
[0x400] SoundManager::Play() # sounds playing in class 1: 2
[0x400] SoundCategoryData::OnEventOccurred(0x43fffc70, PlaybackComplete) SFX_WallETurns 
[0x400] SoundCategoryData::Remove SFX_WallETurns [0x43fffc70]
[0x400] SoundManager::Play(PENA0092, soundCategory:1 volume:100  copy:0
[0x400] SoundCategoryData::Add PENA0092 [0x33fb3c]
[0x400] FindAudioFile: PENA0092 (streaming)
[0x400] SoundPlayer::PlayStreaming(PENA0092, idHandle:273, volume:100, priority:100, pan:0, loop:0]
[0x400] SoundCategoryData::OnEventOccurred(0x33fb3c, Play) PENA0092 
[0x400] SoundManager::Play() # sounds playing in class 1: 2
[0x400] SoundCategoryData::OnEventOccurred(0x33fb3c, PlaybackComplete) PENA0092 
[0x400] SoundCategoryData::Remove PENA0092 [0x33fb3c]
[0x400] SoundManager::Play(PENA0107, soundCategory:1 volume:100  copy:0
[0x400] SoundCategoryData::Add PENA0107 [0x33fbdc]
[0x400] FindAudioFile: PENA0107 (streaming)
[0x400] SoundPlayer::PlayStreaming(PENA0107, idHandle:274, volume:100, priority:100, pan:0, loop:0]
[0x400] SoundCategoryData::OnEventOccurred(0x33fbdc, Play) PENA0107 
[0x400] SoundManager::Play() # sounds playing in class 1: 2
[0x400] SoundCategoryData::OnEventOccurred(0x33fbdc, PlaybackComplete) PENA0107 
[0x400] SoundCategoryData::Remove PENA0107 [0x33fbdc]
[0x400] SoundManager::Play(PENA0108, soundCategory:1 volume:100  copy:0
[0x400] SoundCategoryData::Add PENA0108 [0x33fc6c]
[0x400] FindAudioFile: PENA0108 (streaming)
[0x400] SoundPlayer::PlayStreaming(PENA0108, idHandle:275, volume:100, priority:100, pan:0, loop:0]
[0x400] SoundCategoryData::OnEventOccurred(0x33fc6c, Play) PENA0108 
[0x400] SoundManager::Play() # sounds playing in class 1: 2
[0x400] SoundCategoryData::OnEventOccurred(0x33fc6c, PlaybackComplete) PENA0108 
[0x400] SoundCategoryData::Remove PENA0108 [0x33fc6c]
[0x400] SoundManager::Play(PENA0073h, soundCategory:1 volume:100  copy:1
[0x400] SoundCategoryData::Add PENA0073h [0x33fc60]
[0x400] FindAudioFile: PENA0073h (streaming)
[0x400] SoundPlayer::PlayStreaming(PENA0073h, idHandle:276, volume:100, priority:100, pan:0, loop:0]
[0x400] SoundCategoryData::OnEventOccurred(0x33fc60, Play) PENA0073h 
[0x400] SoundManager::Play() # sounds playing in class 1: 2
[0x400] SoundCategoryData::OnEventOccurred(0x33fc60, PlaybackComplete) PENA0073h 
[0x400] SoundCategoryData::Remove PENA0073h [0x33fc60]
[0x400] SoundManager::Play(PENA0109, soundCategory:1 volume:100  copy:0
[0x400] SoundCategoryData::Add PENA0109 [0x33fe5c]
[0x400] FindAudioFile: PENA0109 (streaming)
[0x400] SoundPlayer::PlayStreaming(PENA0109, idHandle:277, volume:100, priority:100, pan:0, loop:0]
[0x400] SoundCategoryData::OnEventOccurred(0x33fe5c, Play) PENA0109 
[0x400] SoundManager::Play() # sounds playing in class 1: 2
[0x400] SoundCategoryData::OnEventOccurred(0x33fe5c, PlaybackComplete) PENA0109 
[0x400] SoundCategoryData::Remove PENA0109 [0x33fe5c]
[0x400] SoundManager::Play(PENA0110, soundCategory:1 volume:100  copy:0
[0x400] SoundCategoryData::Add PENA0110 [0x33ff0c]
[0x400] FindAudioFile: PENA0110 (streaming)
[0x400] SoundPlayer::PlayStreaming(PENA0110, idHandle:278, volume:100, priority:100, pan:0, loop:0]
[0x400] SoundCategoryData::OnEventOccurred(0x33ff0c, Play) PENA0110 
[0x400] SoundManager::Play() # sounds playing in class 1: 2
[0x400] SoundCategoryData::OnEventOccurred(0x33ff0c, PlaybackComplete) PENA0110 
[0x400] SoundCategoryData::Remove PENA0110 [0x33ff0c]
[0x400] left  [StartMoving ] IdleL          => IdleToFlyUpL  
[0x400] FindAudioFile: SFX_EveFlyingLoop (streaming)
[0x400] SoundPlayer::PlayStreaming(SFX_EveFlyingLoop, idHandle:279, volume:50, priority:100, pan:0, loop:1]
[0x400] SoundManager::Play(PENA0111, soundCategory:1 volume:100  copy:0
[0x400] SoundCategoryData::Add PENA0111 [0x34006c]
[0x400] FindAudioFile: PENA0111 (streaming)
[0x400] SoundPlayer::PlayStreaming(PENA0111, idHandle:280, volume:100, priority:100, pan:0, loop:0]
[0x400] SoundCategoryData::OnEventOccurred(0x34006c, Play) PENA0111 
[0x400] SoundManager::Play() # sounds playing in class 1: 2
[0x400] left  [OnAnimEnd   ] IdleToFlyUpL   => FlyUpL        
[0x400] left  [Stop        ] FlyUpL         => FlyUpToIdleL  
[0x400] SoundCategoryData::OnEventOccurred(0x34006c, PlaybackComplete) PENA0111 
[0x400] SoundCategoryData::Remove PENA0111 [0x34006c]
[0x400] left  [OnAnimEnd   ] FlyUpToIdleL   => IdleL         
[0x400] SoundManager::Play(PENA0099, soundCategory:1 volume:100  copy:0
[0x400] SoundCategoryData::Add PENA0099 [0x340204]
[0x400] FindAudioFile: PENA0099 (streaming)
[0x400] SoundPlayer::PlayStreaming(PENA0099, idHandle:281, volume:100, priority:100, pan:0, loop:0]
[0x400] SoundCategoryData::OnEventOccurred(0x340204, Play) PENA0099 
[0x400] SoundManager::Play() # sounds playing in class 1: 2
[0x400] SoundCategoryData::OnEventOccurred(0x340204, PlaybackComplete) PENA0099 
[0x400] SoundCategoryData::Remove PENA0099 [0x340204]
[0x400] SoundManager::Play(PENA0100, soundCategory:1 volume:100  copy:0
[0x400] SoundCategoryData::Add PENA0100 [0x340344]
[0x400] FindAudioFile: PENA0100 (streaming)
[0x400] SoundPlayer::PlayStreaming(PENA0100, idHandle:282, volume:100, priority:100, pan:0, loop:0]
[0x400] SoundCategoryData::OnEventOccurred(0x340344, Play) PENA0100 
[0x400] SoundManager::Play() # sounds playing in class 1: 2
[0x400] SoundCategoryData::OnEventOccurred(0x340344, PlaybackComplete) PENA0100 
[0x400] SoundCategoryData::Remove PENA0100 [0x340344]
[0x400] SoundManager::Play(PENA2001, soundCategory:1 volume:100  copy:0
[0x400] SoundCategoryData::Add PENA2001 [0x3403e4]
[0x400] FindAudioFile: PENA2001 (streaming)
[0x400] SoundPlayer::PlayStreaming(PENA2001, idHandle:283, volume:100, priority:100, pan:0, loop:0]
[0x400] SoundCategoryData::OnEventOccurred(0x3403e4, Play) PENA2001 
[0x400] SoundManager::Play() # sounds playing in class 1: 2
[0x400] SoundCategoryData::OnEventOccurred(0x3403e4, PlaybackComplete) PENA2001 
[0x400] SoundCategoryData::Remove PENA2001 [0x3403e4]
[0x400] SoundManager::Play(PENA0101, soundCategory:1 volume:100  copy:0
[0x400] SoundCategoryData::Add PENA0101 [0x340504]
[0x400] FindAudioFile: PENA0101 (streaming)
[0x400] SoundPlayer::PlayStreaming(PENA0101, idHandle:284, volume:100, priority:100, pan:0, loop:0]
[0x400] SoundCategoryData::OnEventOccurred(0x340504, Play) PENA0101 
[0x400] SoundManager::Play() # sounds playing in class 1: 2
[0x400] SoundCategoryData::OnEventOccurred(0x340504, PlaybackComplete) PENA0101 
[0x400] SoundCategoryData::Remove PENA0101 [0x340504]
[0x400] left  [StartMoving ] IdleL          => IdleToFlyUpL  
[0x400] FindAudioFile: SFX_EveFlyingLoop (streaming)
[0x400] SoundPlayer::PlayStreaming(SFX_EveFlyingLoop, idHandle:285, volume:50, priority:100, pan:0, loop:1]
[0x400] left  [OnAnimEnd   ] IdleToFlyUpL   => FlyUpL        
[0x400] left  [StartMoving ] FlyUpL         => FlyUpToFlyDownL
[0x400] FindAudioFile: SFX_EveFlyingLoop (streaming)
[0x400] SoundPlayer::PlayStreaming(SFX_EveFlyingLoop, idHandle:286, volume:50, priority:100, pan:0, loop:1]
[0x400] right [StartMoving ] FlyUpToFlyDownL => AboutFaceL    
[0x400] right [OnAnimEnd   ] AboutFaceL     => WalkR         
[0x400] FindAudioFile: SFX_CollectibleWE (streaming)
[0x400] SoundPlayer::PlayStreaming(SFX_CollectibleWE, idHandle:287, volume:50, priority:100, pan:0, loop:0]
[0x400] SoundManager::Play(PENA0102, soundCategory:1 volume:100  copy:1
[0x400] SoundCategoryData::Add PENA0102 [0x37f6c0]
[0x400] FindAudioFile: PENA0102 (streaming)
[0x400] SoundPlayer::PlayStreaming(PENA0102, idHandle:288, volume:100, priority:100, pan:0, loop:0]
[0x400] SoundCategoryData::OnEventOccurred(0x37f6c0, Play) PENA0102 
[0x400] SoundManager::Play() # sounds playing in class 1: 2
[0x400] FreeMoving::OnCollision(0x3380a8) with WallAgent
[0x400] SoundManager::Play(SFX_Limit, soundCategory:10 volume:100  copy:1
[0x400] SoundCategoryData::Add SFX_Limit [0x40ebb8]
[0x400] FindAudioFile: SFX_Limit (streaming)
[0x400] SoundPlayer::PlayStreaming(SFX_Limit, idHandle:289, volume:100, priority:100, pan:0, loop:0]
[0x400] SoundCategoryData::OnEventOccurred(0x40ebb8, Play) SFX_Limit 
[0x400] SoundManager::Play() # sounds playing in class 1: 3
[0x400] SoundCategoryData::OnEventOccurred(0x40ebb8, PlaybackComplete) SFX_Limit 
[0x400] SoundCategoryData::Remove SFX_Limit [0x40ebb8]
[0x400] Stopper...
[0x400] SoundManager::Play(SFX_Limit, soundCategory:10 volume:100  copy:1
[0x400] SoundCategoryData::Add SFX_Limit [0x40ebb8]
[0x400] FindAudioFile: SFX_Limit (streaming)
[0x400] SoundPlayer::PlayStreaming(SFX_Limit, idHandle:290, volume:100, priority:100, pan:0, loop:0]
[0x400] SoundCategoryData::OnEventOccurred(0x40ebb8, Play) SFX_Limit 
[0x400] SoundManager::Play() # sounds playing in class 1: 3
[0x400] SoundCategoryData::OnEventOccurred(0x40ebb8, PlaybackComplete) SFX_Limit 
[0x400] SoundCategoryData::Remove SFX_Limit [0x40ebb8]
[0x400] FindAudioFile: SFX_CollectibleWE (streaming)
[0x400] SoundPlayer::PlayStreaming(SFX_CollectibleWE, idHandle:291, volume:50, priority:100, pan:0, loop:0]
[0x400] right [Stop        ] WalkR          => WalkToIdleR   
[0x400] right [StartMoving ] WalkToIdleR    => IdleToWalkR   
[0x400] FindAudioFile: SFX_EveFlyingLoop (streaming)
[0x400] SoundPlayer::PlayStreaming(SFX_EveFlyingLoop, idHandle:292, volume:50, priority:100, pan:0, loop:1]
[0x400] SoundManager::Play(SFX_Limit, soundCategory:10 volume:100  copy:1
[0x400] SoundCategoryData::Add SFX_Limit [0x63fc8]
[0x400] FindAudioFile: SFX_Limit (streaming)
[0x400] SoundPlayer::PlayStreaming(SFX_Limit, idHandle:293, volume:100, priority:100, pan:0, loop:0]
[0x400] SoundCategoryData::OnEventOccurred(0x63fc8, Play) SFX_Limit 
[0x400] SoundManager::Play() # sounds playing in class 1: 3
[0x400] SoundCategoryData::OnEventOccurred(0x63fc8, PlaybackComplete) SFX_Limit 
[0x400] SoundCategoryData::Remove SFX_Limit [0x63fc8]
[0x400] SoundManager::Play(SFX_Limit, soundCategory:10 volume:100  copy:1
[0x400] SoundCategoryData::Add SFX_Limit [0x63fc8]
[0x400] FindAudioFile: SFX_Limit (streaming)
[0x400] SoundPlayer::PlayStreaming(SFX_Limit, idHandle:294, volume:100, priority:100, pan:0, loop:0]
[0x400] SoundCategoryData::OnEventOccurred(0x63fc8, Play) SFX_Limit 
[0x400] SoundManager::Play() # sounds playing in class 1: 3
[0x400] right [OnAnimEnd   ] IdleToWalkR    => WalkR         
[0x400] right [StartMoving ] WalkR          => FlyUpR        
[0x400] SoundCategoryData::OnEventOccurred(0x63fc8, PlaybackComplete) SFX_Limit 
[0x400] SoundCategoryData::Remove SFX_Limit [0x63fc8]
[0x400] FindAudioFile: SFX_EveFlyingLoop (streaming)
[0x400] SoundPlayer::PlayStreaming(SFX_EveFlyingLoop, idHandle:295, volume:50, priority:100, pan:0, loop:1]
[0x400] right [Stop        ] FlyUpR         => FlyUpToIdleR  
[0x400] right [StartMoving ] FlyUpToIdleR   => IdleToFlyDownR
[0x400] right [OnAnimEnd   ] IdleToFlyDownR => FlyDownToIdleR
[0x400] right [OnAnimEnd   ] FlyDownToIdleR => IdleR         
[0x400] SoundManager::Play(L_BROM_DefaultClickSfx_6, soundCategory:10 volume:100  copy:1
[0x400] SoundCategoryData::Add L_BROM_DefaultClickSfx_6 [0x63fc8]
[0x400] FindAudioFile: L_BROM_DefaultClickSfx_6 (streaming)
[0x281] CSystemData::FindAudio( L_BROM_DefaultClickSfx_6.ogg )
[0x400] SoundPlayer::PlayStreaming(L_BROM_DefaultClickSfx_6, idHandle:296, volume:100, priority:100, pan:0, loop:0]
[0x400] SoundCategoryData::OnEventOccurred(0x63fc8, Play) L_BROM_DefaultClickSfx_6 
[0x400] SoundManager::Play() # sounds playing in class 1: 3
[0x400] SoundCategoryData::OnEventOccurred(0x63fc8, PlaybackComplete) L_BROM_DefaultClickSfx_6 
[0x400] SoundCategoryData::Remove L_BROM_DefaultClickSfx_6 [0x63fc8]
[0x400] SoundManager::Play(L_BROM_DefaultClickSfx_6, soundCategory:10 volume:100  copy:1
[0x400] SoundCategoryData::Add L_BROM_DefaultClickSfx_6 [0x453bc8]
[0x400] FindAudioFile: L_BROM_DefaultClickSfx_6 (streaming)
[0x281] CSystemData::FindAudio( L_BROM_DefaultClickSfx_6.ogg )
[0x400] SoundPlayer::PlayStreaming(L_BROM_DefaultClickSfx_6, idHandle:297, volume:100, priority:100, pan:0, loop:0]
[0x400] SoundCategoryData::OnEventOccurred(0x453bc8, Play) L_BROM_DefaultClickSfx_6 
[0x400] SoundManager::Play() # sounds playing in class 1: 3
[0x400] SoundManager::Play(PENA0437, soundCategory:1 volume:100  copy:0
[0x400] SoundCategoryData::OnEventOccurred(0x37f6c0, PlaybackComplete) PENA0102 
[0x400] SoundCategoryData::Remove PENA0102 [0x37f6c0]
[0x400] SoundCategoryData::Add PENA0437 [0x33ffbc]
[0x400] FindAudioFile: PENA0437 (streaming)
[0x400] SoundPlayer::PlayStreaming(PENA0437, idHandle:298, volume:100, priority:100, pan:0, loop:0]
[0x400] SoundCategoryData::OnEventOccurred(0x33ffbc, Play) PENA0437 
[0x400] SoundManager::Play() # sounds playing in class 1: 3
[0x400] SoundCategoryData::OnEventOccurred(0x453bc8, PlaybackComplete) L_BROM_DefaultClickSfx_6 
[0x400] SoundCategoryData::Remove L_BROM_DefaultClickSfx_6 [0x453bc8]
[0x400] SoundManager::Play(L_BROM_DefaultClickSfx_6, soundCategory:10 volume:100  copy:1
[0x400] SoundCategoryData::Add L_BROM_DefaultClickSfx_6 [0x39d060]
[0x400] FindAudioFile: L_BROM_DefaultClickSfx_6 (streaming)
[0x281] CSystemData::FindAudio( L_BROM_DefaultClickSfx_6.ogg )
[0x400] SoundPlayer::PlayStreaming(L_BROM_DefaultClickSfx_6, idHandle:299, volume:100, priority:100, pan:0, loop:0]
[0x400] SoundCategoryData::OnEventOccurred(0x39d060, Play) L_BROM_DefaultClickSfx_6 
[0x400] SoundManager::Play() # sounds playing in class 1: 3
[0x400] SoundCategoryData::OnEventOccurred(0x39d060, PlaybackComplete) L_BROM_DefaultClickSfx_6 
[0x400] SoundCategoryData::Remove L_BROM_DefaultClickSfx_6 [0x39d060]
[0x400] SoundManager::Play(L_BROM_DefaultClickSfx_6, soundCategory:10 volume:100  copy:1
[0x400] SoundCategoryData::Add L_BROM_DefaultClickSfx_6 [0x3b7668]
[0x400] FindAudioFile: L_BROM_DefaultClickSfx_6 (streaming)
[0x281] CSystemData::FindAudio( L_BROM_DefaultClickSfx_6.ogg )
[0x400] SoundPlayer::PlayStreaming(L_BROM_DefaultClickSfx_6, idHandle:300, volume:100, priority:100, pan:0, loop:0]
[0x400] SoundCategoryData::OnEventOccurred(0x3b7668, Play) L_BROM_DefaultClickSfx_6 
[0x400] SoundManager::Play() # sounds playing in class 1: 3
[0x400] SoundCategoryData::OnEventOccurred(0x3b7668, PlaybackComplete) L_BROM_DefaultClickSfx_6 
[0x400] SoundCategoryData::Remove L_BROM_DefaultClickSfx_6 [0x3b7668]
[0x400] SoundCategoryData::OnEventOccurred(0x33ffbc, PlaybackComplete) PENA0437 
[0x400] SoundCategoryData::Remove PENA0437 [0x33ffbc]
[0x280] pushing paused state
[0x280] mCurrentTransition = kPushApp !
[0x280] CGameViewFrame::Suspend
[0x281] CSystemData::FindAudio( h_SX_PauseSfx_6.wav )
[0x280] popping paused state
[0x280] mCurrentTransition = kPopApp !
[0x280] CAppManager::ExitPopUnloadApp()
[0x281] CSystemData::FindAudio( h_SX_PauseSfx_6.wav )
[0x280] CGameViewFrame::Resume
[0x400] SoundManager::Play(L_BROM_DefaultClickSfx_6, soundCategory:10 volume:100  copy:1
[0x400] SoundCategoryData::Add L_BROM_DefaultClickSfx_6 [0x307918]
[0x400] FindAudioFile: L_BROM_DefaultClickSfx_6 (streaming)
[0x281] CSystemData::FindAudio( L_BROM_DefaultClickSfx_6.ogg )
[0x400] SoundPlayer::PlayStreaming(L_BROM_DefaultClickSfx_6, idHandle:303, volume:100, priority:100, pan:0, loop:0]
[0x400] SoundCategoryData::OnEventOccurred(0x307918, Play) L_BROM_DefaultClickSfx_6 
[0x400] SoundManager::Play() # sounds playing in class 1: 2
[0x280] mCurrentTransition = kReplaceAllWithApp !
[0x280] CAppManager::ExitPopUnloadApp()
[0x280] CGameViewFrame::Exit
[0x400] GameApp::Exit()
[0x400] GameTitle::Leave()
[0x400] BackupFile::Write()
[0xf] fopenAtomic(/LF/Bulk/Data/Local/0/LST3-0x0018003D-000000//SaveGame.bin): mkstemp failed us!
[0x400] Unknown error.
[0x400] Could not open file /LF/Bulk/Data/Local/0/LST3-0x0018003D-000000//SaveGame.bin for writing!
[0x400] Scene:LockInput()
[0x400] BackupFile::Write()
[0xf] fopenAtomic(/LF/Bulk/Data/Local/0/LST3-0x0018003D-000000//SaveGame.bin): mkstemp failed us!
[0x400] Unknown error.
[0x400] Could not open file /LF/Bulk/Data/Local/0/LST3-0x0018003D-000000//SaveGame.bin for writing!
[0x400] PlatformerScene::SaveAll() | TotalPoints saved: 2
[0x400] SavePuzzlePieces() saved 0 puzzle piece(s).
[0x400] SoundManager::StopAll()
[0x400] SoundManager::Stop(category:0)
[0x400] SoundManager::Stop(category:1)
[0x400] SoundManager::Stop(category:2)
[0x400] SoundManager::Stop(category:3)
[0x400] SoundManager::Stop(category:4)
[0x400] SoundManager::Stop(category:5)
[0x400] SoundManager::Stop(category:6)
[0x400] SoundManager::Stop(category:7)
[0x400] SoundManager::Stop(category:8)
[0x400] SoundManager::Stop(category:9)
[0x400] SoundManager::Stop(category:10)
[0x400] SoundCategoryData::OnEventOccurred(0x307918, PlaybackComplete) L_BROM_DefaultClickSfx_6 
[0x400] SoundCategoryData::Remove L_BROM_DefaultClickSfx_6 [0x307918]
[0x400] SoundManager::Stop(category:11)
[0x400] SoundManager::Stop(category:12)
[0x400] Destroying: BadgeManager
[0x400] Destroying: SoundManager
[0x400] Destroying: SoundPlayer
[0x6] RemoveListener: could not find listener 0x5af00, total number 4
[0x400] Destroying: DownloadManager
[0x400] Destroying: DebugOverlay
[0x400] Destroying: FontManager
[0x400] Destroying: GameHost
[0x400] Destroying: ScreenTransition
[0x400] Destroying: ModelManager
[0x400] Destroying: WindowManager
[0x400] Destroying: Settings
[0x400] Destroying: ScreenManager
[0x5] DestroyHandle: 0x5bab0: 320x240 (1920) @ 0x82400000
[0x5] UnRegisterLayer: 0x5bab0: 320x240 (1920) @ 0x82400000
[0x400] Destroying: Input
[0x6] RemoveListener: could not find listener 0xa4084, total number 4
[0x6] RemoveListener: removed listener 0xa4054, total number 3
[0x6] RemoveListener: could not find listener 0xa4054, total number 3
[0x6] RemoveListener: removed listener 0xa3f8c, total number 2
[0x6] RemoveListener: could not find listener 0xa3f8c, total number 2
[0x400] Destroying: PathRegistry
[0x6] RemoveListener: removed listener 0x94130, total number 1
[0x400] GameApp::~GameApp()
[0x400] GameTitle::~GameTitle()
[0x6] RemoveListener: could not find listener 0x94130, total number 1
[0x280] ExitPopUnloadApp: before; /LF/Bulk/ProgramFiles/LST3-0x0018003D-000000/; 1943; 1046404
[0x280] ExitPopUnloadApp: before UnloadModule /LF/Bulk/ProgramFiles/LST3-0x0018003D-000000/
[0x280] ExitPopUnloadApp: module unloaded 700432
[0x280] ExitPopUnloadApp: after ; /LF/Bulk/ProgramFiles/LST3-0x0018003D-000000/; 1949; 1044632
[0x280] ExitPopUnloadApp: OGL context still active after unloading
[0x280] ExitPopUnloadApp: aborting all Atomic I/O with fabortAllAtomic
[0xf] fabortAllAtomic: aborted 0 files
[0x280] mCurrentTransition = kLoginApp !
+++ AppManager: Bgn Load main.swf: 197924.37 12972041.63
[0x280] PushApp Start: LPAD/main.swf; LightningBase/Src/AppManager.cpp; 1121; 1044380
[0x280] LoadNewApp path = /LF/Base/LPAD/main.swf
[0x280] LoadNewApp: before; /LF/Base/LPAD/main.swf; 1706; 1044380
[0x280] LoadNewApp: after ; /LF/Base/LPAD/main.swf; 1812; 1038020
[0x280] PushApp Done: LPAD/main.swf; LightningBase/Src/AppManager.cpp; 1123; 1038020
+++ AppManager: End Load main.swf: 197924.46 12972047.34
[0x280] mCurrentTransition = kPushApp !
[0x6] AddListener: added listener 0x44bb0, total number 2
[0x6] AddListener: added listener 0x44bf4, total number 3
+++ AppManager: Flash: End Construct DidjPlayer: 197924.47 12972047.71
[0x5] AllocBuffer: new buf offset 0017E800, length 0007F800
[0x5] CreateHandle: 0x44f040: 480x272 (1920) @ 0x8217e800
[0x5] RegisterLayer: 0x44f040: 480x272 (1920) @ 0x8217e800
[0x5] SetWindowPosition: 0x44f040: 0,0 .. 480,272
[0x5] CreateHandle: 0x44f0b8: 480x272 (1920) @ 0xafb58
[0x5] RegisterLayer: 0x44f0b8: 480x272 (1920) @ 0xafb58
[0x5] UnRegisterLayer: 0x44f0b8: 480x272 (1920) @ 0xafb58
+++ AppManager: Flash: Bgn LoadMovie: 197924.48 12972048.55
+++ AppManager: Flash: Bgn CreatePlayer: 197924.48 12972048.69
[0x281] CSystemData::FindFont( LFCurry.ttf )
[0x281] CSystemData::FindFont( LFCurry.ttf )
+++ AppManager: Flash: End CreatePlayer: 197924.63 12972058.26
+++ AppManager: Flash: End SetFrameBuffer: 197924.64 12972058.94
+++ AppManager: Flash: End LoadMovie: 197924.64 12972059.05
trace:  ----------main::loadMainStageOne----------
trace:  ----------UIData::GetInstance----------
trace:  ----------UIData::UIData----------
trace:   ### default theme path is : /LF/Bulk/Downloads/PADS-0x1F1E0002-200001/UI_Tropical.swf
trace:  ----------UIData::UIData---------- _0ProfileUIData = undefined
trace:  ----------UIData::UIData---------- _1ProfileUIData = undefined
trace:  ----------UIData::UIData---------- _2ProfileUIData = undefined
trace:  ----------UIData::ResetPaths----------
[0x200] SystemPlugin::GetLocaleCode(): en-us
trace:  cuuLocaleCode = en-us
trace:  _language_code = en
trace:  _language_code = en
trace:  ----------SoundManager::GetInstance----------
trace:  ----------SoundManager::SoundManager----------
trace:  ..... theme is : undefined
[0x200] AppManagerPlugin::isBaseAppRelaunch, TRUE
trace:  ---------------- Main ------------- current logged in player is : 0
trace:  ..... bgPath is : /LF/Bulk/Downloads/PADS-0x1F1E0002-200001/UI_Tropical.swf
trace:  BG Main Theme Loaded
trace:  ----------main::loadMainStageTwo----------
[0x200] SystemPlugin::SetDidjLegacyFlag( 0 )
[0x200] AppManagerPlugin::isBaseAppRelaunch, TRUE
trace:  ------main:: LF.AppManager.IsBaseAppRelaunch()------true
trace:  ------main:: LF.CSystem.GetLocale()-----en-us
[0x200] AppManagerPlugin::isBaseAppRelaunch, TRUE
trace:  ---------------- Main ------------- current logged in player is : 0
trace:  ----------UIData::isAnyProfilePresent----------
[0xf] fopenAtomic(/LF/Bulk/Data/Local/0/PAD2-0x1F1E0002-100000/UIData.json) returning 0x004520d0
[0xf] fcloseAtomic returning 0
[0xf] fopenAtomic(/LF/Bulk/Data/Local/1/PAD2-0x1F1E0002-100000/UIData.json) returning 0x00451d98
[0xf] fcloseAtomic returning 0
[0xf] fopenAtomic(/LF/Bulk/Data/Local/2/PAD2-0x1F1E0002-100000/UIData.json) returning 0x00451d98
[0xf] fcloseAtomic returning 0
trace:  ----------UIData::isAnyProfilePresent----------
trace:  ------------TabsTransition::TabsTransition---------------
trace:  _bgToShow = undefined
trace:  _bgToHide = undefined
trace:  ----------StateMachine::PushState----------- SignIn.swf
[0x200] SystemPlugin::GetPetResourcesPath(): /LF/Base/PetResources/
trace:  creating /tmp/ui_ready flag
trace:  ########################## setting flag ###### 0
trace:  ----------State::GrabStateData----------
[0x200] SystemPlugin::GetLocaleCode(): en-us
trace:  cuuLocaleCode = en-us
trace:  _language_code = en
trace:  country_code = us
trace:  ----------StateMachine::_mcListener.onLoadInit( _level0.mcContent.SignIn_mc )----------
trace:  ------------TabsTransition::Init---------------
trace:  ------------TabsTransition::Update-------------- 0
trace:  _animRefNext._tabWaitForLoad = undefined
trace:   .... animating next ....upper -39 lower 467
trace:  ------------TabsTransition::Update-------------- 0
trace:  _animRefNext._tabWaitForLoad = undefined
trace:   .... animating next ....upper -26 lower 454
trace:  ------------TabsTransition::Update-------------- 0
trace:  _animRefNext._tabWaitForLoad = undefined
trace:   .... animating next ....upper -13 lower 441
trace:  ------------TabsTransition::Update-------------- 0
trace:  _animRefNext._tabWaitForLoad = undefined
trace:   .... animating next ....upper 0 lower 428
trace:   ... done animating next, done with transition
trace:  ------------TabsTransition::Update-------------- 6
trace:  ------------TabsTransition::Update-------------- 5
trace:  ------------TabsTransition::Update-------------- 4
trace:  ------------TabsTransition::Update-------------- 3
trace:  ------------TabsTransition::Update-------------- 2
trace:  ------------TabsTransition::Update-------------- 1
trace:  ----------main::ChangeBackground----------/LF/Base//LpadAssets/Art/UI_StandardBackground.swf
trace:  --------SoundManager::StopSequence-----
trace:  _sequenceSound = [object Object]
trace:  _sequenceIntervalId = undefined
trace:  --------SoundManager::ClearEndOfSeqCallback-----
trace:  BG Main Theme Loaded in ChangeBackground
trace:  -----Callback.PrintDebugInfo-----
trace:       _cbFunc:  [type Function]
trace:       _cbScope: _level0.mcContent.SignIn_mc.main_mc
trace:       _cbArgs:  _level0.mcContent.SignIn_mc.main_mc._0
trace:  --------SoundManager::StopSequence-----
trace:  _sequenceSound = [object Object]
trace:  _sequenceIntervalId = undefined
trace:  --------SoundManager::ClearEndOfSeqCallback-----
[0xf] fopenAtomic(/LF/Bulk/settings.cfg) returning 0x003d2940
[0xf] fcloseAtomic returning 0
[0x200] SystemPlugin::setCurrentPlayerID( 0 )
trace:  ----------main::DeleteAllPageBitmaps----------
trace:  ------------TabsTransition::TabsTransition---------------
trace:  _bgToShow = null
trace:  _bgToHide = _signInBG
trace:  ----------StateMachine::ReplaceTopState----------- HomePicker.swf
trace:  _currState._container = _level0.mcContent.SignIn_mc
trace:  movieclip = _level0.mcContent.HomePicker_mc
trace:  ----------HomePickerState::HomePickerState----------
trace:  ----------UIPetLPAD::UIPetLPAD----------
[0x200] SystemPlugin::GetLocaleCode(): en-us
[0x200] SystemPlugin::IsLFPlatform(): true
[0x200] SystemPlugin::GetLocaleCode(): en-us
[0x200] SystemPlugin::IsLFPlatform(): true
trace:  --------BaseImageButton::BaseImageButton-----_level0.mcContent.HomePicker_mc._upperTab._userImageBtn
trace:  --------BaseOnPressButton::BaseOnPressButton-----
trace:  --------BaseTextButton::BaseTextButton-----
trace:  ----------StateMachine::_mcListener.onLoadInit( _level0.mcContent.HomePicker_mc )----------
trace:  ------------TabsTransition::Init---------------
trace:   _incrementUpper : 52
trace:   _incrementLower : 52
trace:  ----------UIData::LogIn----------
[0xf] fopenAtomic(/LF/Bulk/settings.cfg) returning 0x003d1408
[0xf] fcloseAtomic returning 0
[0x200] SystemPlugin::setCurrentPlayerID( 0 )
trace:  ################################
trace:   playerId = 0
trace:   _currProfileID = 0
trace:   _currThemePath = /LF/Bulk/Downloads/PADS-0x1F1E0002-200002/UI_Coast.swf
trace:  ################################
trace:  ----------main::ChangeBackground----------/LF/Bulk/Downloads/PADS-0x1F1E0002-200002/UI_Coast.swf
[0xf] fopenAtomic(/LF/Bulk/Data/Local/0/./profile.dsc) returning 0x003d2528
[0xf] fcloseAtomic returning 0
[0x200] Setting Current Profile to 0
trace:  ----------HomePickerState::PreEnter----------
trace:  ----------State::GrabStateData----------
[0x200] SystemPlugin::GetLocaleCode(): en-us
trace:  cuuLocaleCode = en-us
trace:  _language_code = en
trace:  country_code = us
trace:  --------BaseTextButton::SetTextField----- Ghb
trace:  WARNING: Player profile picture load failed!
trace:  ----------HomePickerState::OnUserImageLoad----------
trace:  ----------HomePickerState::SetCartStatus---------- 0
trace:  ----------HomePickerState::GetAllIcons----------
[0x200] SystemPlugin::getProgramFileApps - Valencia - getting ready to sort
[0x200] SystemPlugin::getProgramFileApps - Valencia - sort file exists /LF/Bulk/Data/Local/0/PAD2-0x1F1E0002-100000/ProgramFileAppOrder.json
trace:  ----------HomePickerState::AdjustStatusbar----------
trace:  ----------HomePickerState::StartPowerListener----------
[0x6] AddListener: added listener 0x84e90, total number 4
trace:  ------------TabsTransition::Update-------------- 0
trace:   .... animating prev ... 
trace:  MODE_LOAD_ICONS 
trace:  ----------HomePickerState::ManageIconLoading----------
trace:  ----------HomePickerState::ChangeCartIconData----------
trace:  ----------HomePickerState::GoToFirstPage----------
trace:  ----------HomePickerState::ChangeCartIconImage----------
trace:  ----------HomePickerState::GetCategoryColorFieldName----------
trace:  ----------HomePickerState::SetCategoryLabelFieldName----------icon0
trace:  ----------HomePickerState::SetIconLabelText----------icon0
trace:  ----------HomePickerState::LoadIconImage----------icon0
trace:  ------------TabsTransition::Update-------------- 0
trace:   .... animating prev ... 
trace:  MODE_LOAD_ICONS 
trace:  ----------HomePickerState::ManageIconLoading----------
trace:  ----------HomePickerState::GetCategoryColorFieldName----------
trace:  ----------HomePickerState::LoadIconData----------icon1
trace:  ----------HomePickerState::SetCategoryLabelFieldName----------icon1
trace:  ----------HomePickerState::SetIconLabelText----------icon1
trace:  ----------HomePickerState::LoadIconImage----------icon1
trace:  ------------TabsTransition::Update-------------- 0
trace:   .... animating prev ... 
trace:  BG Main Theme Loaded in ChangeBackground
trace:  MODE_LOAD_ICONS 
trace:  ----------HomePickerState::ManageIconLoading----------
trace:  ----------HomePickerState::GetCategoryColorFieldName----------
trace:  ----------HomePickerState::LoadIconData----------icon2
trace:  ----------HomePickerState::SetCategoryLabelFieldName----------icon2
trace:  ----------HomePickerState::SetIconLabelText----------icon2
trace:  ----------HomePickerState::LoadIconImage----------icon2
trace:  ------------TabsTransition::Update-------------- 0
trace:   .... animating prev ... 
trace:   ... done animating previous, now start animating next
trace:  MODE_LOAD_ICONS 
trace:  ----------HomePickerState::ManageIconLoading----------
trace:  ----------HomePickerState::GetCategoryColorFieldName----------
trace:  ----------HomePickerState::LoadIconData----------icon3
trace:  ----------HomePickerState::SetCategoryLabelFieldName----------icon3
trace:  ----------HomePickerState::SetIconLabelText----------icon3
trace:  ----------HomePickerState::LoadIconImage----------icon3
trace:  ------------TabsTransition::Update-------------- 12
trace:  MODE_LOAD_ICONS 
trace:  ----------HomePickerState::ManageIconLoading----------
trace:  ----------HomePickerState::GetCategoryColorFieldName----------
trace:  ----------HomePickerState::LoadIconData----------icon4
[0x200] SystemPlugin::getProgramFileApps - Valencia - getting ready to sort
[0x200] SystemPlugin::getProgramFileApps - Valencia - sort file exists /LF/Bulk/Data/Local/0/PAD2-0x1F1E0002-100000/ProgramFileAppOrder.json
trace:  ----------HomePickerState::SetCategoryLabelFieldName----------icon4
trace:  ----------HomePickerState::SetIconLabelText----------icon4
trace:  ----------HomePickerState::LoadIconImage----------icon4
trace:  ------------TabsTransition::Update-------------- 11
trace:  MAKING CART BITMAPS
trace:  ----------HomePickerState::MakeIconHighlightBitmap----------icon0
trace:  ----------HomePickerState::MakeIconBitmap----------icon0
trace:  MODE_LOAD_ICONS 
trace:  ----------HomePickerState::ManageIconLoading----------
trace:  ----------HomePickerState::GetCategoryColorFieldName----------
trace:  ----------HomePickerState::LoadIconData----------icon5
trace:  ----------HomePickerState::SetCategoryLabelFieldName----------icon5
trace:  ----------HomePickerState::SetIconLabelText----------icon5
trace:  ----------HomePickerState::LoadIconImage----------icon5
trace:  ------------TabsTransition::Update-------------- 10
trace:  MODE_LOAD_ICONS 
trace:  ----------HomePickerState::ManageIconLoading----------
trace:  ----------HomePickerState::GetCategoryColorFieldName----------
trace:  ----------HomePickerState::LoadIconData----------icon6
trace:  ----------HomePickerState::SetCategoryLabelFieldName----------icon6
trace:  ----------HomePickerState::SetIconLabelText----------icon6
trace:  ----------HomePickerState::LoadIconImage----------icon6
trace:  ------------TabsTransition::Update-------------- 9
trace:  MODE_LOAD_ICONS 
trace:  ----------HomePickerState::ManageIconLoading----------
trace:  ----------HomePickerState::GetCategoryColorFieldName----------
trace:  ----------HomePickerState::LoadIconData----------icon7
trace:  ----------HomePickerState::SetCategoryLabelFieldName----------icon7
trace:  ----------HomePickerState::SetIconLabelText----------icon7
trace:  ----------HomePickerState::LoadIconImage----------icon7
trace:  ------------TabsTransition::Update-------------- 8
trace:  MODE_LOAD_ICONS 
trace:  ----------HomePickerState::ManageIconLoading----------
trace:  ----------HomePickerState::GetCategoryColorFieldName----------
trace:  ----------HomePickerState::LoadIconData----------icon8
trace:  ----------HomePickerState::SetCategoryLabelFieldName----------icon8
trace:  ----------HomePickerState::SetIconLabelText----------icon8
trace:  ----------HomePickerState::LoadIconImage----------icon8
trace:  ------------TabsTransition::Update-------------- 7
trace:  MODE_LOAD_ICONS 
trace:  ----------HomePickerState::ManageIconLoading----------
trace:  ----------HomePickerState::GetCategoryColorFieldName----------
trace:  ----------HomePickerState::LoadIconData----------icon9
trace:  ----------HomePickerState::SetCategoryLabelFieldName----------icon9
trace:  ----------HomePickerState::SetIconLabelText----------icon9
trace:  ----------HomePickerState::LoadIconImage----------icon9
trace:  ------------TabsTransition::Update-------------- 6
trace:  MODE_LOAD_ICONS 
trace:  ----------HomePickerState::ManageIconLoading----------
trace:  ----------HomePickerState::GetCategoryColorFieldName----------
trace:  ----------HomePickerState::LoadIconData----------icon10
trace:  ----------HomePickerState::SetCategoryLabelFieldName----------icon10
trace:  ----------HomePickerState::SetIconLabelText----------icon10
trace:  ----------HomePickerState::LoadIconImage----------icon10
trace:  ------------TabsTransition::Update-------------- 5
trace:  MODE_LOAD_ICONS 
trace:  ----------HomePickerState::ManageIconLoading----------
trace:  ----------HomePickerState::GetCategoryColorFieldName----------
trace:  ----------HomePickerState::LoadIconData----------icon11
trace:  ----------HomePickerState::SetCategoryLabelFieldName----------icon11
trace:  ----------HomePickerState::SetIconLabelText----------icon11
trace:  ----------HomePickerState::LoadIconImage----------icon11
trace:  ------------TabsTransition::Update-------------- 4
trace:  MODE_LOAD_ICONS 
trace:  ----------HomePickerState::ManageIconLoading----------
trace:  ----------HomePickerState::GetCategoryColorFieldName----------
trace:  ----------HomePickerState::LoadIconData----------icon12
trace:  ----------HomePickerState::SetCategoryLabelFieldName----------icon12
trace:  ----------HomePickerState::SetIconLabelText----------icon12
trace:  ----------HomePickerState::LoadIconImage----------icon12
trace:  ------------TabsTransition::Update-------------- 3
trace:  MODE_LOAD_ICONS 
trace:  ----------HomePickerState::ManageIconLoading----------
trace:  ----------HomePickerState::GetCategoryColorFieldName----------
trace:  ----------HomePickerState::LoadIconData----------icon13
trace:  ----------HomePickerState::SetCategoryLabelFieldName----------icon13
trace:  ----------HomePickerState::SetIconLabelText----------icon13
trace:  ----------HomePickerState::LoadIconImage----------icon13
trace:  ------------TabsTransition::Update-------------- 2
trace:  MODE_LOAD_ICONS 
trace:  ----------HomePickerState::ManageIconLoading----------
trace:  ----------HomePickerState::GetCategoryColorFieldName----------
trace:  ----------HomePickerState::LoadIconData----------icon14
trace:  ----------HomePickerState::SetCategoryLabelFieldName----------icon14
trace:  ----------HomePickerState::SetIconLabelText----------icon14
trace:  ----------HomePickerState::LoadIconImage----------icon14
trace:  ------------TabsTransition::Update-------------- 1
trace:  waiting for load of the image
trace:  MODE_LOAD_ICONS 
trace:  ----------HomePickerState::ManageIconLoading----------
trace:  ------------TabsTransition::Update-------------- 0
trace:  waiting for load of the image
trace:  MODE_LOAD_ICONS 
trace:  ----------HomePickerState::ManageIconLoading----------
trace:  ------------TabsTransition::Update-------------- 0
trace:  waiting for load of the image
trace:  MODE_LOAD_ICONS 
trace:  ----------HomePickerState::ManageIconLoading----------
trace:  ------------TabsTransition::Update-------------- 0
trace:  waiting for load of the image
trace:  ------------TabsTransition::Update-------------- 0
trace:  _animRefNext._tabWaitForLoad = false
trace:   .... animating next ....upper -63.1125 lower 467
trace:  ------------TabsTransition::Update-------------- 0
trace:  _animRefNext._tabWaitForLoad = false
trace:   .... animating next ....upper -40.2625 lower 454
trace:  ------------TabsTransition::Update-------------- 0
trace:  _animRefNext._tabWaitForLoad = false
trace:   .... animating next ....upper -17.4125 lower 441
trace:  ------------TabsTransition::Update-------------- 0
trace:  _animRefNext._tabWaitForLoad = false
trace:   .... animating next ....upper 5.4375 lower 428
trace:   ... done animating next, done with transition
trace:  ------------TabsTransition::Update-------------- 6
trace:  ------------TabsTransition::Update-------------- 5
trace:  ------------TabsTransition::Update-------------- 4
trace:  ------------TabsTransition::Update-------------- 3
trace:  ------------TabsTransition::Update-------------- 2
trace:  ------------TabsTransition::Update-------------- 1
trace:  ----------HomePickerState::Enter----------
trace:  ----------HomePickerState::ActivateButtons----------
trace:  ----------HomePickerState::CheckForConnectNag----------
trace:  MODE_LOAD_ICON_HIGHLIGHT_BITMAPS 
trace:  ----------HomePickerState::ManageIconHighlightBitmapLoading----------
trace:  MODE_LOAD_ICON_HIGHLIGHT_BITMAPS 
trace:  ----------HomePickerState::ManageIconHighlightBitmapLoading----------
trace:  ----------HomePickerState::MakeIconHighlightBitmap----------icon1
trace:  MODE_LOAD_ICON_HIGHLIGHT_BITMAPS 
trace:  ----------HomePickerState::ManageIconHighlightBitmapLoading----------
trace:  ----------HomePickerState::MakeIconHighlightBitmap----------icon2
trace:  MODE_LOAD_ICON_HIGHLIGHT_BITMAPS 
trace:  ----------HomePickerState::ManageIconHighlightBitmapLoading----------
trace:  ----------HomePickerState::MakeIconHighlightBitmap----------icon3
trace:  MODE_LOAD_ICON_HIGHLIGHT_BITMAPS 
trace:  ----------HomePickerState::ManageIconHighlightBitmapLoading----------
trace:  ----------HomePickerState::MakeIconHighlightBitmap----------icon4
trace:  MODE_LOAD_ICON_HIGHLIGHT_BITMAPS 
trace:  ----------HomePickerState::ManageIconHighlightBitmapLoading----------
trace:  ----------HomePickerState::MakeIconHighlightBitmap----------icon5
trace:  MODE_LOAD_ICON_HIGHLIGHT_BITMAPS 
trace:  ----------HomePickerState::ManageIconHighlightBitmapLoading----------
trace:  ----------HomePickerState::MakeIconHighlightBitmap----------icon6
trace:  MODE_LOAD_ICON_HIGHLIGHT_BITMAPS 
trace:  ----------HomePickerState::ManageIconHighlightBitmapLoading----------
trace:  ----------HomePickerState::MakeIconHighlightBitmap----------icon7
trace:  MODE_LOAD_ICON_HIGHLIGHT_BITMAPS 
trace:  ----------HomePickerState::ManageIconHighlightBitmapLoading----------
trace:  ----------HomePickerState::MakeIconHighlightBitmap----------icon8
trace:  MODE_LOAD_ICON_HIGHLIGHT_BITMAPS 
trace:  ----------HomePickerState::ManageIconHighlightBitmapLoading----------
trace:  MODE_LOAD_ICON_BITMAPS 
trace:  ----------HomePickerState::ManageIconBitmapLoading----------
trace:  MODE_LOAD_ICON_BITMAPS 
trace:  ----------HomePickerState::ManageIconBitmapLoading----------
trace:  ----------HomePickerState::MakeIconBitmap----------icon1
trace:  MODE_LOAD_ICON_BITMAPS 
trace:  ----------HomePickerState::ManageIconBitmapLoading----------
trace:  ----------HomePickerState::MakeIconBitmap----------icon2
trace:  MODE_LOAD_ICON_BITMAPS 
trace:  ----------HomePickerState::ManageIconBitmapLoading----------
trace:  ----------HomePickerState::MakeIconBitmap----------icon3
trace:  MODE_LOAD_ICON_BITMAPS 
trace:  ----------HomePickerState::ManageIconBitmapLoading----------
trace:  ----------HomePickerState::MakeIconBitmap----------icon4
trace:  MODE_LOAD_ICON_BITMAPS 
trace:  ----------HomePickerState::ManageIconBitmapLoading----------
trace:  ----------HomePickerState::MakeIconBitmap----------icon5
trace:  MODE_LOAD_ICON_BITMAPS 
trace:  ----------HomePickerState::ManageIconBitmapLoading----------
trace:  ----------HomePickerState::MakeIconBitmap----------icon6
trace:  MODE_LOAD_ICON_BITMAPS 
trace:  ----------HomePickerState::ManageIconBitmapLoading----------
trace:  ----------HomePickerState::MakeIconBitmap----------icon7
trace:  MODE_LOAD_ICON_BITMAPS 
trace:  ----------HomePickerState::ManageIconBitmapLoading----------
trace:  ----------HomePickerState::MakeIconBitmap----------icon8
trace:  MODE_LOAD_ICON_BITMAPS 
trace:  ----------HomePickerState::ManageIconBitmapLoading----------
trace:  MODE_BITMAP_BACKGROUND 
trace:  ----------HomePickerState::ManageBackgroundBitmapping----------
trace:  ----------HomePickerState::MakeUpperTabBitmap----------
trace:  ----------HomePickerState::CheckIfCurrentPageIsLoaded----------
trace:  ----------HomePickerState::EnableButtons----------
[0x200] SystemPlugin::ResetTouchscreenSampleRate(): false
trace:  ----------HomePickerState::EnableArrows----------
[0x200] SystemPlugin::ResetTouchscreenSampleRate(): false
trace:  MODE_BITMAP_BACKGROUND 
trace:  ----------HomePickerState::ManageBackgroundBitmapping----------
trace:  ----------SoundManager::StopMusic----------
trace:  ----------SoundManager::PlayMusic----------
trace:  MODE_INITIALIZE_PET 
trace:  ----------HomePickerState::ManagePetInitialization----------
trace:  ----------HomePickerState::InitializePet----------
trace:  ----------UIPetLPAD::LoadPet----------
trace:  ----------LF.LPAD.Pet.com.frimastudio.emerald.utils.SaveManager::ReadSavedData----------
trace:  About to AddAvatar
trace:  
READ SCRIPT
trace:  READ SCRIPT DONE

trace:  ----------PetAccelerometerManager::PetAccelerometerManager----------
[0x200] AccelerometerPlugin::setAccelerometerRate, rate = 10
trace:  ----------PetAccelerometerManager::Deactivate----------
[0x6] RemoveListener: could not find listener 0x45978530, total number 4
trace:  ----------PetAccelerometerManager::Init----------
trace:  mAvatar._name = _UIPetLPAD
trace:  mIsActive = true
trace:  ----------UIPetLPAD::ChangeStateToJumpIn----------
trace:  ----------UIPetLPAD::ResumePet----------
trace:  ----------PetAccelerometerManager::Activate----------
[0x6] AddListener: added listener 0x45978530, total number 5
trace:  MODE_PLAY_INITIAL_AUDIO_PROMPTS 
trace:  ----------HomePickerState::PlayInitialAudioPrompts----------
trace:  ----------IdlePrompts::GetInstance----------
trace:  ----------IdlePrompts::IdlePrompts----------
trace:  ----------IdlePrompts::PullData----------
trace:  ----------IdlePrompts::SetAllPrompts----------
trace:  ----------IdlePrompts::StartPromptTimer----------
trace:  MODE_JUMP_PET_IN 
trace:  ----------HomePickerState::ManagePetJumpingIn----------
trace:  ----------UIPetLPAD::SuspendPet----------
trace:  ----------PetAccelerometerManager::Deactivate----------
[0x6] RemoveListener: removed listener 0x45978530, total number 4
trace:  MODE_LOAD_ICONS 
trace:  ----------HomePickerState::ManageIconLoading----------
trace:  MODE_LOAD_ICON_HIGHLIGHT_BITMAPS 
trace:  ----------HomePickerState::ManageIconHighlightBitmapLoading----------
trace:  ----------HomePickerState::MakeIconHighlightBitmap----------icon9
trace:  MODE_LOAD_ICON_HIGHLIGHT_BITMAPS 
trace:  ----------HomePickerState::ManageIconHighlightBitmapLoading----------
trace:  ----------HomePickerState::MakeIconHighlightBitmap----------icon10
trace:  MODE_LOAD_ICON_HIGHLIGHT_BITMAPS 
trace:  ----------HomePickerState::ManageIconHighlightBitmapLoading----------
trace:  ----------HomePickerState::MakeIconHighlightBitmap----------icon11
trace:  MODE_LOAD_ICON_HIGHLIGHT_BITMAPS 
trace:  ----------HomePickerState::ManageIconHighlightBitmapLoading----------
trace:  ----------HomePickerState::MakeIconHighlightBitmap----------icon12
trace:  MODE_LOAD_ICON_HIGHLIGHT_BITMAPS 
trace:  ----------HomePickerState::ManageIconHighlightBitmapLoading----------
trace:  ----------HomePickerState::MakeIconHighlightBitmap----------icon13
trace:  MODE_LOAD_ICON_HIGHLIGHT_BITMAPS 
trace:  ----------HomePickerState::ManageIconHighlightBitmapLoading----------
trace:  ----------HomePickerState::MakeIconHighlightBitmap----------icon14
trace:  MODE_LOAD_ICON_HIGHLIGHT_BITMAPS 
trace:  ----------HomePickerState::ManageIconHighlightBitmapLoading----------
trace:  MODE_LOAD_ICON_BITMAPS 
trace:  ----------HomePickerState::ManageIconBitmapLoading----------
trace:  ----------HomePickerState::MakeIconBitmap----------icon9
trace:  MODE_LOAD_ICON_BITMAPS 
trace:  ----------HomePickerState::ManageIconBitmapLoading----------
trace:  ----------HomePickerState::MakeIconBitmap----------icon10
trace:  MODE_LOAD_ICON_BITMAPS 
trace:  ----------HomePickerState::ManageIconBitmapLoading----------
trace:  ----------HomePickerState::MakeIconBitmap----------icon11
trace:  MODE_LOAD_ICON_BITMAPS 
trace:  ----------HomePickerState::ManageIconBitmapLoading----------
trace:  ----------HomePickerState::MakeIconBitmap----------icon12
trace:  MODE_LOAD_ICON_BITMAPS 
trace:  ----------HomePickerState::ManageIconBitmapLoading----------
trace:  ----------HomePickerState::MakeIconBitmap----------icon13
trace:  MODE_LOAD_ICON_BITMAPS 
trace:  ----------HomePickerState::ManageIconBitmapLoading----------
trace:  ----------HomePickerState::MakeIconBitmap----------icon14
trace:  MODE_LOAD_ICON_BITMAPS 
trace:  ----------HomePickerState::ManageIconBitmapLoading----------
trace:  MODE_BITMAP_BACKGROUND 
trace:  ----------HomePickerState::ManageBackgroundBitmapping----------
trace:  MODE_INITIALIZE_PET 
trace:  ----------HomePickerState::ManagePetInitialization----------
trace:  MODE_RESUME_PET 
trace:  ----------HomePickerState::ManagePetResume----------
trace:  ----------UIPetLPAD::ResumePet----------
trace:  ----------PetAccelerometerManager::Activate----------
[0x6] AddListener: added listener 0x45978530, total number 5
trace:  ----------UIPetLPAD::EnableButtons----------
trace:  ----------IdlePrompts::PlayPrompt----------
trace:  ----------IdlePrompts::GetNextPromptToPlay----------Home_Idle_Badge
trace:  profile.GetBadges() and _global._uiData._currProfileUIData.BadgeNumber 11 and 11
trace:  ----------IdlePrompts::PlaySubsequentPrompt----------rightAway = true
trace:  ----------IdlePrompts::PlayPrompt----------
trace:  ----------IdlePrompts::GetNextPromptToPlay----------Home_Idle_Connect
trace:  _profile.GetBadges() and _global._uiData._currProfileUIData.BadgeNumber 11 and 11
[0x200] AppManagerPlugin::isBaseAppRelaunch, TRUE
trace:  _profile.GetNumLoginsSinceLastConnect() = 239
trace:  ----------IdlePrompts::PlaySubsequentPrompt----------rightAway = true
trace:  ----------IdlePrompts::PlayPrompt----------
trace:  ----------IdlePrompts::GetNextPromptToPlay----------Home_Idle_nav
trace:  _mainPicker._numPages = 2
trace:  --------SoundManager::PlaySequence-----
trace:  --------SoundManager::StopSequence-----
trace:  _sequenceSound = [object Object]
trace:  _sequenceIntervalId = undefined
trace:  --------SoundManager::ClearEndOfSeqCallback-----
trace:  loadSound : sound = /LF/Base/LpadAssets_en/Audio/LPAD_BN0041.mp3
trace:  --------SoundManager::HandleLoad-----
trace:  --------SoundManager::HandleSequence-----
trace:  ----------SoundManager::onSequenceDelay----------
trace:  --------SoundManager::DoEndOfSeqCallback-----[object Object]
trace:  -----Callback.PrintDebugInfo-----
trace:       _cbFunc:  [type Function]
trace:       _cbScope: [object Object]
trace:       _cbArgs:  false
trace:  ----------IdlePrompts::PlaySubsequentPrompt----------rightAway = false
trace:  --------SoundManager::ClearEndOfSeqCallback-----
trace:  ----------UIPetLPAD::StartRandomAnim----------
trace:   -------ob._currState--Idle_Idle1
trace:  ----------IdlePrompts::PlayPrompt----------
trace:  ----------IdlePrompts::GetNextPromptToPlay----------Home_Idle_pet
trace:  _profile.GetPetOnUI() = true
trace:  _global._uiData._currProfileUIData.HasLaunchedPetApp = true
trace:  ----------IdlePrompts::PlaySubsequentPrompt----------rightAway = true
trace:  ----------IdlePrompts::PlayPrompt----------
trace:  ----------IdlePrompts::GetNextPromptToPlay----------Home_Idle_profile
trace:  _global._uiData._currProfileUIData.HasProfileBeenViewed = true
trace:  ----------IdlePrompts::PlaySubsequentPrompt----------rightAway = true
trace:  ----------IdlePrompts::PlayPrompt----------
trace:  ----------IdlePrompts::GetNextPromptToPlay----------Home_IconSwapAudio
trace:  ----------IdlePrompts::PlaySubsequentPrompt----------rightAway = true
trace:  ----------IdlePrompts::PlayPrompt----------
trace:  ----------IdlePrompts::GetNextPromptToPlay----------Home_BatteryAudio
trace:  LF.Power.GetPowerState() = 1
trace:  ----------IdlePrompts::PlaySubsequentPrompt----------rightAway = true
trace:  ----------HomePickerState::ProcessMouseDown----------
trace:  ----------HomePickerState::ProcessMouseUp----------
trace:  ----------UIPetLPAD::StartRandomAnim----------
trace:   -------ob._currState--Tricks_RollOver
trace:  ----------UIPetLPAD::StartRandomAnim----------
trace:   -------ob._currState--Tricks_RollOver
trace:  ----------UIPetLPAD::StartRandomAnim----------
trace:   -------ob._currState--Tricks_RollOver
trace:  ----------UIPetLPAD::StartRandomAnim----------
trace:   -------ob._currState--Idle_Idle1
trace:  ----------HomePickerState::ProcessMouseDown----------
trace:  ----------HomePickerState::ProcessMouseUp----------
trace:  ----------HomePickerState::ProcessMouseDown----------
trace:  ----------HomePickerState::OnNavPress----------1
trace:  ----------HomePickerState::ProcessNavPress----------1
trace:  ----------HomePickerState::ChangePage( 1 )----------
trace:  ----------HomePickerState::DisableButtons----------
[0x200] SystemPlugin::SetTouchscreenSampleRate( 1 ): false
trace:  ----------HomePickerState::DisableArrows----------
trace:  ----------HomePickerState::SetNumberOfIconsOnCurrentPage----------
trace:  ----------HomePickerState::SwapAnimatingIconsToBitmap----------
trace:  ----------HomePickerState::ProcessMouseUp----------
trace:  ----------HomePickerState::EnableButtons----------
[0x200] SystemPlugin::ResetTouchscreenSampleRate(): false
trace:  ----------HomePickerState::EnableArrows----------
[0x200] SystemPlugin::ResetTouchscreenSampleRate(): false
trace:  ----------HomePickerState::EnableArrows----------
[0x200] SystemPlugin::ResetTouchscreenSampleRate(): false
trace:  ----------HomePickerState::SwapAnimatingIconsToBitmap----------
trace:  MODE_RESUME_PET 
trace:  ----------HomePickerState::ManagePetResume----------
trace:  ----------UIPetLPAD::EnableButtons----------
trace:  -----Callback.PrintDebugInfo-----
trace:       _cbFunc:  null
trace:       _cbScope: _level0.mcContent.HomePicker_mc.main_mc
trace:       _cbArgs:  undefined
trace:  ----------HomePickerState::ProcessMouseDown----------
trace:  ----------BaseIconButton::onPress()---------- icon14
trace:  ----------HomePickerState::ProcessIconOnPress----------
trace:  game_info._title = Disney Pixar Up!
trace:  ----------HomePickerState::ProcessMouseUp----------
trace:  ----------BaseIconButton::onRelease()---------- icon14
trace:  ----------HomePickerState::ProcessIconOnRelease----------
trace:  ----------HomePickerState::DisableButtons----------
[0x200] SystemPlugin::SetTouchscreenSampleRate( 1 ): false
trace:  ----------HomePickerState::DisableArrows----------
trace:  ----------UIPetLPAD::SuspendPet----------
trace:  ----------PetAccelerometerManager::Deactivate----------
[0x6] RemoveListener: removed listener 0x45978530, total number 4
trace:  ----------HomePickerState::PausePrompts----------
trace:  ----------IdlePrompts::PausePrompts----------
trace:  ----------IdlePrompts::SavePromptData----------
trace:  --------SoundManager::StopSequence-----
trace:  _sequenceSound = [object Object]
trace:  _sequenceIntervalId = 7
trace:  --------SoundManager::ClearEndOfSeqCallback-----
trace:  -----Callback.PrintDebugInfo-----
trace:       _cbFunc:  [type Function]
trace:       _cbScope: _level0.mcContent.HomePicker_mc.main_mc
trace:       _cbArgs:  [object Object]
trace:  ----------HomePickerState::PlayAppGameInfoSound----------
trace:  ----------HomePickerState::LaunchApp----------
trace:  ----------SoundManager::StopMusic----------
trace:  ------------TabsTransition::TabsTransition---------------
trace:  _bgToShow = undefined
trace:  _bgToHide = undefined
trace:  ----------StateMachine::ReplaceTopState----------- LaunchApp.swf
trace:  _currState._container = _level0.mcContent.HomePicker_mc
trace:  movieclip = _level0.mcContent.LaunchApp_mc
[0x6] RemoveListener: could not find listener 0x45978a1c, total number 4
trace:  ----------StateMachine::_mcListener.onLoadInit( _level0.mcContent.LaunchApp_mc )----------
trace:  ------------TabsTransition::Init---------------
trace:   _incrementUpper : 97.55
trace:   _incrementLower : 52
trace:  ----------HomePickerState::Exit----------
trace:  ----------HomePickerState::ClearIconBitmaps----------
trace:  ----------HomePickerState::ClearUpperTabBitmap----------
[0x6] RemoveListener: removed listener 0x84e90, total number 3
[0x6] RemoveListener: could not find listener 0x84e90, total number 3
trace:  ----------HomePickerState::PausePrompts----------
trace:  ----------IdlePrompts::PausePrompts----------
trace:  ----------IdlePrompts::SavePromptData----------
trace:  --------SoundManager::StopSequence-----
trace:  _sequenceSound = [object Object]
trace:  _sequenceIntervalId = 7
trace:  --------SoundManager::ClearEndOfSeqCallback-----
trace:  ----------SoundManager::FadeOutMusic----------
trace:  _music.position = 19487
trace:  ----------UIPetLPAD::RemovePet----------
trace:  ----------UIPetLPAD::Dispose----------
trace:  ----------PetAccelerometerManager::Dispose----------
[0x6] RemoveListener: could not find listener 0x45978530, total number 3
trace:  ----------UIPetLPAD::Exit----------
[0x200] SystemPlugin::ResetTouchscreenSampleRate(): false
trace:  ------------TabsTransition::Update-------------- 0
trace:   .... animating prev ... 
trace:  ------------TabsTransition::Update-------------- 0
trace:   .... animating prev ... 
trace:  ------------TabsTransition::Update-------------- 0
trace:   .... animating prev ... 
trace:  ------------TabsTransition::Update-------------- 0
trace:   .... animating prev ... 
trace:   ... done animating previous, now start animating next
trace:  ------------TabsTransition::Update-------------- 12
trace:  ------------TabsTransition::Update-------------- 11
trace:  ------------TabsTransition::Update-------------- 10
trace:  ------------TabsTransition::Update-------------- 9
trace:  ------------TabsTransition::Update-------------- 8
trace:  ------------TabsTransition::Update-------------- 7
trace:  ------------TabsTransition::Update-------------- 6
trace:  ------------TabsTransition::Update-------------- 5
trace:  ------------TabsTransition::Update-------------- 4
trace:  ------------TabsTransition::Update-------------- 3
trace:  ------------TabsTransition::Update-------------- 2
trace:  ------------TabsTransition::Update-------------- 1
trace:  _animRefNext._tabWaitForLoad = undefined
trace:   .... animating next ....upper NaN lower NaN
trace:   ... done animating next, done with transition
trace:  ------------TabsTransition::Update-------------- 6
trace:  ------------TabsTransition::Update-------------- 5
trace:  ------------TabsTransition::Update-------------- 4
trace:  ------------TabsTransition::Update-------------- 3
trace:  ------------TabsTransition::Update-------------- 2
trace:  ------------TabsTransition::Update-------------- 1
[0x200] SystemPlugin::SetDidjLegacyFlag( 0 )
[0xf] fopenAtomic(/LF/Bulk/Data/Local/0/PAD2-0x1F1E0002-100000/RecentGames.json) returning 0x00092f40
[0xf] fcloseAtomic returning 0
[0x280] ReplaceTopApp: 1 DATA IS  NULL ..... 
[0x280] LoadNewApp path = /LF/Bulk/ProgramFiles/LST3-0x00180019-000000/LeapsterEmulator.swf
[0x280] LoadNewApp: before; /LF/Bulk/ProgramFiles/LST3-0x00180019-000000/LeapsterEmulator.swf; 1706; 973260
[0x280] LoadNewApp: after ; /LF/Bulk/ProgramFiles/LST3-0x00180019-000000/LeapsterEmulator.swf; 1812; 978300
[0x280] LoadNewApp: loading ViewFrame /LF/Base//EmeraldTitles/LST3-0x00180019-000000/ViewFrame.json
[0x280] mCurrentTransition = kReplaceTopApp !
[0x280] CAppManager::ExitPopUnloadApp()
trace:  ------------TabsTransition::TabsTransition---------------
trace:  _bgToShow = undefined
trace:  _bgToHide = undefined
trace:  ----------StateMachine::ReplaceTopState----------- HomePicker.swf
trace:  _currState._container = _level0.mcContent.LaunchApp_mc
trace:  movieclip = _level0.mcContent.HomePicker_mc
[0x6] RemoveListener: could not find listener 0x45978a1c, total number 3
[0x6] RemoveListener: could not find listener 0x45978530, total number 3
[0x6] RemoveListener: removed listener 0x44bf4, total number 2
[0x6] RemoveListener: removed listener 0x44bb0, total number 1
[0x5] UnRegisterLayer: 0x44f040: 480x272 (1920) @ 0x8217e800
[0x5] DestroyHandle: 0x44f040: 480x272 (1920) @ 0x8217e800
[0x5] UnRegisterLayer: 0x44f040: 480x272 (1920) @ 0x8217e800
[0x5] DeAllocBuffer: remove offset 0017E800, length 0007F800
[0x5] UnRegisterLayer: 0x44f0b8: 480x272 (1920) @ 0xafb58
[0x5] DestroyHandle: 0x44f0b8: 480x272 (1920) @ 0xafb58
[0x5] UnRegisterLayer: 0x44f0b8: 480x272 (1920) @ 0xafb58
[0x6] RemoveListener: could not find listener 0x44efa0, total number 1
MPCriticalSection::~MPCriticalSection() error 22
[0x6] RemoveListener: could not find listener 0x44bf4, total number 1
[0x6] RemoveListener: could not find listener 0x44bb0, total number 1
[0x280] ExitPopUnloadApp: before; /LF/Base/LPAD/; 1943; 968704
[0x280] ExitPopUnloadApp: before UnloadModule /LF/Base/LPAD/
[0x280] ExitPopUnloadApp: module unloaded 108560
[0x280] ExitPopUnloadApp: after ; /LF/Base/LPAD/; 1949; 968704
[0x280] ExitPopUnloadApp: OGL context still active after unloading
[0x280] ExitPopUnloadApp: aborting all Atomic I/O with fabortAllAtomic
[0xf] fabortAllAtomic: aborted 0 files
[0x280] CGameViewFrame::Enter
[0x0] DaemonControl socket connect failed ret=-1
[0x6] AddListener: added listener 0x5b2f8, total number 2
[0x6] AddListener: added listener 0x3d2fd8, total number 3
[0x6] AddListener: added listener 0x3d301c, total number 4
+++ AppManager: Flash: End Construct DidjPlayer: 198020.41 12978155.29
[0x5] AllocBuffer: new buf offset 0017E800, length 00075300
[0x5] CreateHandle: 0x3d3088: 250x250 (1920) @ 0x8217e800
[0x5] RegisterLayer: 0x3d3088: 250x250 (1920) @ 0x8217e800
[0x5] SetWindowPosition: 0x3d3088: 0,0 .. 250,250
[0x5] CreateHandle: 0x3d3100: 250x250 (1000) @ 0x3897f8
[0x5] RegisterLayer: 0x3d3100: 250x250 (1000) @ 0x3897f8
[0x5] UnRegisterLayer: 0x3d3100: 250x250 (1000) @ 0x3897f8
+++ AppManager: Flash: Bgn LoadMovie: 198020.42 12978155.57
+++ AppManager: Flash: Bgn CreatePlayer: 198020.42 12978155.62
[0x281] CSystemData::FindFont( LFCurry.ttf )
[0x281] CSystemData::FindFont( LFCurry.ttf )
+++ AppManager: Flash: End CreatePlayer: 198020.54 12978163.17
+++ AppManager: Flash: End SetFrameBuffer: 198020.54 12978163.71
+++ AppManager: Flash: End LoadMovie: 198020.55 12978163.78
trace:  =================
trace:  Leapster Emulator
trace:  =================
[0x200] Failed to open the file: /LF/Bulk/Data/Local/0/LST3-0x00180019-000000/leapster.ltm
[0x200] ERROR:  LF_File::readline
[0x200] WARNING:  LF_File::close called on a file already closed: /LF/Bulk/Data/Local/0/LST3-0x00180019-000000/leapster.ltm
[0x200] SystemPlugin::IsLFPlatform(): true
[0x200] SystemPlugin::GetLocaleCode(): en-us
[0x200] CAtomicFile::CAtomicFile( /LF/Bulk/Data/Local/0/LST3-0x00180019-000000/leapster.ltm, w ): failed
[0x200] CAtomicFile::CAtomicFile( /LF/Bulk/Data/Local/0/LST3-0x00180019-000000/leapster.ltm, w ): failed
trace:  [#include]SequenceHelper.as
[0x200] SystemPlugin::GetLocaleCode(): en-us
trace:  [#include]Heartbeat.as
[0x200] CAtomicFile::CAtomicFile( /LF/Bulk/Data/Local/0/LST3-0x00180019-000000/leapster.ltm, w ): failed
[0x200] SystemPlugin::GetLocaleCode(): en-us
[0x280] mCurrentTransition = kReplaceAllWithApp !
[0x280] CAppManager::ExitPopUnloadApp()
[0x280] CGameViewFrame::Exit
[0x200] CAtomicFile::CAtomicFile( /LF/Bulk/Data/Local/0/LST3-0x00180019-000000/leapster.ltm, w ): failed
[0x6] RemoveListener: could not find listener 0x45978a1c, total number 4
[0x6] RemoveListener: could not find listener 0x45978530, total number 4
[0x6] RemoveListener: removed listener 0x3d301c, total number 3
[0x6] RemoveListener: removed listener 0x3d2fd8, total number 2
[0x5] UnRegisterLayer: 0x3d3088: 250x250 (1920) @ 0x8217e800
[0x5] DestroyHandle: 0x3d3088: 250x250 (1920) @ 0x8217e800
[0x5] UnRegisterLayer: 0x3d3088: 250x250 (1920) @ 0x8217e800
[0x5] DeAllocBuffer: remove offset 0017E800, length 00075300
[0x5] UnRegisterLayer: 0x3d3100: 250x250 (1000) @ 0x3897f8
[0x5] DestroyHandle: 0x3d3100: 250x250 (1000) @ 0x3897f8
[0x5] UnRegisterLayer: 0x3d3100: 250x250 (1000) @ 0x3897f8
[0x6] RemoveListener: could not find listener 0x3d2d20, total number 2
MPCriticalSection::~MPCriticalSection() error 22
[0x6] RemoveListener: could not find listener 0x3d301c, total number 2
[0x6] RemoveListener: could not find listener 0x3d2fd8, total number 2
[0x6] RemoveListener: removed listener 0x5b2f8, total number 1
[0x6] RemoveListener: could not find listener 0x5b2f8, total number 1
[0x280] ExitPopUnloadApp: before; /LF/Bulk/ProgramFiles/LST3-0x00180019-000000/; 1943; 1130700
[0x280] ExitPopUnloadApp: before UnloadModule /LF/Bulk/ProgramFiles/LST3-0x00180019-000000/
[0x280] ExitPopUnloadApp: module unloaded 3982568
[0x280] ExitPopUnloadApp: after ; /LF/Bulk/ProgramFiles/LST3-0x00180019-000000/; 1949; 1123140
[0x280] ExitPopUnloadApp: OGL context still active after unloading
[0x280] ExitPopUnloadApp: aborting all Atomic I/O with fabortAllAtomic
[0xf] fabortAllAtomic: aborted 0 files
[0x280] mCurrentTransition = kLoginApp !
+++ AppManager: Bgn Load main.swf: 198071.57 12981472.47
[0x280] PushApp Start: LPAD/main.swf; LightningBase/Src/AppManager.cpp; 1121; 1123140
[0x280] LoadNewApp path = /LF/Base/LPAD/main.swf
[0x280] LoadNewApp: before; /LF/Base/LPAD/main.swf; 1706; 1122636
[0x280] LoadNewApp: after ; /LF/Base/LPAD/main.swf; 1812; 1138628
[0x280] PushApp Done: LPAD/main.swf; LightningBase/Src/AppManager.cpp; 1123; 1138628
+++ AppManager: End Load main.swf: 198071.65 12981477.98
[0x280] mCurrentTransition = kPushApp !
[0x6] AddListener: added listener 0x5b348, total number 2
[0x6] AddListener: added listener 0x5b38c, total number 3
+++ AppManager: Flash: End Construct DidjPlayer: 198071.66 12981478.33
[0x5] AllocBuffer: new buf offset 0017E800, length 0007F800
[0x5] CreateHandle: 0x5b568: 480x272 (1920) @ 0x8217e800
[0x5] RegisterLayer: 0x5b568: 480x272 (1920) @ 0x8217e800
[0x5] SetWindowPosition: 0x5b568: 0,0 .. 480,272
[0x5] CreateHandle: 0x5b5e0: 480x272 (1920) @ 0xafb58
[0x5] RegisterLayer: 0x5b5e0: 480x272 (1920) @ 0xafb58
[0x5] UnRegisterLayer: 0x5b5e0: 480x272 (1920) @ 0xafb58
+++ AppManager: Flash: Bgn LoadMovie: 198071.67 12981478.93
+++ AppManager: Flash: Bgn CreatePlayer: 198071.67 12981479.05
[0x281] CSystemData::FindFont( LFCurry.ttf )
[0x281] CSystemData::FindFont( LFCurry.ttf )
+++ AppManager: Flash: End CreatePlayer: 198071.81 12981488.29
+++ AppManager: Flash: End SetFrameBuffer: 198071.83 12981489.58
+++ AppManager: Flash: End LoadMovie: 198071.84 12981489.67
trace:  ----------main::loadMainStageOne----------
trace:  ----------UIData::GetInstance----------
trace:  ----------UIData::UIData----------
trace:   ### default theme path is : /LF/Bulk/Downloads/PADS-0x1F1E0002-200001/UI_Tropical.swf
trace:  ----------UIData::UIData---------- _0ProfileUIData = undefined
trace:  ----------UIData::UIData---------- _1ProfileUIData = undefined
trace:  ----------UIData::UIData---------- _2ProfileUIData = undefined
trace:  ----------UIData::ResetPaths----------
[0x200] SystemPlugin::GetLocaleCode(): en-us
trace:  cuuLocaleCode = en-us
trace:  _language_code = en
trace:  _language_code = en
trace:  ----------SoundManager::GetInstance----------
trace:  ----------SoundManager::SoundManager----------
trace:  ..... theme is : undefined
[0x200] AppManagerPlugin::isBaseAppRelaunch, TRUE
trace:  ---------------- Main ------------- current logged in player is : 0
trace:  ..... bgPath is : /LF/Bulk/Downloads/PADS-0x1F1E0002-200001/UI_Tropical.swf
trace:  BG Main Theme Loaded
trace:  ----------main::loadMainStageTwo----------
[0x200] SystemPlugin::SetDidjLegacyFlag( 0 )
[0x200] AppManagerPlugin::isBaseAppRelaunch, TRUE
trace:  ------main:: LF.AppManager.IsBaseAppRelaunch()------true
trace:  ------main:: LF.CSystem.GetLocale()-----en-us
[0x200] AppManagerPlugin::isBaseAppRelaunch, TRUE
trace:  ---------------- Main ------------- current logged in player is : 0
trace:  ----------UIData::isAnyProfilePresent----------
[0xf] fopenAtomic(/LF/Bulk/Data/Local/0/PAD2-0x1F1E0002-100000/UIData.json) returning 0x0001e7b8
[0xf] fcloseAtomic returning 0
[0xf] fopenAtomic(/LF/Bulk/Data/Local/1/PAD2-0x1F1E0002-100000/UIData.json) returning 0x0001e4a8
[0xf] fcloseAtomic returning 0
[0xf] fopenAtomic(/LF/Bulk/Data/Local/2/PAD2-0x1F1E0002-100000/UIData.json) returning 0x0001e4a8
[0xf] fcloseAtomic returning 0
trace:  ----------UIData::isAnyProfilePresent----------
trace:  ------------TabsTransition::TabsTransition---------------
trace:  _bgToShow = undefined
trace:  _bgToHide = undefined
trace:  ----------StateMachine::PushState----------- SignIn.swf
[0x200] SystemPlugin::GetPetResourcesPath(): /LF/Base/PetResources/
trace:  creating /tmp/ui_ready flag
trace:  ########################## setting flag ###### 0
trace:  ----------State::GrabStateData----------
[0x200] SystemPlugin::GetLocaleCode(): en-us
trace:  cuuLocaleCode = en-us
trace:  _language_code = en
trace:  country_code = us
trace:  ----------StateMachine::_mcListener.onLoadInit( _level0.mcContent.SignIn_mc )----------
trace:  ------------TabsTransition::Init---------------
trace:  ------------TabsTransition::Update-------------- 0
trace:  _animRefNext._tabWaitForLoad = undefined
trace:   .... animating next ....upper -39 lower 467
trace:  ------------TabsTransition::Update-------------- 0
trace:  _animRefNext._tabWaitForLoad = undefined
trace:   .... animating next ....upper -26 lower 454
trace:  ------------TabsTransition::Update-------------- 0
trace:  _animRefNext._tabWaitForLoad = undefined
trace:   .... animating next ....upper -13 lower 441
trace:  ------------TabsTransition::Update-------------- 0
trace:  _animRefNext._tabWaitForLoad = undefined
trace:   .... animating next ....upper 0 lower 428
trace:   ... done animating next, done with transition
trace:  ------------TabsTransition::Update-------------- 6
trace:  ------------TabsTransition::Update-------------- 5
trace:  ------------TabsTransition::Update-------------- 4
trace:  ------------TabsTransition::Update-------------- 3
trace:  ------------TabsTransition::Update-------------- 2
trace:  ------------TabsTransition::Update-------------- 1
trace:  ----------main::ChangeBackground----------/LF/Base//LpadAssets/Art/UI_StandardBackground.swf
trace:  --------SoundManager::StopSequence-----
trace:  _sequenceSound = [object Object]
trace:  _sequenceIntervalId = undefined
trace:  --------SoundManager::ClearEndOfSeqCallback-----
trace:  BG Main Theme Loaded in ChangeBackground
trace:  -----Callback.PrintDebugInfo-----
trace:       _cbFunc:  [type Function]
trace:       _cbScope: _level0.mcContent.SignIn_mc.main_mc
trace:       _cbArgs:  _level0.mcContent.SignIn_mc.main_mc._0
trace:  --------SoundManager::StopSequence-----
trace:  _sequenceSound = [object Object]
trace:  _sequenceIntervalId = undefined
trace:  --------SoundManager::ClearEndOfSeqCallback-----
[0xf] fopenAtomic(/LF/Bulk/settings.cfg) returning 0x000ac308
[0xf] fcloseAtomic returning 0
[0x200] SystemPlugin::setCurrentPlayerID( 0 )
trace:  ----------main::DeleteAllPageBitmaps----------
trace:  ------------TabsTransition::TabsTransition---------------
trace:  _bgToShow = null
trace:  _bgToHide = _signInBG
trace:  ----------StateMachine::ReplaceTopState----------- HomePicker.swf
trace:  _currState._container = _level0.mcContent.SignIn_mc
trace:  movieclip = _level0.mcContent.HomePicker_mc
trace:  ----------HomePickerState::HomePickerState----------
trace:  ----------UIPetLPAD::UIPetLPAD----------
[0x200] SystemPlugin::GetLocaleCode(): en-us
[0x200] SystemPlugin::IsLFPlatform(): true
[0x200] SystemPlugin::GetLocaleCode(): en-us
[0x200] SystemPlugin::IsLFPlatform(): true
trace:  --------BaseImageButton::BaseImageButton-----_level0.mcContent.HomePicker_mc._upperTab._userImageBtn
trace:  --------BaseOnPressButton::BaseOnPressButton-----
trace:  --------BaseTextButton::BaseTextButton-----
trace:  ----------StateMachine::_mcListener.onLoadInit( _level0.mcContent.HomePicker_mc )----------
trace:  ------------TabsTransition::Init---------------
trace:   _incrementUpper : 52
trace:   _incrementLower : 52
trace:  ----------UIData::LogIn----------
[0xf] fopenAtomic(/LF/Bulk/settings.cfg) returning 0x000ac308
[0xf] fcloseAtomic returning 0
[0x200] SystemPlugin::setCurrentPlayerID( 0 )
trace:  ################################
trace:   playerId = 0
trace:   _currProfileID = 0
trace:   _currThemePath = /LF/Bulk/Downloads/PADS-0x1F1E0002-200002/UI_Coast.swf
trace:  ################################
trace:  ----------main::ChangeBackground----------/LF/Bulk/Downloads/PADS-0x1F1E0002-200002/UI_Coast.swf
[0xf] fopenAtomic(/LF/Bulk/Data/Local/0/./profile.dsc) returning 0x000594d0
[0xf] fcloseAtomic returning 0
[0x200] Setting Current Profile to 0
trace:  ----------HomePickerState::PreEnter----------
trace:  ----------State::GrabStateData----------
[0x200] SystemPlugin::GetLocaleCode(): en-us
trace:  cuuLocaleCode = en-us
trace:  _language_code = en
trace:  country_code = us
trace:  --------BaseTextButton::SetTextField----- Ghb
trace:  WARNING: Player profile picture load failed!
trace:  ----------HomePickerState::OnUserImageLoad----------
trace:  ----------HomePickerState::SetCartStatus---------- 0
trace:  ----------HomePickerState::GetAllIcons----------
[0x200] SystemPlugin::getProgramFileApps - Valencia - getting ready to sort
[0x200] SystemPlugin::getProgramFileApps - Valencia - sort file exists /LF/Bulk/Data/Local/0/PAD2-0x1F1E0002-100000/ProgramFileAppOrder.json
trace:  ----------HomePickerState::AdjustStatusbar----------
trace:  ----------HomePickerState::StartPowerListener----------
[0x6] AddListener: added listener 0x3d2a38, total number 4
trace:  ------------TabsTransition::Update-------------- 0
trace:   .... animating prev ... 
trace:  MODE_LOAD_ICONS 
trace:  ----------HomePickerState::ManageIconLoading----------
trace:  ----------HomePickerState::ChangeCartIconData----------
trace:  ----------HomePickerState::GoToFirstPage----------
trace:  ----------HomePickerState::ChangeCartIconImage----------
trace:  ----------HomePickerState::GetCategoryColorFieldName----------
trace:  ----------HomePickerState::SetCategoryLabelFieldName----------icon0
trace:  ----------HomePickerState::SetIconLabelText----------icon0
trace:  ----------HomePickerState::LoadIconImage----------icon0
trace:  ------------TabsTransition::Update-------------- 0
trace:   .... animating prev ... 
trace:  MODE_LOAD_ICONS 
trace:  ----------HomePickerState::ManageIconLoading----------
trace:  ----------HomePickerState::GetCategoryColorFieldName----------
trace:  ----------HomePickerState::LoadIconData----------icon1
trace:  ----------HomePickerState::SetCategoryLabelFieldName----------icon1
trace:  ----------HomePickerState::SetIconLabelText----------icon1
trace:  ----------HomePickerState::LoadIconImage----------icon1
trace:  ------------TabsTransition::Update-------------- 0
trace:   .... animating prev ... 
trace:  BG Main Theme Loaded in ChangeBackground
trace:  MODE_LOAD_ICONS 
trace:  ----------HomePickerState::ManageIconLoading----------
trace:  ----------HomePickerState::GetCategoryColorFieldName----------
trace:  ----------HomePickerState::LoadIconData----------icon2
trace:  ----------HomePickerState::SetCategoryLabelFieldName----------icon2
trace:  ----------HomePickerState::SetIconLabelText----------icon2
trace:  ----------HomePickerState::LoadIconImage----------icon2
trace:  ------------TabsTransition::Update-------------- 0
trace:   .... animating prev ... 
trace:   ... done animating previous, now start animating next
trace:  MODE_LOAD_ICONS 
trace:  ----------HomePickerState::ManageIconLoading----------
trace:  ----------HomePickerState::GetCategoryColorFieldName----------
trace:  ----------HomePickerState::LoadIconData----------icon3
trace:  ----------HomePickerState::SetCategoryLabelFieldName----------icon3
trace:  ----------HomePickerState::SetIconLabelText----------icon3
trace:  ----------HomePickerState::LoadIconImage----------icon3
trace:  ------------TabsTransition::Update-------------- 12
trace:  MODE_LOAD_ICONS 
trace:  ----------HomePickerState::ManageIconLoading----------
trace:  ----------HomePickerState::GetCategoryColorFieldName----------
trace:  ----------HomePickerState::LoadIconData----------icon4
[0x200] SystemPlugin::getProgramFileApps - Valencia - getting ready to sort
[0x200] SystemPlugin::getProgramFileApps - Valencia - sort file exists /LF/Bulk/Data/Local/0/PAD2-0x1F1E0002-100000/ProgramFileAppOrder.json
trace:  ----------HomePickerState::SetCategoryLabelFieldName----------icon4
trace:  ----------HomePickerState::SetIconLabelText----------icon4
trace:  ----------HomePickerState::LoadIconImage----------icon4
trace:  ------------TabsTransition::Update-------------- 11
trace:  MAKING CART BITMAPS
trace:  ----------HomePickerState::MakeIconHighlightBitmap----------icon0
trace:  ----------HomePickerState::MakeIconBitmap----------icon0
trace:  MODE_LOAD_ICONS 
trace:  ----------HomePickerState::ManageIconLoading----------
trace:  ----------HomePickerState::GetCategoryColorFieldName----------
trace:  ----------HomePickerState::LoadIconData----------icon5
trace:  ----------HomePickerState::SetCategoryLabelFieldName----------icon5
trace:  ----------HomePickerState::SetIconLabelText----------icon5
trace:  ----------HomePickerState::LoadIconImage----------icon5
trace:  ------------TabsTransition::Update-------------- 10
trace:  MODE_LOAD_ICONS 
trace:  ----------HomePickerState::ManageIconLoading----------
trace:  ----------HomePickerState::GetCategoryColorFieldName----------
trace:  ----------HomePickerState::LoadIconData----------icon6
trace:  ----------HomePickerState::SetCategoryLabelFieldName----------icon6
trace:  ----------HomePickerState::SetIconLabelText----------icon6
trace:  ----------HomePickerState::LoadIconImage----------icon6
trace:  ------------TabsTransition::Update-------------- 9
trace:  MODE_LOAD_ICONS 
trace:  ----------HomePickerState::ManageIconLoading----------
trace:  ----------HomePickerState::GetCategoryColorFieldName----------
trace:  ----------HomePickerState::LoadIconData----------icon7
trace:  ----------HomePickerState::SetCategoryLabelFieldName----------icon7
trace:  ----------HomePickerState::SetIconLabelText----------icon7
trace:  ----------HomePickerState::LoadIconImage----------icon7
trace:  ------------TabsTransition::Update-------------- 8
trace:  MODE_LOAD_ICONS 
trace:  ----------HomePickerState::ManageIconLoading----------
trace:  ----------HomePickerState::GetCategoryColorFieldName----------
trace:  ----------HomePickerState::LoadIconData----------icon8
trace:  ----------HomePickerState::SetCategoryLabelFieldName----------icon8
trace:  ----------HomePickerState::SetIconLabelText----------icon8
trace:  ----------HomePickerState::LoadIconImage----------icon8
trace:  ------------TabsTransition::Update-------------- 7
trace:  MODE_LOAD_ICONS 
trace:  ----------HomePickerState::ManageIconLoading----------
trace:  ----------HomePickerState::GetCategoryColorFieldName----------
trace:  ----------HomePickerState::LoadIconData----------icon9
trace:  ----------HomePickerState::SetCategoryLabelFieldName----------icon9
trace:  ----------HomePickerState::SetIconLabelText----------icon9
trace:  ----------HomePickerState::LoadIconImage----------icon9
trace:  ------------TabsTransition::Update-------------- 6
trace:  MODE_LOAD_ICONS 
trace:  ----------HomePickerState::ManageIconLoading----------
trace:  ----------HomePickerState::GetCategoryColorFieldName----------
trace:  ----------HomePickerState::LoadIconData----------icon10
trace:  ----------HomePickerState::SetCategoryLabelFieldName----------icon10
trace:  ----------HomePickerState::SetIconLabelText----------icon10
trace:  ----------HomePickerState::LoadIconImage----------icon10
trace:  ------------TabsTransition::Update-------------- 5
trace:  MODE_LOAD_ICONS 
trace:  ----------HomePickerState::ManageIconLoading----------
trace:  ----------HomePickerState::GetCategoryColorFieldName----------
trace:  ----------HomePickerState::LoadIconData----------icon11
trace:  ----------HomePickerState::SetCategoryLabelFieldName----------icon11
trace:  ----------HomePickerState::SetIconLabelText----------icon11
trace:  ----------HomePickerState::LoadIconImage----------icon11
trace:  ------------TabsTransition::Update-------------- 4
trace:  MODE_LOAD_ICONS 
trace:  ----------HomePickerState::ManageIconLoading----------
trace:  ----------HomePickerState::GetCategoryColorFieldName----------
trace:  ----------HomePickerState::LoadIconData----------icon12
trace:  ----------HomePickerState::SetCategoryLabelFieldName----------icon12
trace:  ----------HomePickerState::SetIconLabelText----------icon12
trace:  ----------HomePickerState::LoadIconImage----------icon12
trace:  ------------TabsTransition::Update-------------- 3
trace:  MODE_LOAD_ICONS 
trace:  ----------HomePickerState::ManageIconLoading----------
trace:  ----------HomePickerState::GetCategoryColorFieldName----------
trace:  ----------HomePickerState::LoadIconData----------icon13
trace:  ----------HomePickerState::SetCategoryLabelFieldName----------icon13
trace:  ----------HomePickerState::SetIconLabelText----------icon13
trace:  ----------HomePickerState::LoadIconImage----------icon13
trace:  ------------TabsTransition::Update-------------- 2
trace:  MODE_LOAD_ICONS 
trace:  ----------HomePickerState::ManageIconLoading----------
trace:  ----------HomePickerState::GetCategoryColorFieldName----------
trace:  ----------HomePickerState::LoadIconData----------icon14
trace:  ----------HomePickerState::SetCategoryLabelFieldName----------icon14
trace:  ----------HomePickerState::SetIconLabelText----------icon14
trace:  ----------HomePickerState::LoadIconImage----------icon14
trace:  ------------TabsTransition::Update-------------- 1
trace:  waiting for load of the image
trace:  MODE_LOAD_ICONS 
trace:  ----------HomePickerState::ManageIconLoading----------
trace:  ------------TabsTransition::Update-------------- 0
trace:  waiting for load of the image
trace:  MODE_LOAD_ICONS 
trace:  ----------HomePickerState::ManageIconLoading----------
trace:  ------------TabsTransition::Update-------------- 0
trace:  waiting for load of the image
trace:  MODE_LOAD_ICONS 
trace:  ----------HomePickerState::ManageIconLoading----------
trace:  ------------TabsTransition::Update-------------- 0
trace:  waiting for load of the image
trace:  MODE_LOAD_ICONS 
trace:  ----------HomePickerState::ManageIconLoading----------
trace:  ------------TabsTransition::Update-------------- 0
trace:  waiting for load of the image
trace:  ------------TabsTransition::Update-------------- 0
trace:  _animRefNext._tabWaitForLoad = false
trace:   .... animating next ....upper -63.1125 lower 467
trace:  ------------TabsTransition::Update-------------- 0
trace:  _animRefNext._tabWaitForLoad = false
trace:   .... animating next ....upper -40.2625 lower 454
trace:  ------------TabsTransition::Update-------------- 0
trace:  _animRefNext._tabWaitForLoad = false
trace:   .... animating next ....upper -17.4125 lower 441
trace:  ------------TabsTransition::Update-------------- 0
trace:  _animRefNext._tabWaitForLoad = false
trace:   .... animating next ....upper 5.4375 lower 428
trace:   ... done animating next, done with transition
trace:  ------------TabsTransition::Update-------------- 6
trace:  ------------TabsTransition::Update-------------- 5
trace:  ------------TabsTransition::Update-------------- 4
trace:  ------------TabsTransition::Update-------------- 3
trace:  ------------TabsTransition::Update-------------- 2
trace:  ------------TabsTransition::Update-------------- 1
trace:  ----------HomePickerState::Enter----------
trace:  ----------HomePickerState::ActivateButtons----------
trace:  ----------HomePickerState::CheckForConnectNag----------
trace:  MODE_LOAD_ICON_HIGHLIGHT_BITMAPS 
trace:  ----------HomePickerState::ManageIconHighlightBitmapLoading----------
trace:  MODE_LOAD_ICON_HIGHLIGHT_BITMAPS 
trace:  ----------HomePickerState::ManageIconHighlightBitmapLoading----------
trace:  ----------HomePickerState::MakeIconHighlightBitmap----------icon1
trace:  MODE_LOAD_ICON_HIGHLIGHT_BITMAPS 
trace:  ----------HomePickerState::ManageIconHighlightBitmapLoading----------
trace:  ----------HomePickerState::MakeIconHighlightBitmap----------icon2
trace:  MODE_LOAD_ICON_HIGHLIGHT_BITMAPS 
trace:  ----------HomePickerState::ManageIconHighlightBitmapLoading----------
trace:  ----------HomePickerState::MakeIconHighlightBitmap----------icon3
trace:  MODE_LOAD_ICON_HIGHLIGHT_BITMAPS 
trace:  ----------HomePickerState::ManageIconHighlightBitmapLoading----------
trace:  ----------HomePickerState::MakeIconHighlightBitmap----------icon4
trace:  MODE_LOAD_ICON_HIGHLIGHT_BITMAPS 
trace:  ----------HomePickerState::ManageIconHighlightBitmapLoading----------
trace:  ----------HomePickerState::MakeIconHighlightBitmap----------icon5
trace:  MODE_LOAD_ICON_HIGHLIGHT_BITMAPS 
trace:  ----------HomePickerState::ManageIconHighlightBitmapLoading----------
trace:  ----------HomePickerState::MakeIconHighlightBitmap----------icon6
trace:  MODE_LOAD_ICON_HIGHLIGHT_BITMAPS 
trace:  ----------HomePickerState::ManageIconHighlightBitmapLoading----------
trace:  ----------HomePickerState::MakeIconHighlightBitmap----------icon7
trace:  MODE_LOAD_ICON_HIGHLIGHT_BITMAPS 
trace:  ----------HomePickerState::ManageIconHighlightBitmapLoading----------
trace:  ----------HomePickerState::MakeIconHighlightBitmap----------icon8
trace:  MODE_LOAD_ICON_HIGHLIGHT_BITMAPS 
trace:  ----------HomePickerState::ManageIconHighlightBitmapLoading----------
trace:  MODE_LOAD_ICON_BITMAPS 
trace:  ----------HomePickerState::ManageIconBitmapLoading----------
trace:  MODE_LOAD_ICON_BITMAPS 
trace:  ----------HomePickerState::ManageIconBitmapLoading----------
trace:  ----------HomePickerState::MakeIconBitmap----------icon1
trace:  MODE_LOAD_ICON_BITMAPS 
trace:  ----------HomePickerState::ManageIconBitmapLoading----------
trace:  ----------HomePickerState::MakeIconBitmap----------icon2
trace:  MODE_LOAD_ICON_BITMAPS 
trace:  ----------HomePickerState::ManageIconBitmapLoading----------
trace:  ----------HomePickerState::MakeIconBitmap----------icon3
trace:  MODE_LOAD_ICON_BITMAPS 
trace:  ----------HomePickerState::ManageIconBitmapLoading----------
trace:  ----------HomePickerState::MakeIconBitmap----------icon4
trace:  MODE_LOAD_ICON_BITMAPS 
trace:  ----------HomePickerState::ManageIconBitmapLoading----------
trace:  ----------HomePickerState::MakeIconBitmap----------icon5
trace:  MODE_LOAD_ICON_BITMAPS 
trace:  ----------HomePickerState::ManageIconBitmapLoading----------
trace:  ----------HomePickerState::MakeIconBitmap----------icon6
trace:  MODE_LOAD_ICON_BITMAPS 
trace:  ----------HomePickerState::ManageIconBitmapLoading----------
trace:  ----------HomePickerState::MakeIconBitmap----------icon7
trace:  MODE_LOAD_ICON_BITMAPS 
trace:  ----------HomePickerState::ManageIconBitmapLoading----------
trace:  ----------HomePickerState::MakeIconBitmap----------icon8
trace:  MODE_LOAD_ICON_BITMAPS 
trace:  ----------HomePickerState::ManageIconBitmapLoading----------
trace:  MODE_BITMAP_BACKGROUND 
trace:  ----------HomePickerState::ManageBackgroundBitmapping----------
trace:  ----------HomePickerState::MakeUpperTabBitmap----------
trace:  ----------HomePickerState::CheckIfCurrentPageIsLoaded----------
trace:  ----------HomePickerState::EnableButtons----------
[0x200] SystemPlugin::ResetTouchscreenSampleRate(): false
trace:  ----------HomePickerState::EnableArrows----------
[0x200] SystemPlugin::ResetTouchscreenSampleRate(): false
trace:  MODE_BITMAP_BACKGROUND 
trace:  ----------HomePickerState::ManageBackgroundBitmapping----------
trace:  ----------SoundManager::StopMusic----------
trace:  ----------SoundManager::PlayMusic----------
trace:  MODE_INITIALIZE_PET 
trace:  ----------HomePickerState::ManagePetInitialization----------
trace:  ----------HomePickerState::InitializePet----------
trace:  ----------UIPetLPAD::LoadPet----------
trace:  ----------LF.LPAD.Pet.com.frimastudio.emerald.utils.SaveManager::ReadSavedData----------
trace:  About to AddAvatar
trace:  
READ SCRIPT
trace:  READ SCRIPT DONE

trace:  ----------PetAccelerometerManager::PetAccelerometerManager----------
[0x200] AccelerometerPlugin::setAccelerometerRate, rate = 10
trace:  ----------PetAccelerometerManager::Deactivate----------
[0x6] RemoveListener: could not find listener 0x45978530, total number 4
trace:  ----------PetAccelerometerManager::Init----------
trace:  mAvatar._name = _UIPetLPAD
trace:  mIsActive = true
trace:  ----------UIPetLPAD::ChangeStateToJumpIn----------
trace:  ----------UIPetLPAD::ResumePet----------
trace:  ----------PetAccelerometerManager::Activate----------
[0x6] AddListener: added listener 0x45978530, total number 5
trace:  MODE_PLAY_INITIAL_AUDIO_PROMPTS 
trace:  ----------HomePickerState::PlayInitialAudioPrompts----------
trace:  ----------IdlePrompts::GetInstance----------
trace:  ----------IdlePrompts::IdlePrompts----------
trace:  ----------IdlePrompts::PullData----------
trace:  ----------IdlePrompts::SetAllPrompts----------
trace:  ----------IdlePrompts::StartPromptTimer----------
trace:  MODE_JUMP_PET_IN 
trace:  ----------HomePickerState::ManagePetJumpingIn----------
trace:  ----------UIPetLPAD::SuspendPet----------
trace:  ----------PetAccelerometerManager::Deactivate----------
[0x6] RemoveListener: removed listener 0x45978530, total number 4
trace:  MODE_LOAD_ICONS 
trace:  ----------HomePickerState::ManageIconLoading----------
trace:  MODE_LOAD_ICON_HIGHLIGHT_BITMAPS 
trace:  ----------HomePickerState::ManageIconHighlightBitmapLoading----------
trace:  ----------HomePickerState::MakeIconHighlightBitmap----------icon9
trace:  MODE_LOAD_ICON_HIGHLIGHT_BITMAPS 
trace:  ----------HomePickerState::ManageIconHighlightBitmapLoading----------
trace:  ----------HomePickerState::MakeIconHighlightBitmap----------icon10
trace:  MODE_LOAD_ICON_HIGHLIGHT_BITMAPS 
trace:  ----------HomePickerState::ManageIconHighlightBitmapLoading----------
trace:  ----------HomePickerState::MakeIconHighlightBitmap----------icon11
trace:  MODE_LOAD_ICON_HIGHLIGHT_BITMAPS 
trace:  ----------HomePickerState::ManageIconHighlightBitmapLoading----------
trace:  ----------HomePickerState::MakeIconHighlightBitmap----------icon12
trace:  MODE_LOAD_ICON_HIGHLIGHT_BITMAPS 
trace:  ----------HomePickerState::ManageIconHighlightBitmapLoading----------
trace:  ----------HomePickerState::MakeIconHighlightBitmap----------icon13
trace:  MODE_LOAD_ICON_HIGHLIGHT_BITMAPS 
trace:  ----------HomePickerState::ManageIconHighlightBitmapLoading----------
trace:  ----------HomePickerState::MakeIconHighlightBitmap----------icon14
trace:  MODE_LOAD_ICON_HIGHLIGHT_BITMAPS 
trace:  ----------HomePickerState::ManageIconHighlightBitmapLoading----------
trace:  MODE_LOAD_ICON_BITMAPS 
trace:  ----------HomePickerState::ManageIconBitmapLoading----------
trace:  ----------HomePickerState::MakeIconBitmap----------icon9
trace:  MODE_LOAD_ICON_BITMAPS 
trace:  ----------HomePickerState::ManageIconBitmapLoading----------
trace:  ----------HomePickerState::MakeIconBitmap----------icon10
trace:  MODE_LOAD_ICON_BITMAPS 
trace:  ----------HomePickerState::ManageIconBitmapLoading----------
trace:  ----------HomePickerState::MakeIconBitmap----------icon11
trace:  MODE_LOAD_ICON_BITMAPS 
trace:  ----------HomePickerState::ManageIconBitmapLoading----------
trace:  ----------HomePickerState::MakeIconBitmap----------icon12
trace:  MODE_LOAD_ICON_BITMAPS 
trace:  ----------HomePickerState::ManageIconBitmapLoading----------
trace:  ----------HomePickerState::MakeIconBitmap----------icon13
trace:  MODE_LOAD_ICON_BITMAPS 
trace:  ----------HomePickerState::ManageIconBitmapLoading----------
trace:  ----------HomePickerState::MakeIconBitmap----------icon14
trace:  MODE_LOAD_ICON_BITMAPS 
trace:  ----------HomePickerState::ManageIconBitmapLoading----------
trace:  MODE_BITMAP_BACKGROUND 
trace:  ----------HomePickerState::ManageBackgroundBitmapping----------
trace:  MODE_INITIALIZE_PET 
trace:  ----------HomePickerState::ManagePetInitialization----------
trace:  MODE_RESUME_PET 
trace:  ----------HomePickerState::ManagePetResume----------
trace:  ----------UIPetLPAD::ResumePet----------
trace:  ----------PetAccelerometerManager::Activate----------
[0x6] AddListener: added listener 0x45978530, total number 5
trace:  ----------UIPetLPAD::EnableButtons----------
trace:  ----------IdlePrompts::PlayPrompt----------
trace:  ----------IdlePrompts::GetNextPromptToPlay----------Home_Idle_Badge
trace:  profile.GetBadges() and _global._uiData._currProfileUIData.BadgeNumber 11 and 11
trace:  ----------IdlePrompts::PlaySubsequentPrompt----------rightAway = true
trace:  ----------IdlePrompts::PlayPrompt----------
trace:  ----------IdlePrompts::GetNextPromptToPlay----------Home_Idle_Connect
trace:  _profile.GetBadges() and _global._uiData._currProfileUIData.BadgeNumber 11 and 11
[0x200] AppManagerPlugin::isBaseAppRelaunch, TRUE
trace:  _profile.GetNumLoginsSinceLastConnect() = 240
trace:  --------SoundManager::PlaySequence-----
trace:  --------SoundManager::StopSequence-----
trace:  _sequenceSound = [object Object]
trace:  _sequenceIntervalId = undefined
trace:  --------SoundManager::ClearEndOfSeqCallback-----
trace:  loadSound : sound = /LF/Base/LpadAssets_en/Audio/VAL_BN_0003.mp3
trace:  --------SoundManager::HandleLoad-----
trace:  --------SoundManager::HandleSequence-----
trace:  ----------SoundManager::onSequenceDelay----------
trace:  --------SoundManager::DoEndOfSeqCallback-----[object Object]
trace:  -----Callback.PrintDebugInfo-----
trace:       _cbFunc:  [type Function]
trace:       _cbScope: [object Object]
trace:       _cbArgs:  false
trace:  ----------IdlePrompts::PlaySubsequentPrompt----------rightAway = false
trace:  --------SoundManager::ClearEndOfSeqCallback-----
trace:  ----------HomePickerState::ProcessMouseDown----------
trace:  ----------HomePickerState::OnNavPress----------1
trace:  ----------HomePickerState::ProcessNavPress----------1
trace:  ----------HomePickerState::ChangePage( 1 )----------
trace:  ----------HomePickerState::DisableButtons----------
[0x200] SystemPlugin::SetTouchscreenSampleRate( 1 ): false
trace:  ----------HomePickerState::DisableArrows----------
trace:  ----------HomePickerState::SetNumberOfIconsOnCurrentPage----------
trace:  ----------HomePickerState::SwapAnimatingIconsToBitmap----------
trace:  ----------HomePickerState::ProcessMouseUp----------
trace:  ----------HomePickerState::EnableButtons----------
[0x200] SystemPlugin::ResetTouchscreenSampleRate(): false
trace:  ----------HomePickerState::EnableArrows----------
[0x200] SystemPlugin::ResetTouchscreenSampleRate(): false
trace:  ----------HomePickerState::EnableArrows----------
[0x200] SystemPlugin::ResetTouchscreenSampleRate(): false
trace:  ----------HomePickerState::SwapAnimatingIconsToBitmap----------
trace:  MODE_RESUME_PET 
trace:  ----------HomePickerState::ManagePetResume----------
trace:  ----------UIPetLPAD::EnableButtons----------
trace:  -----Callback.PrintDebugInfo-----
trace:       _cbFunc:  null
trace:       _cbScope: _level0.mcContent.HomePicker_mc.main_mc
trace:       _cbArgs:  undefined
trace:  ----------UIPetLPAD::StartRandomAnim----------
trace:   -------ob._currState--Tricks_RollOver
trace:  ----------IdlePrompts::PlayPrompt----------
trace:  ----------IdlePrompts::GetNextPromptToPlay----------Home_Idle_nav
trace:  _mainPicker._numPages = 2
trace:  --------SoundManager::PlaySequence-----
trace:  --------SoundManager::StopSequence-----
trace:  _sequenceSound = [object Object]
trace:  _sequenceIntervalId = 6
trace:  --------SoundManager::ClearEndOfSeqCallback-----
trace:  loadSound : sound = /LF/Base/LpadAssets_en/Audio/LPAD_BN0041.mp3
trace:  --------SoundManager::HandleLoad-----
trace:  ----------UIPetLPAD::StartRandomAnim----------
trace:   -------ob._currState--Tricks_RollOver
trace:  --------SoundManager::HandleSequence-----
trace:  ----------SoundManager::onSequenceDelay----------
trace:  --------SoundManager::DoEndOfSeqCallback-----[object Object]
trace:  -----Callback.PrintDebugInfo-----
trace:       _cbFunc:  [type Function]
trace:       _cbScope: [object Object]
trace:       _cbArgs:  false
trace:  ----------IdlePrompts::PlaySubsequentPrompt----------rightAway = false
trace:  --------SoundManager::ClearEndOfSeqCallback-----
trace:  ----------UIPetLPAD::StartRandomAnim----------
trace:   -------ob._currState--Tricks_RollOver
trace:  ----------IdlePrompts::PlayPrompt----------
trace:  ----------IdlePrompts::GetNextPromptToPlay----------Home_Idle_pet
trace:  _profile.GetPetOnUI() = true
trace:  _global._uiData._currProfileUIData.HasLaunchedPetApp = true
trace:  ----------IdlePrompts::PlaySubsequentPrompt----------rightAway = true
trace:  ----------IdlePrompts::PlayPrompt----------
trace:  ----------IdlePrompts::GetNextPromptToPlay----------Home_Idle_profile
trace:  _global._uiData._currProfileUIData.HasProfileBeenViewed = true
trace:  ----------IdlePrompts::PlaySubsequentPrompt----------rightAway = true
trace:  ----------IdlePrompts::PlayPrompt----------
trace:  ----------IdlePrompts::GetNextPromptToPlay----------Home_IconSwapAudio
trace:  ----------IdlePrompts::PlaySubsequentPrompt----------rightAway = true
trace:  ----------IdlePrompts::PlayPrompt----------
trace:  ----------IdlePrompts::GetNextPromptToPlay----------Home_BatteryAudio
trace:  LF.Power.GetPowerState() = 1
trace:  ----------IdlePrompts::PlaySubsequentPrompt----------rightAway = true
=== AppManager ===
+++ AppManager: Entered main function: 198644.68 13016765.74
[0x6] ButtonPowerUSBTask: Use tslib
[0x6] ButtonPowerUSBTask: tslib: ts_config failed
[0x6] LoadTSLib: use_tslib=0, handle=0x17a60, tsl=(nil), fd=0
[0x6] Start ButtonPowerUSB Task ... !
[0x6] Start Cartridge task ...!
[0x5] InitModule: Screen = 480 x 272
[0x5] InitModule: Screen = 480 x 272, pitch = 1920
[0x5] InitModule: Mapped 82000000 to 0x82000000, size 003fc000
[0x5] InitModule: Screen = 480 x 272, pitch = 1920
[0x5] InitModule: Mapped 82400000 to 0x82400000, size 003fc000
[0x5] InitModule: Screen = 480 x 272, pitch = 1920
[0x5] InitModule: Mapped 82800000 to 0x82800000, size 003fc000
+++ AppManager: Bgn Init Logging: 198644.75 13016770.78
+++ AppManager: Bgn InitMutex: 198644.76 13016771.09
[0x280] ============================================
[0x280]    AppManager ReLaunch Threshold = 5
[0x280] ============================================
[0x5] AllocBuffer: new buf offset 000FF000, length 0007F800
[0x5] CreateHandle: 0x188e8: 480x272 (1920) @ 0x820ff000
[0x5] RegisterLayer: 0x188e8: 480x272 (1920) @ 0x820ff000
[0x5] SetWindowPosition: 0x188e8: 0,0 .. 480,272
[0x280] CAppManager::CAppManager ; LightningBase/Src/AppManager.cpp; 562; 1369320
[0x280] Platform = VALENCIA
[0x280] Shutdown Timer set for 12000 [ms] timeout
[0x280] USB Device Watchdog set for 12 [sec] timeout
[0x0] HasDoomPackageCritical: global doom file detected
+++ AppManager: End SetupSystem: 198644.79 13016773.44
[0x280] AppManager signal handler installed 
[0x0] DaemonControl socket connect failed ret=-1
[0x0] DaemonControl socket connect failed ret=-1
+++ AppManager: End Init CLogFile: 198644.80 13016773.67
[0x6] AddListener: added listener 0x180e8, total number 1
[0x281] CJSonFile::Load() failed to open (filehandle was NULL) mRsrcPath = /LF/Base/DidjPatches/DidjPatches.json
+++ AppManager: End Load DidjPatches: 198644.80 13016773.80
get temp restart player id = -1
+++ AppManager: Bgn Set Profile Logging: 198644.80 13016773.88
+++ AppManager: End Set Profile Logging: 198644.80 13016773.89
[0x1] Found codec: socaudiolfp100, legacy=0
[0x1] set_hwparams: buffer time=128000, size=4096
[0x1] set_hwparams: period time=32000, size=1024
[0x1] CallbackThread: starting audio thread 0x30a50
+++ AppManager: End Set Power & USB: 198644.84 13016776.12
[0x280] mCurrentTransition = kLoginApp !
+++ AppManager: Bgn Load main.swf: 198644.84 13016776.20
[0x280] PushApp Start: LPAD/main.swf; LightningBase/Src/AppManager.cpp; 1121; 1381696
[0x280] LoadNewApp path = /LF/Base/LPAD/main.swf
[0x280] LoadNewApp: before; /LF/Base/LPAD/main.swf; 1706; 1367584
[0x6] ButtonPowerUSBTask: Use tslib
[0x6] ButtonPowerUSBTask: tslib: ts_config failed
[0x6] LoadTSLib: use_tslib=0, handle=0x45c48, tsl=(nil), fd=0
[0x6] ButtonPowerUSBTask: tslib: Falling back on touchscreen interface
[0x280] LoadNewApp: after ; /LF/Base/LPAD/main.swf; 1812; 1371684
[0x280] PushApp Done: LPAD/main.swf; LightningBase/Src/AppManager.cpp; 1123; 1371684
+++ AppManager: End Load main.swf: 198644.91 13016780.55
+++ AppManager: UI loaded: 198644.91 13016780.56
[0x280] mCurrentTransition = kPushApp !
[0x6] AddListener: added listener 0x44c90, total number 2
[0x6] AddListener: added listener 0x44cd4, total number 3
+++ AppManager: Flash: End Construct DidjPlayer: 198644.91 13016781.05
[0x5] AllocBuffer: new buf offset 0017E800, length 0007F800
[0x5] CreateHandle: 0x44f38: 480x272 (1920) @ 0x8217e800
[0x5] RegisterLayer: 0x44f38: 480x272 (1920) @ 0x8217e800
[0x5] SetWindowPosition: 0x44f38: 0,0 .. 480,272
[0x5] CreateHandle: 0x44fb0: 480x272 (1920) @ 0x455cd008
[0x5] RegisterLayer: 0x44fb0: 480x272 (1920) @ 0x455cd008
[0x5] UnRegisterLayer: 0x44fb0: 480x272 (1920) @ 0x455cd008
[0x5] RegisterLayer: 0x188e8: 480x272 (1920) @ 0x820ff000
[0x5] SetWindowPosition: 0x188e8: 0,0 .. 480,272
+++ AppManager: Flash: Bgn LoadMovie: 198644.92 13016781.77
+++ AppManager: Flash: Bgn CreatePlayer: 198644.93 13016781.92
[0x281] CSystemData::FindFont( LFCurry.ttf )
[0x281] CSystemData::FindFont( LFCurry.ttf )
tadpole-view: 480x272, scale 2x, dir /tmp/tadpole
tadpole-view: audio 32000 Hz, 2 ch, 16-bit (period 1024), latency capped at 600 ms
+++ AppManager: Flash: End CreatePlayer: 198645.06 13016790.78
+++ AppManager: Flash: End SetFrameBuffer: 198645.07 13016791.39
+++ AppManager: Flash: End LoadMovie: 198645.08 13016791.48
+++ AppManager: UI entered: 198645.08 13016791.48
+++ AppManager: UI updated: 198645.25 13016802.88
get temp restart player id = -1
trace:  ----------main::loadMainStageOne----------
trace:  ----------UIData::GetInstance----------
trace:  ----------UIData::UIData----------
trace:   ### default theme path is : /LF/Bulk/Downloads/PADS-0x1F1E0002-200001/UI_Tropical.swf
trace:  ----------UIData::UIData---------- _0ProfileUIData = undefined
trace:  ----------UIData::UIData---------- _1ProfileUIData = undefined
trace:  ----------UIData::UIData---------- _2ProfileUIData = undefined
trace:  ----------UIData::ResetPaths----------
[0x200] SystemPlugin::GetLocaleCode(): en-us
trace:  cuuLocaleCode = en-us
trace:  _language_code = en
trace:  _language_code = en
trace:  ----------SoundManager::GetInstance----------
trace:  ----------SoundManager::SoundManager----------
trace:  ..... theme is : undefined
[0x200] AppManagerPlugin::isBaseAppRelaunch, FALSE
trace:  ---------------- Main ------------- current logged in player is : 0
trace:  ..... bgPath is : /LF/Base//LpadAssets/Art/UI_StandardBackground.swf
trace:  BG Main Theme Loaded
trace:  ----------main::loadMainStageTwo----------
[0x200] SystemPlugin::SetDidjLegacyFlag( 0 )
[0x200] AppManagerPlugin::isBaseAppRelaunch, FALSE
trace:  ------main:: LF.AppManager.IsBaseAppRelaunch()------false
trace:  ------main:: LF.CSystem.GetLocale()-----en-us
[0x200] AppManagerPlugin::isBaseAppRelaunch, FALSE
trace:  ---------------- Main ------------- current logged in player is : 0
trace:  ----------UIData::isAnyProfilePresent----------
[0xf] fopenAtomic(/LF/Bulk/Data/Local/0/PAD2-0x1F1E0002-100000/UIData.json) returning 0x00059d20
[0xf] fcloseAtomic returning 0
[0xf] fopenAtomic(/LF/Bulk/Data/Local/1/PAD2-0x1F1E0002-100000/UIData.json) returning 0x000599e0
[0xf] fcloseAtomic returning 0
[0xf] fopenAtomic(/LF/Bulk/Data/Local/2/PAD2-0x1F1E0002-100000/UIData.json) returning 0x000599e0
[0xf] fcloseAtomic returning 0
trace:  ----------UIData::isAnyProfilePresent----------
trace:  ------------TabsTransition::TabsTransition---------------
trace:  _bgToShow = undefined
trace:  _bgToHide = undefined
trace:  ----------StateMachine::PushState----------- SignIn.swf
[0x200] SystemPlugin::GetPetResourcesPath(): /LF/Base/PetResources/
trace:  creating /tmp/ui_ready flag
trace:  ########################## setting flag ###### 0
trace:  ----------State::GrabStateData----------
[0x200] SystemPlugin::GetLocaleCode(): en-us
trace:  cuuLocaleCode = en-us
trace:  _language_code = en
trace:  country_code = us
trace:  ----------StateMachine::_mcListener.onLoadInit( _level0.mcContent.SignIn_mc )----------
trace:  ------------TabsTransition::Init---------------
trace:  ------------TabsTransition::Update-------------- 0
trace:  _animRefNext._tabWaitForLoad = undefined
trace:   .... animating next ....upper -39 lower 467
trace:  ------------TabsTransition::Update-------------- 0
trace:  _animRefNext._tabWaitForLoad = undefined
trace:   .... animating next ....upper -26 lower 454
trace:  ------------TabsTransition::Update-------------- 0
trace:  _animRefNext._tabWaitForLoad = undefined
trace:   .... animating next ....upper -13 lower 441
trace:  ------------TabsTransition::Update-------------- 0
trace:  _animRefNext._tabWaitForLoad = undefined
trace:   .... animating next ....upper 0 lower 428
trace:   ... done animating next, done with transition
trace:  ------------TabsTransition::Update-------------- 6
trace:  ------------TabsTransition::Update-------------- 5
trace:  ------------TabsTransition::Update-------------- 4
trace:  ------------TabsTransition::Update-------------- 3
trace:  ------------TabsTransition::Update-------------- 2
trace:  ------------TabsTransition::Update-------------- 1
trace:  ----------main::ChangeBackground----------/LF/Base//LpadAssets/Art/UI_StandardBackground.swf
trace:  --------SoundManager::StopSequence-----
trace:  _sequenceSound = [object Object]
trace:  _sequenceIntervalId = undefined
trace:  --------SoundManager::ClearEndOfSeqCallback-----
trace:  BG Main Theme Loaded in ChangeBackground
trace:  -----Callback.PrintDebugInfo-----
trace:       _cbFunc:  [type Function]
trace:       _cbScope: _level0.mcContent.SignIn_mc.main_mc
trace:       _cbArgs:  _level0.mcContent.SignIn_mc.main_mc._0
trace:  --------SoundManager::StopSequence-----
trace:  _sequenceSound = [object Object]
trace:  _sequenceIntervalId = undefined
trace:  --------SoundManager::ClearEndOfSeqCallback-----
[0xf] fopenAtomic(/LF/Bulk/settings.cfg) returning 0x00066498
[0xf] fcloseAtomic returning 0
[0x200] SystemPlugin::setCurrentPlayerID( 0 )
trace:  ----------main::DeleteAllPageBitmaps----------
trace:  ------------TabsTransition::TabsTransition---------------
trace:  _bgToShow = null
trace:  _bgToHide = _signInBG
trace:  ----------StateMachine::ReplaceTopState----------- HomePicker.swf
trace:  _currState._container = _level0.mcContent.SignIn_mc
trace:  movieclip = _level0.mcContent.HomePicker_mc
trace:  ----------HomePickerState::HomePickerState----------
trace:  ----------UIPetLPAD::UIPetLPAD----------
[0x200] SystemPlugin::GetLocaleCode(): en-us
[0x200] SystemPlugin::IsLFPlatform(): true
[0x200] SystemPlugin::GetLocaleCode(): en-us
[0x200] SystemPlugin::IsLFPlatform(): true
trace:  --------BaseImageButton::BaseImageButton-----_level0.mcContent.HomePicker_mc._upperTab._userImageBtn
trace:  --------BaseOnPressButton::BaseOnPressButton-----
trace:  --------BaseTextButton::BaseTextButton-----
trace:  ----------StateMachine::_mcListener.onLoadInit( _level0.mcContent.HomePicker_mc )----------
trace:  ------------TabsTransition::Init---------------
trace:   _incrementUpper : 52
trace:   _incrementLower : 52
trace:  ----------UIData::LogIn----------
[0xf] fopenAtomic(/LF/Bulk/settings.cfg) returning 0x00066498
[0xf] fcloseAtomic returning 0
[0x200] SystemPlugin::setCurrentPlayerID( 0 )
trace:  ################################
trace:   playerId = 0
trace:   _currProfileID = 0
trace:   _currThemePath = /LF/Bulk/Downloads/PADS-0x1F1E0002-200002/UI_Coast.swf
trace:  ################################
trace:  ----------main::ChangeBackground----------/LF/Bulk/Downloads/PADS-0x1F1E0002-200002/UI_Coast.swf
[0xf] fopenAtomic(/LF/Bulk/Data/Local/0/./profile.dsc) returning 0x000678e0
[0xf] fcloseAtomic returning 0
[0x200] Setting Current Profile to 0
trace:  ----------HomePickerState::PreEnter----------
trace:  ----------State::GrabStateData----------
[0x200] SystemPlugin::GetLocaleCode(): en-us
trace:  cuuLocaleCode = en-us
trace:  _language_code = en
trace:  country_code = us
trace:  --------BaseTextButton::SetTextField----- Ghb
trace:  WARNING: Player profile picture load failed!
trace:  ----------HomePickerState::OnUserImageLoad----------
trace:  ----------HomePickerState::SetCartStatus---------- 0
trace:  ----------HomePickerState::GetAllIcons----------
[0x200] SystemPlugin::getProgramFileApps - Valencia - getting ready to sort
[0x200] SystemPlugin::getProgramFileApps - Valencia - sort file exists /LF/Bulk/Data/Local/0/PAD2-0x1F1E0002-100000/ProgramFileAppOrder.json
trace:  ----------HomePickerState::AdjustStatusbar----------
trace:  ----------HomePickerState::StartPowerListener----------
[0x6] AddListener: added listener 0x5cf88, total number 4
trace:  ------------TabsTransition::Update-------------- 0
trace:   .... animating prev ... 
trace:  MODE_LOAD_ICONS 
trace:  ----------HomePickerState::ManageIconLoading----------
trace:  ----------HomePickerState::ChangeCartIconData----------
trace:  ----------HomePickerState::GoToFirstPage----------
trace:  ----------HomePickerState::ChangeCartIconImage----------
trace:  ----------HomePickerState::GetCategoryColorFieldName----------
trace:  ----------HomePickerState::SetCategoryLabelFieldName----------icon0
trace:  ----------HomePickerState::SetIconLabelText----------icon0
trace:  ----------HomePickerState::LoadIconImage----------icon0
trace:  ------------TabsTransition::Update-------------- 0
trace:   .... animating prev ... 
trace:  MODE_LOAD_ICONS 
trace:  ----------HomePickerState::ManageIconLoading----------
trace:  ----------HomePickerState::GetCategoryColorFieldName----------
trace:  ----------HomePickerState::LoadIconData----------icon1
trace:  ----------HomePickerState::SetCategoryLabelFieldName----------icon1
trace:  ----------HomePickerState::SetIconLabelText----------icon1
trace:  ----------HomePickerState::LoadIconImage----------icon1
trace:  ------------TabsTransition::Update-------------- 0
trace:   .... animating prev ... 
trace:  BG Main Theme Loaded in ChangeBackground
trace:  MODE_LOAD_ICONS 
trace:  ----------HomePickerState::ManageIconLoading----------
trace:  ----------HomePickerState::GetCategoryColorFieldName----------
trace:  ----------HomePickerState::LoadIconData----------icon2
trace:  ----------HomePickerState::SetCategoryLabelFieldName----------icon2
trace:  ----------HomePickerState::SetIconLabelText----------icon2
trace:  ----------HomePickerState::LoadIconImage----------icon2
trace:  ------------TabsTransition::Update-------------- 0
trace:   .... animating prev ... 
trace:   ... done animating previous, now start animating next
trace:  MODE_LOAD_ICONS 
trace:  ----------HomePickerState::ManageIconLoading----------
trace:  ----------HomePickerState::GetCategoryColorFieldName----------
trace:  ----------HomePickerState::LoadIconData----------icon3
trace:  ----------HomePickerState::SetCategoryLabelFieldName----------icon3
trace:  ----------HomePickerState::SetIconLabelText----------icon3
trace:  ----------HomePickerState::LoadIconImage----------icon3
trace:  ------------TabsTransition::Update-------------- 12
trace:  MODE_LOAD_ICONS 
trace:  ----------HomePickerState::ManageIconLoading----------
trace:  ----------HomePickerState::GetCategoryColorFieldName----------
trace:  ----------HomePickerState::LoadIconData----------icon4
[0x200] SystemPlugin::getProgramFileApps - Valencia - getting ready to sort
[0x200] SystemPlugin::getProgramFileApps - Valencia - sort file exists /LF/Bulk/Data/Local/0/PAD2-0x1F1E0002-100000/ProgramFileAppOrder.json
trace:  ----------HomePickerState::SetCategoryLabelFieldName----------icon4
trace:  ----------HomePickerState::SetIconLabelText----------icon4
trace:  ----------HomePickerState::LoadIconImage----------icon4
trace:  ------------TabsTransition::Update-------------- 11
trace:  MAKING CART BITMAPS
trace:  ----------HomePickerState::MakeIconHighlightBitmap----------icon0
trace:  ----------HomePickerState::MakeIconBitmap----------icon0
trace:  MODE_LOAD_ICONS 
trace:  ----------HomePickerState::ManageIconLoading----------
trace:  ----------HomePickerState::GetCategoryColorFieldName----------
trace:  ----------HomePickerState::LoadIconData----------icon5
trace:  ----------HomePickerState::SetCategoryLabelFieldName----------icon5
trace:  ----------HomePickerState::SetIconLabelText----------icon5
trace:  ----------HomePickerState::LoadIconImage----------icon5
trace:  ------------TabsTransition::Update-------------- 10
trace:  MODE_LOAD_ICONS 
trace:  ----------HomePickerState::ManageIconLoading----------
trace:  ----------HomePickerState::GetCategoryColorFieldName----------
trace:  ----------HomePickerState::LoadIconData----------icon6
trace:  ----------HomePickerState::SetCategoryLabelFieldName----------icon6
trace:  ----------HomePickerState::SetIconLabelText----------icon6
trace:  ----------HomePickerState::LoadIconImage----------icon6
trace:  ------------TabsTransition::Update-------------- 9
trace:  MODE_LOAD_ICONS 
trace:  ----------HomePickerState::ManageIconLoading----------
trace:  ----------HomePickerState::GetCategoryColorFieldName----------
trace:  ----------HomePickerState::LoadIconData----------icon7
trace:  ----------HomePickerState::SetCategoryLabelFieldName----------icon7
trace:  ----------HomePickerState::SetIconLabelText----------icon7
trace:  ----------HomePickerState::LoadIconImage----------icon7
trace:  ------------TabsTransition::Update-------------- 8
trace:  MODE_LOAD_ICONS 
trace:  ----------HomePickerState::ManageIconLoading----------
trace:  ----------HomePickerState::GetCategoryColorFieldName----------
trace:  ----------HomePickerState::LoadIconData----------icon8
trace:  ----------HomePickerState::SetCategoryLabelFieldName----------icon8
trace:  ----------HomePickerState::SetIconLabelText----------icon8
trace:  ----------HomePickerState::LoadIconImage----------icon8
trace:  ------------TabsTransition::Update-------------- 7
trace:  MODE_LOAD_ICONS 
trace:  ----------HomePickerState::ManageIconLoading----------
trace:  ----------HomePickerState::GetCategoryColorFieldName----------
trace:  ----------HomePickerState::LoadIconData----------icon9
trace:  ----------HomePickerState::SetCategoryLabelFieldName----------icon9
trace:  ----------HomePickerState::SetIconLabelText----------icon9
trace:  ----------HomePickerState::LoadIconImage----------icon9
trace:  ------------TabsTransition::Update-------------- 6
trace:  MODE_LOAD_ICONS 
trace:  ----------HomePickerState::ManageIconLoading----------
trace:  ----------HomePickerState::GetCategoryColorFieldName----------
trace:  ----------HomePickerState::LoadIconData----------icon10
trace:  ----------HomePickerState::SetCategoryLabelFieldName----------icon10
trace:  ----------HomePickerState::SetIconLabelText----------icon10
trace:  ----------HomePickerState::LoadIconImage----------icon10
trace:  ------------TabsTransition::Update-------------- 5
trace:  MODE_LOAD_ICONS 
trace:  ----------HomePickerState::ManageIconLoading----------
trace:  ----------HomePickerState::GetCategoryColorFieldName----------
trace:  ----------HomePickerState::LoadIconData----------icon11
trace:  ----------HomePickerState::SetCategoryLabelFieldName----------icon11
trace:  ----------HomePickerState::SetIconLabelText----------icon11
trace:  ----------HomePickerState::LoadIconImage----------icon11
trace:  ------------TabsTransition::Update-------------- 4
trace:  MODE_LOAD_ICONS 
trace:  ----------HomePickerState::ManageIconLoading----------
trace:  ----------HomePickerState::GetCategoryColorFieldName----------
trace:  ----------HomePickerState::LoadIconData----------icon12
trace:  ----------HomePickerState::SetCategoryLabelFieldName----------icon12
trace:  ----------HomePickerState::SetIconLabelText----------icon12
trace:  ----------HomePickerState::LoadIconImage----------icon12
trace:  ------------TabsTransition::Update-------------- 3
trace:  MODE_LOAD_ICONS 
trace:  ----------HomePickerState::ManageIconLoading----------
trace:  ----------HomePickerState::GetCategoryColorFieldName----------
trace:  ----------HomePickerState::LoadIconData----------icon13
trace:  ----------HomePickerState::SetCategoryLabelFieldName----------icon13
trace:  ----------HomePickerState::SetIconLabelText----------icon13
trace:  ----------HomePickerState::LoadIconImage----------icon13
trace:  ------------TabsTransition::Update-------------- 2
trace:  MODE_LOAD_ICONS 
trace:  ----------HomePickerState::ManageIconLoading----------
trace:  ----------HomePickerState::GetCategoryColorFieldName----------
trace:  ----------HomePickerState::LoadIconData----------icon14
trace:  ----------HomePickerState::SetCategoryLabelFieldName----------icon14
trace:  ----------HomePickerState::SetIconLabelText----------icon14
trace:  ----------HomePickerState::LoadIconImage----------icon14
trace:  ------------TabsTransition::Update-------------- 1
trace:  waiting for load of the image
trace:  MODE_LOAD_ICONS 
trace:  ----------HomePickerState::ManageIconLoading----------
trace:  ------------TabsTransition::Update-------------- 0
trace:  waiting for load of the image
trace:  MODE_LOAD_ICONS 
trace:  ----------HomePickerState::ManageIconLoading----------
trace:  ------------TabsTransition::Update-------------- 0
trace:  waiting for load of the image
trace:  MODE_LOAD_ICONS 
trace:  ----------HomePickerState::ManageIconLoading----------
trace:  ------------TabsTransition::Update-------------- 0
trace:  waiting for load of the image
trace:  ------------TabsTransition::Update-------------- 0
trace:  _animRefNext._tabWaitForLoad = false
trace:   .... animating next ....upper -63.1125 lower 467
trace:  ------------TabsTransition::Update-------------- 0
trace:  _animRefNext._tabWaitForLoad = false
trace:   .... animating next ....upper -40.2625 lower 454
trace:  ------------TabsTransition::Update-------------- 0
trace:  _animRefNext._tabWaitForLoad = false
trace:   .... animating next ....upper -17.4125 lower 441
trace:  ------------TabsTransition::Update-------------- 0
trace:  _animRefNext._tabWaitForLoad = false
trace:   .... animating next ....upper 5.4375 lower 428
trace:   ... done animating next, done with transition
trace:  ------------TabsTransition::Update-------------- 6
trace:  ------------TabsTransition::Update-------------- 5
trace:  ------------TabsTransition::Update-------------- 4
trace:  ------------TabsTransition::Update-------------- 3
trace:  ------------TabsTransition::Update-------------- 2
trace:  ------------TabsTransition::Update-------------- 1
trace:  ----------HomePickerState::Enter----------
trace:  ----------HomePickerState::ActivateButtons----------
trace:  ----------HomePickerState::CheckForConnectNag----------
trace:  MODE_LOAD_ICON_HIGHLIGHT_BITMAPS 
trace:  ----------HomePickerState::ManageIconHighlightBitmapLoading----------
trace:  MODE_LOAD_ICON_HIGHLIGHT_BITMAPS 
trace:  ----------HomePickerState::ManageIconHighlightBitmapLoading----------
trace:  ----------HomePickerState::MakeIconHighlightBitmap----------icon1
trace:  MODE_LOAD_ICON_HIGHLIGHT_BITMAPS 
trace:  ----------HomePickerState::ManageIconHighlightBitmapLoading----------
trace:  ----------HomePickerState::MakeIconHighlightBitmap----------icon2
trace:  MODE_LOAD_ICON_HIGHLIGHT_BITMAPS 
trace:  ----------HomePickerState::ManageIconHighlightBitmapLoading----------
trace:  ----------HomePickerState::MakeIconHighlightBitmap----------icon3
trace:  MODE_LOAD_ICON_HIGHLIGHT_BITMAPS 
trace:  ----------HomePickerState::ManageIconHighlightBitmapLoading----------
trace:  ----------HomePickerState::MakeIconHighlightBitmap----------icon4
trace:  MODE_LOAD_ICON_HIGHLIGHT_BITMAPS 
trace:  ----------HomePickerState::ManageIconHighlightBitmapLoading----------
trace:  ----------HomePickerState::MakeIconHighlightBitmap----------icon5
trace:  MODE_LOAD_ICON_HIGHLIGHT_BITMAPS 
trace:  ----------HomePickerState::ManageIconHighlightBitmapLoading----------
trace:  ----------HomePickerState::MakeIconHighlightBitmap----------icon6
trace:  MODE_LOAD_ICON_HIGHLIGHT_BITMAPS 
trace:  ----------HomePickerState::ManageIconHighlightBitmapLoading----------
trace:  ----------HomePickerState::MakeIconHighlightBitmap----------icon7
trace:  MODE_LOAD_ICON_HIGHLIGHT_BITMAPS 
trace:  ----------HomePickerState::ManageIconHighlightBitmapLoading----------
trace:  ----------HomePickerState::MakeIconHighlightBitmap----------icon8
trace:  MODE_LOAD_ICON_HIGHLIGHT_BITMAPS 
trace:  ----------HomePickerState::ManageIconHighlightBitmapLoading----------
trace:  MODE_LOAD_ICON_BITMAPS 
trace:  ----------HomePickerState::ManageIconBitmapLoading----------
trace:  MODE_LOAD_ICON_BITMAPS 
trace:  ----------HomePickerState::ManageIconBitmapLoading----------
trace:  ----------HomePickerState::MakeIconBitmap----------icon1
trace:  MODE_LOAD_ICON_BITMAPS 
trace:  ----------HomePickerState::ManageIconBitmapLoading----------
trace:  ----------HomePickerState::MakeIconBitmap----------icon2
trace:  MODE_LOAD_ICON_BITMAPS 
trace:  ----------HomePickerState::ManageIconBitmapLoading----------
trace:  ----------HomePickerState::MakeIconBitmap----------icon3
trace:  MODE_LOAD_ICON_BITMAPS 
trace:  ----------HomePickerState::ManageIconBitmapLoading----------
trace:  ----------HomePickerState::MakeIconBitmap----------icon4
trace:  MODE_LOAD_ICON_BITMAPS 
trace:  ----------HomePickerState::ManageIconBitmapLoading----------
trace:  ----------HomePickerState::MakeIconBitmap----------icon5
trace:  MODE_LOAD_ICON_BITMAPS 
trace:  ----------HomePickerState::ManageIconBitmapLoading----------
trace:  ----------HomePickerState::MakeIconBitmap----------icon6
trace:  MODE_LOAD_ICON_BITMAPS 
trace:  ----------HomePickerState::ManageIconBitmapLoading----------
trace:  ----------HomePickerState::MakeIconBitmap----------icon7
trace:  MODE_LOAD_ICON_BITMAPS 
trace:  ----------HomePickerState::ManageIconBitmapLoading----------
trace:  ----------HomePickerState::MakeIconBitmap----------icon8
trace:  MODE_LOAD_ICON_BITMAPS 
trace:  ----------HomePickerState::ManageIconBitmapLoading----------
trace:  MODE_BITMAP_BACKGROUND 
trace:  ----------HomePickerState::ManageBackgroundBitmapping----------
trace:  ----------HomePickerState::MakeUpperTabBitmap----------
trace:  ----------HomePickerState::CheckIfCurrentPageIsLoaded----------
trace:  ----------HomePickerState::EnableButtons----------
[0x200] SystemPlugin::ResetTouchscreenSampleRate(): false
trace:  ----------HomePickerState::EnableArrows----------
[0x200] SystemPlugin::ResetTouchscreenSampleRate(): false
trace:  MODE_BITMAP_BACKGROUND 
trace:  ----------HomePickerState::ManageBackgroundBitmapping----------
trace:  ----------SoundManager::StopMusic----------
trace:  ----------SoundManager::PlayMusic----------
trace:  MODE_INITIALIZE_PET 
trace:  ----------HomePickerState::ManagePetInitialization----------
trace:  ----------HomePickerState::InitializePet----------
trace:  ----------UIPetLPAD::LoadPet----------
trace:  ----------LF.LPAD.Pet.com.frimastudio.emerald.utils.SaveManager::ReadSavedData----------
trace:  About to AddAvatar
trace:  
READ SCRIPT
trace:  READ SCRIPT DONE

trace:  ----------PetAccelerometerManager::PetAccelerometerManager----------
[0x200] AccelerometerPlugin::setAccelerometerRate, rate = 10
trace:  ----------PetAccelerometerManager::Deactivate----------
[0x6] RemoveListener: could not find listener 0x45863530, total number 4
trace:  ----------PetAccelerometerManager::Init----------
trace:  mAvatar._name = _UIPetLPAD
trace:  mIsActive = true
trace:  ----------UIPetLPAD::ChangeStateToJumpIn----------
trace:  ----------UIPetLPAD::ResumePet----------
trace:  ----------PetAccelerometerManager::Activate----------
[0x6] AddListener: added listener 0x45863530, total number 5
trace:  MODE_PLAY_INITIAL_AUDIO_PROMPTS 
trace:  ----------HomePickerState::PlayInitialAudioPrompts----------
trace:  ----------IdlePrompts::GetInstance----------
trace:  ----------IdlePrompts::IdlePrompts----------
trace:  ----------IdlePrompts::PullData----------
trace:  ----------IdlePrompts::SetAllPrompts----------
trace:  ----------IdlePrompts::StartPromptTimer----------
trace:  MODE_JUMP_PET_IN 
trace:  ----------HomePickerState::ManagePetJumpingIn----------
trace:  ----------UIPetLPAD::SuspendPet----------
trace:  ----------PetAccelerometerManager::Deactivate----------
[0x6] RemoveListener: removed listener 0x45863530, total number 4
trace:  MODE_LOAD_ICONS 
trace:  ----------HomePickerState::ManageIconLoading----------
trace:  MODE_LOAD_ICON_HIGHLIGHT_BITMAPS 
trace:  ----------HomePickerState::ManageIconHighlightBitmapLoading----------
trace:  ----------HomePickerState::MakeIconHighlightBitmap----------icon9
trace:  MODE_LOAD_ICON_HIGHLIGHT_BITMAPS 
trace:  ----------HomePickerState::ManageIconHighlightBitmapLoading----------
trace:  ----------HomePickerState::MakeIconHighlightBitmap----------icon10
trace:  MODE_LOAD_ICON_HIGHLIGHT_BITMAPS 
trace:  ----------HomePickerState::ManageIconHighlightBitmapLoading----------
trace:  ----------HomePickerState::MakeIconHighlightBitmap----------icon11
trace:  MODE_LOAD_ICON_HIGHLIGHT_BITMAPS 
trace:  ----------HomePickerState::ManageIconHighlightBitmapLoading----------
trace:  ----------HomePickerState::MakeIconHighlightBitmap----------icon12
trace:  MODE_LOAD_ICON_HIGHLIGHT_BITMAPS 
trace:  ----------HomePickerState::ManageIconHighlightBitmapLoading----------
trace:  ----------HomePickerState::MakeIconHighlightBitmap----------icon13
trace:  MODE_LOAD_ICON_HIGHLIGHT_BITMAPS 
trace:  ----------HomePickerState::ManageIconHighlightBitmapLoading----------
trace:  ----------HomePickerState::MakeIconHighlightBitmap----------icon14
trace:  MODE_LOAD_ICON_HIGHLIGHT_BITMAPS 
trace:  ----------HomePickerState::ManageIconHighlightBitmapLoading----------
trace:  MODE_LOAD_ICON_BITMAPS 
trace:  ----------HomePickerState::ManageIconBitmapLoading----------
trace:  ----------HomePickerState::MakeIconBitmap----------icon9
trace:  MODE_LOAD_ICON_BITMAPS 
trace:  ----------HomePickerState::ManageIconBitmapLoading----------
trace:  ----------HomePickerState::MakeIconBitmap----------icon10
trace:  MODE_LOAD_ICON_BITMAPS 
trace:  ----------HomePickerState::ManageIconBitmapLoading----------
trace:  ----------HomePickerState::MakeIconBitmap----------icon11
trace:  MODE_LOAD_ICON_BITMAPS 
trace:  ----------HomePickerState::ManageIconBitmapLoading----------
trace:  ----------HomePickerState::MakeIconBitmap----------icon12
trace:  MODE_LOAD_ICON_BITMAPS 
trace:  ----------HomePickerState::ManageIconBitmapLoading----------
trace:  ----------HomePickerState::MakeIconBitmap----------icon13
trace:  MODE_LOAD_ICON_BITMAPS 
trace:  ----------HomePickerState::ManageIconBitmapLoading----------
trace:  ----------HomePickerState::MakeIconBitmap----------icon14
trace:  MODE_LOAD_ICON_BITMAPS 
trace:  ----------HomePickerState::ManageIconBitmapLoading----------
trace:  MODE_BITMAP_BACKGROUND 
trace:  ----------HomePickerState::ManageBackgroundBitmapping----------
trace:  MODE_INITIALIZE_PET 
trace:  ----------HomePickerState::ManagePetInitialization----------
trace:  MODE_RESUME_PET 
trace:  ----------HomePickerState::ManagePetResume----------
trace:  ----------UIPetLPAD::ResumePet----------
trace:  ----------PetAccelerometerManager::Activate----------
[0x6] AddListener: added listener 0x45863530, total number 5
trace:  ----------UIPetLPAD::EnableButtons----------
trace:  ----------HomePickerState::ProcessMouseDown----------
trace:  ----------HomePickerState::ProcessMouseUp----------
trace:  ----------HomePickerState::ProcessMouseDown----------
trace:  ----------HomePickerState::OnNavPress----------1
trace:  ----------HomePickerState::ProcessNavPress----------1
trace:  ----------HomePickerState::ChangePage( 1 )----------
trace:  ----------HomePickerState::DisableButtons----------
[0x200] SystemPlugin::SetTouchscreenSampleRate( 1 ): false
trace:  ----------HomePickerState::DisableArrows----------
trace:  ----------HomePickerState::SetNumberOfIconsOnCurrentPage----------
trace:  ----------HomePickerState::SwapAnimatingIconsToBitmap----------
trace:  ----------HomePickerState::ProcessMouseUp----------
trace:  ----------HomePickerState::EnableButtons----------
[0x200] SystemPlugin::ResetTouchscreenSampleRate(): false
trace:  ----------HomePickerState::EnableArrows----------
[0x200] SystemPlugin::ResetTouchscreenSampleRate(): false
trace:  ----------HomePickerState::EnableArrows----------
[0x200] SystemPlugin::ResetTouchscreenSampleRate(): false
trace:  ----------HomePickerState::SwapAnimatingIconsToBitmap----------
trace:  MODE_RESUME_PET 
trace:  ----------HomePickerState::ManagePetResume----------
trace:  ----------UIPetLPAD::EnableButtons----------
trace:  -----Callback.PrintDebugInfo-----
trace:       _cbFunc:  null
trace:       _cbScope: _level0.mcContent.HomePicker_mc.main_mc
trace:       _cbArgs:  undefined
trace:  ----------IdlePrompts::PlayPrompt----------
trace:  ----------IdlePrompts::GetNextPromptToPlay----------Home_Idle_Badge
trace:  profile.GetBadges() and _global._uiData._currProfileUIData.BadgeNumber 11 and 11
trace:  ----------IdlePrompts::PlaySubsequentPrompt----------rightAway = true
trace:  ----------IdlePrompts::PlayPrompt----------
trace:  ----------IdlePrompts::GetNextPromptToPlay----------Home_Idle_Connect
trace:  _profile.GetBadges() and _global._uiData._currProfileUIData.BadgeNumber 11 and 11
[0x200] AppManagerPlugin::isBaseAppRelaunch, FALSE
trace:  ----------IdlePrompts::PlaySubsequentPrompt----------rightAway = true
trace:  ----------IdlePrompts::PlayPrompt----------
trace:  ----------IdlePrompts::GetNextPromptToPlay----------Home_Idle_nav
trace:  _mainPicker._numPages = 2
trace:  --------SoundManager::PlaySequence-----
trace:  --------SoundManager::StopSequence-----
trace:  _sequenceSound = [object Object]
trace:  _sequenceIntervalId = undefined
trace:  --------SoundManager::ClearEndOfSeqCallback-----
trace:  loadSound : sound = /LF/Base/LpadAssets_en/Audio/LPAD_BN0041.mp3
trace:  --------SoundManager::HandleLoad-----
trace:  --------SoundManager::HandleSequence-----
trace:  ----------SoundManager::onSequenceDelay----------
trace:  --------SoundManager::DoEndOfSeqCallback-----[object Object]
trace:  -----Callback.PrintDebugInfo-----
trace:       _cbFunc:  [type Function]
trace:       _cbScope: [object Object]
trace:       _cbArgs:  false
trace:  ----------IdlePrompts::PlaySubsequentPrompt----------rightAway = false
trace:  --------SoundManager::ClearEndOfSeqCallback-----
Letter_Factory.tar:
  Application  LST3-0x001B0043-000000     Letter Factory
      needs: LST3-0x00170030-000001
  System       LST3-0x0017000B-000004     Base_lib

installed into /home/bubbles/Documents/Projects/leappad-emu/runtime/sysroot/LF/Bulk
=== AppManager ===
+++ AppManager: Entered main function: 198678.89 13019020.59
[0x6] ButtonPowerUSBTask: Use tslib
[0x6] ButtonPowerUSBTask: tslib: ts_config failed
[0x6] LoadTSLib: use_tslib=0, handle=0x17a60, tsl=(nil), fd=0
[0x6] Start ButtonPowerUSB Task ... !
[0x6] Start Cartridge task ...!
[0x5] InitModule: Screen = 480 x 272
[0x5] InitModule: Screen = 480 x 272, pitch = 1920
[0x5] InitModule: Mapped 82000000 to 0x82000000, size 003fc000
[0x5] InitModule: Screen = 480 x 272, pitch = 1920
[0x5] InitModule: Mapped 82400000 to 0x82400000, size 003fc000
[0x5] InitModule: Screen = 480 x 272, pitch = 1920
[0x5] InitModule: Mapped 82800000 to 0x82800000, size 003fc000
+++ AppManager: Bgn Init Logging: 198678.97 13019025.72
+++ AppManager: Bgn InitMutex: 198678.97 13019026.03
[0x280] ============================================
[0x280]    AppManager ReLaunch Threshold = 5
[0x280] ============================================
[0x5] AllocBuffer: new buf offset 000FF000, length 0007F800
[0x5] CreateHandle: 0x18878: 480x272 (1920) @ 0x820ff000
[0x5] RegisterLayer: 0x18878: 480x272 (1920) @ 0x820ff000
[0x5] SetWindowPosition: 0x18878: 0,0 .. 480,272
[0x280] CAppManager::CAppManager ; LightningBase/Src/AppManager.cpp; 562; 1211140
[0x280] Platform = VALENCIA
[0x280] Shutdown Timer set for 12000 [ms] timeout
[0x280] USB Device Watchdog set for 12 [sec] timeout
[0x0] HasDoomPackageCritical: global doom file detected
+++ AppManager: End SetupSystem: 198679.01 13019028.74
[0x280] AppManager signal handler installed 
[0x0] DaemonControl socket connect failed ret=-1
[0x0] DaemonControl socket connect failed ret=-1
+++ AppManager: End Init CLogFile: 198679.02 13019028.98
[0x6] AddListener: added listener 0x18078, total number 1
[0x281] CJSonFile::Load() failed to open (filehandle was NULL) mRsrcPath = /LF/Base/DidjPatches/DidjPatches.json
+++ AppManager: End Load DidjPatches: 198679.02 13019029.11
get temp restart player id = -1
+++ AppManager: Bgn Set Profile Logging: 198679.02 13019029.20
+++ AppManager: End Set Profile Logging: 198679.02 13019029.21
[0x1] Found codec: socaudiolfp100, legacy=0
[0x1] set_hwparams: buffer time=128000, size=4096
[0x1] set_hwparams: period time=32000, size=1024
[0x1] CallbackThread: starting audio thread 0x30a68
+++ AppManager: End Set Power & USB: 198679.06 13019031.44
[0x280] mCurrentTransition = kLoginApp !
+++ AppManager: Bgn Load main.swf: 198679.06 13019031.54
[0x280] PushApp Start: LPAD/main.swf; LightningBase/Src/AppManager.cpp; 1121; 1220684
[0x280] LoadNewApp path = /LF/Base/LPAD/main.swf
[0x280] LoadNewApp: before; /LF/Base/LPAD/main.swf; 1706; 1219928
[0x6] ButtonPowerUSBTask: Use tslib
[0x6] ButtonPowerUSBTask: tslib: ts_config failed
[0x6] LoadTSLib: use_tslib=0, handle=0x46930, tsl=(nil), fd=0
[0x6] ButtonPowerUSBTask: tslib: Falling back on touchscreen interface
[0x280] LoadNewApp: after ; /LF/Base/LPAD/main.swf; 1812; 1211708
[0x280] PushApp Done: LPAD/main.swf; LightningBase/Src/AppManager.cpp; 1123; 1211708
+++ AppManager: End Load main.swf: 198679.12 13019035.48
+++ AppManager: UI loaded: 198679.12 13019035.49
[0x280] mCurrentTransition = kPushApp !
[0x6] AddListener: added listener 0x44c08, total number 2
[0x6] AddListener: added listener 0x44c4c, total number 3
+++ AppManager: Flash: End Construct DidjPlayer: 198679.13 13019035.97
[0x5] AllocBuffer: new buf offset 0017E800, length 0007F800
[0x5] CreateHandle: 0x467a0: 480x272 (1920) @ 0x8217e800
[0x5] RegisterLayer: 0x467a0: 480x272 (1920) @ 0x8217e800
[0x5] SetWindowPosition: 0x467a0: 0,0 .. 480,272
[0x5] CreateHandle: 0x44cb8: 480x272 (1920) @ 0x455cd008
[0x5] RegisterLayer: 0x44cb8: 480x272 (1920) @ 0x455cd008
[0x5] UnRegisterLayer: 0x44cb8: 480x272 (1920) @ 0x455cd008
[0x5] RegisterLayer: 0x18878: 480x272 (1920) @ 0x820ff000
[0x5] SetWindowPosition: 0x18878: 0,0 .. 480,272
+++ AppManager: Flash: Bgn LoadMovie: 198679.14 13019036.68
+++ AppManager: Flash: Bgn CreatePlayer: 198679.14 13019036.83
[0x281] CSystemData::FindFont( LFCurry.ttf )
[0x281] CSystemData::FindFont( LFCurry.ttf )
tadpole-view: 480x272, scale 2x, dir /tmp/tadpole
tadpole-view: audio 32000 Hz, 2 ch, 16-bit (period 1024), latency capped at 600 ms
+++ AppManager: Flash: End CreatePlayer: 198679.28 13019046.21
+++ AppManager: Flash: End SetFrameBuffer: 198679.29 13019046.79
+++ AppManager: Flash: End LoadMovie: 198679.29 13019046.86
+++ AppManager: UI entered: 198679.29 13019046.86
+++ AppManager: UI updated: 198679.47 13019058.03
get temp restart player id = -1
trace:  ----------main::loadMainStageOne----------
trace:  ----------UIData::GetInstance----------
trace:  ----------UIData::UIData----------
trace:   ### default theme path is : /LF/Bulk/Downloads/PADS-0x1F1E0002-200001/UI_Tropical.swf
trace:  ----------UIData::UIData---------- _0ProfileUIData = undefined
trace:  ----------UIData::UIData---------- _1ProfileUIData = undefined
trace:  ----------UIData::UIData---------- _2ProfileUIData = undefined
trace:  ----------UIData::ResetPaths----------
[0x200] SystemPlugin::GetLocaleCode(): en-us
trace:  cuuLocaleCode = en-us
trace:  _language_code = en
trace:  _language_code = en
trace:  ----------SoundManager::GetInstance----------
trace:  ----------SoundManager::SoundManager----------
trace:  ..... theme is : undefined
[0x200] AppManagerPlugin::isBaseAppRelaunch, FALSE
trace:  ---------------- Main ------------- current logged in player is : 0
trace:  ..... bgPath is : /LF/Base//LpadAssets/Art/UI_StandardBackground.swf
trace:  BG Main Theme Loaded
trace:  ----------main::loadMainStageTwo----------
[0x200] SystemPlugin::SetDidjLegacyFlag( 0 )
[0x200] AppManagerPlugin::isBaseAppRelaunch, FALSE
trace:  ------main:: LF.AppManager.IsBaseAppRelaunch()------false
trace:  ------main:: LF.CSystem.GetLocale()-----en-us
[0x200] AppManagerPlugin::isBaseAppRelaunch, FALSE
trace:  ---------------- Main ------------- current logged in player is : 0
trace:  ----------UIData::isAnyProfilePresent----------
[0xf] fopenAtomic(/LF/Bulk/Data/Local/0/PAD2-0x1F1E0002-100000/UIData.json) returning 0x00059bf8
[0xf] fcloseAtomic returning 0
[0xf] fopenAtomic(/LF/Bulk/Data/Local/1/PAD2-0x1F1E0002-100000/UIData.json) returning 0x000598a0
[0xf] fcloseAtomic returning 0
[0xf] fopenAtomic(/LF/Bulk/Data/Local/2/PAD2-0x1F1E0002-100000/UIData.json) returning 0x000598a0
[0xf] fcloseAtomic returning 0
trace:  ----------UIData::isAnyProfilePresent----------
trace:  ------------TabsTransition::TabsTransition---------------
trace:  _bgToShow = undefined
trace:  _bgToHide = undefined
trace:  ----------StateMachine::PushState----------- SignIn.swf
[0x200] SystemPlugin::GetPetResourcesPath(): /LF/Base/PetResources/
trace:  creating /tmp/ui_ready flag
trace:  ########################## setting flag ###### 0
trace:  ----------State::GrabStateData----------
[0x200] SystemPlugin::GetLocaleCode(): en-us
trace:  cuuLocaleCode = en-us
trace:  _language_code = en
trace:  country_code = us
trace:  ----------StateMachine::_mcListener.onLoadInit( _level0.mcContent.SignIn_mc )----------
trace:  ------------TabsTransition::Init---------------
trace:  ------------TabsTransition::Update-------------- 0
trace:  _animRefNext._tabWaitForLoad = undefined
trace:   .... animating next ....upper -39 lower 467
trace:  ------------TabsTransition::Update-------------- 0
trace:  _animRefNext._tabWaitForLoad = undefined
trace:   .... animating next ....upper -26 lower 454
trace:  ------------TabsTransition::Update-------------- 0
trace:  _animRefNext._tabWaitForLoad = undefined
trace:   .... animating next ....upper -13 lower 441
trace:  ------------TabsTransition::Update-------------- 0
trace:  _animRefNext._tabWaitForLoad = undefined
trace:   .... animating next ....upper 0 lower 428
trace:   ... done animating next, done with transition
trace:  ------------TabsTransition::Update-------------- 6
trace:  ------------TabsTransition::Update-------------- 5
trace:  ------------TabsTransition::Update-------------- 4
trace:  ------------TabsTransition::Update-------------- 3
trace:  ------------TabsTransition::Update-------------- 2
trace:  ------------TabsTransition::Update-------------- 1
trace:  ----------main::ChangeBackground----------/LF/Base//LpadAssets/Art/UI_StandardBackground.swf
trace:  --------SoundManager::StopSequence-----
trace:  _sequenceSound = [object Object]
trace:  _sequenceIntervalId = undefined
trace:  --------SoundManager::ClearEndOfSeqCallback-----
trace:  BG Main Theme Loaded in ChangeBackground
trace:  -----Callback.PrintDebugInfo-----
trace:       _cbFunc:  [type Function]
trace:       _cbScope: _level0.mcContent.SignIn_mc.main_mc
trace:       _cbArgs:  _level0.mcContent.SignIn_mc.main_mc._0
trace:  --------SoundManager::StopSequence-----
trace:  _sequenceSound = [object Object]
trace:  _sequenceIntervalId = undefined
trace:  --------SoundManager::ClearEndOfSeqCallback-----
[0xf] fopenAtomic(/LF/Bulk/settings.cfg) returning 0x00067478
[0xf] fcloseAtomic returning 0
[0x200] SystemPlugin::setCurrentPlayerID( 0 )
trace:  ----------main::DeleteAllPageBitmaps----------
trace:  ------------TabsTransition::TabsTransition---------------
trace:  _bgToShow = null
trace:  _bgToHide = _signInBG
trace:  ----------StateMachine::ReplaceTopState----------- HomePicker.swf
trace:  _currState._container = _level0.mcContent.SignIn_mc
trace:  movieclip = _level0.mcContent.HomePicker_mc
trace:  ----------HomePickerState::HomePickerState----------
trace:  ----------UIPetLPAD::UIPetLPAD----------
[0x200] SystemPlugin::GetLocaleCode(): en-us
[0x200] SystemPlugin::IsLFPlatform(): true
[0x200] SystemPlugin::GetLocaleCode(): en-us
[0x200] SystemPlugin::IsLFPlatform(): true
trace:  --------BaseImageButton::BaseImageButton-----_level0.mcContent.HomePicker_mc._upperTab._userImageBtn
trace:  --------BaseOnPressButton::BaseOnPressButton-----
trace:  --------BaseTextButton::BaseTextButton-----
trace:  ----------StateMachine::_mcListener.onLoadInit( _level0.mcContent.HomePicker_mc )----------
trace:  ------------TabsTransition::Init---------------
trace:   _incrementUpper : 52
trace:   _incrementLower : 52
trace:  ----------UIData::LogIn----------
[0xf] fopenAtomic(/LF/Bulk/settings.cfg) returning 0x00066470
[0xf] fcloseAtomic returning 0
[0x200] SystemPlugin::setCurrentPlayerID( 0 )
trace:  ################################
trace:   playerId = 0
trace:   _currProfileID = 0
trace:   _currThemePath = /LF/Bulk/Downloads/PADS-0x1F1E0002-200002/UI_Coast.swf
trace:  ################################
trace:  ----------main::ChangeBackground----------/LF/Bulk/Downloads/PADS-0x1F1E0002-200002/UI_Coast.swf
[0xf] fopenAtomic(/LF/Bulk/Data/Local/0/./profile.dsc) returning 0x00067c28
[0xf] fcloseAtomic returning 0
[0x200] Setting Current Profile to 0
trace:  ----------HomePickerState::PreEnter----------
trace:  ----------State::GrabStateData----------
[0x200] SystemPlugin::GetLocaleCode(): en-us
trace:  cuuLocaleCode = en-us
trace:  _language_code = en
trace:  country_code = us
trace:  --------BaseTextButton::SetTextField----- Ghb
trace:  WARNING: Player profile picture load failed!
trace:  ----------HomePickerState::OnUserImageLoad----------
trace:  ----------HomePickerState::SetCartStatus---------- 0
trace:  ----------HomePickerState::GetAllIcons----------
[0x200] SystemPlugin::getProgramFileApps - Valencia - getting ready to sort
[0x200] SystemPlugin::getProgramFileApps - Valencia - sort file exists /LF/Bulk/Data/Local/0/PAD2-0x1F1E0002-100000/ProgramFileAppOrder.json
[0x200] LTM::CMetaInfo::IsValid == false!!!
trace:  ----------HomePickerState::AdjustStatusbar----------
trace:  ----------HomePickerState::StartPowerListener----------
[0x6] AddListener: added listener 0x67d38, total number 4
trace:  ------------TabsTransition::Update-------------- 0
trace:   .... animating prev ... 
trace:  MODE_LOAD_ICONS 
trace:  ----------HomePickerState::ManageIconLoading----------
trace:  ----------HomePickerState::ChangeCartIconData----------
trace:  ----------HomePickerState::GoToFirstPage----------
trace:  ----------HomePickerState::ChangeCartIconImage----------
trace:  ----------HomePickerState::GetCategoryColorFieldName----------
trace:  ----------HomePickerState::SetCategoryLabelFieldName----------icon0
trace:  ----------HomePickerState::SetIconLabelText----------icon0
trace:  ----------HomePickerState::LoadIconImage----------icon0
trace:  ------------TabsTransition::Update-------------- 0
trace:   .... animating prev ... 
trace:  MODE_LOAD_ICONS 
trace:  ----------HomePickerState::ManageIconLoading----------
trace:  ----------HomePickerState::GetCategoryColorFieldName----------
trace:  ----------HomePickerState::LoadIconData----------icon1
trace:  ----------HomePickerState::SetCategoryLabelFieldName----------icon1
trace:  ----------HomePickerState::SetIconLabelText----------icon1
trace:  ----------HomePickerState::LoadIconImage----------icon1
trace:  ------------TabsTransition::Update-------------- 0
trace:   .... animating prev ... 
trace:  BG Main Theme Loaded in ChangeBackground
trace:  MODE_LOAD_ICONS 
trace:  ----------HomePickerState::ManageIconLoading----------
trace:  ----------HomePickerState::GetCategoryColorFieldName----------
trace:  ----------HomePickerState::LoadIconData----------icon2
trace:  ----------HomePickerState::SetCategoryLabelFieldName----------icon2
trace:  ----------HomePickerState::SetIconLabelText----------icon2
trace:  ----------HomePickerState::LoadIconImage----------icon2
trace:  ------------TabsTransition::Update-------------- 0
trace:   .... animating prev ... 
trace:   ... done animating previous, now start animating next
trace:  MODE_LOAD_ICONS 
trace:  ----------HomePickerState::ManageIconLoading----------
trace:  ----------HomePickerState::GetCategoryColorFieldName----------
trace:  ----------HomePickerState::LoadIconData----------icon3
trace:  ----------HomePickerState::SetCategoryLabelFieldName----------icon3
trace:  ----------HomePickerState::SetIconLabelText----------icon3
trace:  ----------HomePickerState::LoadIconImage----------icon3
trace:  ------------TabsTransition::Update-------------- 12
trace:  MODE_LOAD_ICONS 
trace:  ----------HomePickerState::ManageIconLoading----------
trace:  ----------HomePickerState::GetCategoryColorFieldName----------
trace:  ----------HomePickerState::LoadIconData----------icon4
[0x200] SystemPlugin::getProgramFileApps - Valencia - getting ready to sort
[0x200] SystemPlugin::getProgramFileApps - Valencia - sort file exists /LF/Bulk/Data/Local/0/PAD2-0x1F1E0002-100000/ProgramFileAppOrder.json
[0x200] LTM::CMetaInfo::IsValid == false!!!
trace:  ----------HomePickerState::SetCategoryLabelFieldName----------icon4
trace:  ----------HomePickerState::SetIconLabelText----------icon4
trace:  ----------HomePickerState::LoadIconImage----------icon4
trace:  ------------TabsTransition::Update-------------- 11
trace:  MAKING CART BITMAPS
trace:  ----------HomePickerState::MakeIconHighlightBitmap----------icon0
trace:  ----------HomePickerState::MakeIconBitmap----------icon0
trace:  MODE_LOAD_ICONS 
trace:  ----------HomePickerState::ManageIconLoading----------
trace:  ----------HomePickerState::GetCategoryColorFieldName----------
trace:  ----------HomePickerState::LoadIconData----------icon5
trace:  ----------HomePickerState::SetCategoryLabelFieldName----------icon5
trace:  ----------HomePickerState::SetIconLabelText----------icon5
trace:  ----------HomePickerState::LoadIconImage----------icon5
trace:  ------------TabsTransition::Update-------------- 10
trace:  MODE_LOAD_ICONS 
trace:  ----------HomePickerState::ManageIconLoading----------
trace:  ----------HomePickerState::GetCategoryColorFieldName----------
trace:  ----------HomePickerState::LoadIconData----------icon6
trace:  ----------HomePickerState::SetCategoryLabelFieldName----------icon6
trace:  ----------HomePickerState::SetIconLabelText----------icon6
trace:  ----------HomePickerState::LoadIconImage----------icon6
trace:  ------------TabsTransition::Update-------------- 9
trace:  MODE_LOAD_ICONS 
trace:  ----------HomePickerState::ManageIconLoading----------
trace:  ----------HomePickerState::GetCategoryColorFieldName----------
trace:  ----------HomePickerState::LoadIconData----------icon7
trace:  ----------HomePickerState::SetCategoryLabelFieldName----------icon7
trace:  ----------HomePickerState::SetIconLabelText----------icon7
trace:  ----------HomePickerState::LoadIconImage----------icon7
trace:  ------------TabsTransition::Update-------------- 8
trace:  MODE_LOAD_ICONS 
trace:  ----------HomePickerState::ManageIconLoading----------
trace:  ----------HomePickerState::GetCategoryColorFieldName----------
trace:  ----------HomePickerState::LoadIconData----------icon8
trace:  ----------HomePickerState::SetCategoryLabelFieldName----------icon8
trace:  ----------HomePickerState::SetIconLabelText----------icon8
trace:  ----------HomePickerState::LoadIconImage----------icon8
trace:  ------------TabsTransition::Update-------------- 7
trace:  MODE_LOAD_ICONS 
trace:  ----------HomePickerState::ManageIconLoading----------
trace:  ----------HomePickerState::GetCategoryColorFieldName----------
trace:  ----------HomePickerState::LoadIconData----------icon9
trace:  ----------HomePickerState::SetCategoryLabelFieldName----------icon9
trace:  ----------HomePickerState::SetIconLabelText----------icon9
trace:  ----------HomePickerState::LoadIconImage----------icon9
trace:  ------------TabsTransition::Update-------------- 6
trace:  MODE_LOAD_ICONS 
trace:  ----------HomePickerState::ManageIconLoading----------
trace:  ----------HomePickerState::GetCategoryColorFieldName----------
trace:  ----------HomePickerState::LoadIconData----------icon10
trace:  ----------HomePickerState::SetCategoryLabelFieldName----------icon10
trace:  ----------HomePickerState::SetIconLabelText----------icon10
trace:  ----------HomePickerState::LoadIconImage----------icon10
trace:  ------------TabsTransition::Update-------------- 5
trace:  MODE_LOAD_ICONS 
trace:  ----------HomePickerState::ManageIconLoading----------
trace:  ----------HomePickerState::GetCategoryColorFieldName----------
trace:  ----------HomePickerState::LoadIconData----------icon11
trace:  ----------HomePickerState::SetCategoryLabelFieldName----------icon11
trace:  ----------HomePickerState::SetIconLabelText----------icon11
trace:  ----------HomePickerState::LoadIconImage----------icon11
trace:  ------------TabsTransition::Update-------------- 4
trace:  MODE_LOAD_ICONS 
trace:  ----------HomePickerState::ManageIconLoading----------
trace:  ----------HomePickerState::GetCategoryColorFieldName----------
trace:  ----------HomePickerState::LoadIconData----------icon12
trace:  ----------HomePickerState::SetCategoryLabelFieldName----------icon12
trace:  ----------HomePickerState::SetIconLabelText----------icon12
trace:  ----------HomePickerState::LoadIconImage----------icon12
trace:  ------------TabsTransition::Update-------------- 3
trace:  MODE_LOAD_ICONS 
trace:  ----------HomePickerState::ManageIconLoading----------
trace:  ----------HomePickerState::GetCategoryColorFieldName----------
trace:  ----------HomePickerState::LoadIconData----------icon13
trace:  ----------HomePickerState::SetCategoryLabelFieldName----------icon13
trace:  ----------HomePickerState::SetIconLabelText----------icon13
trace:  ----------HomePickerState::LoadIconImage----------icon13
trace:  ------------TabsTransition::Update-------------- 2
trace:  MODE_LOAD_ICONS 
trace:  ----------HomePickerState::ManageIconLoading----------
trace:  ----------HomePickerState::GetCategoryColorFieldName----------
trace:  ----------HomePickerState::LoadIconData----------icon14
trace:  ----------HomePickerState::SetCategoryLabelFieldName----------icon14
trace:  ----------HomePickerState::SetIconLabelText----------icon14
trace:  ----------HomePickerState::LoadIconImage----------icon14
trace:  ------------TabsTransition::Update-------------- 1
trace:  waiting for load of the image
trace:  MODE_LOAD_ICONS 
trace:  ----------HomePickerState::ManageIconLoading----------
trace:  ------------TabsTransition::Update-------------- 0
trace:  waiting for load of the image
trace:  MODE_LOAD_ICONS 
trace:  ----------HomePickerState::ManageIconLoading----------
trace:  ------------TabsTransition::Update-------------- 0
trace:  waiting for load of the image
trace:  MODE_LOAD_ICONS 
trace:  ----------HomePickerState::ManageIconLoading----------
trace:  ------------TabsTransition::Update-------------- 0
trace:  waiting for load of the image
trace:  ------------TabsTransition::Update-------------- 0
trace:  _animRefNext._tabWaitForLoad = false
trace:   .... animating next ....upper -63.1125 lower 467
trace:  ------------TabsTransition::Update-------------- 0
trace:  _animRefNext._tabWaitForLoad = false
trace:   .... animating next ....upper -40.2625 lower 454
trace:  ------------TabsTransition::Update-------------- 0
trace:  _animRefNext._tabWaitForLoad = false
trace:   .... animating next ....upper -17.4125 lower 441
trace:  ------------TabsTransition::Update-------------- 0
trace:  _animRefNext._tabWaitForLoad = false
trace:   .... animating next ....upper 5.4375 lower 428
trace:   ... done animating next, done with transition
trace:  ------------TabsTransition::Update-------------- 6
trace:  ------------TabsTransition::Update-------------- 5
trace:  ------------TabsTransition::Update-------------- 4
trace:  ------------TabsTransition::Update-------------- 3
trace:  ------------TabsTransition::Update-------------- 2
trace:  ------------TabsTransition::Update-------------- 1
trace:  ----------HomePickerState::Enter----------
trace:  ----------HomePickerState::ActivateButtons----------
trace:  ----------HomePickerState::CheckForConnectNag----------
trace:  MODE_LOAD_ICON_HIGHLIGHT_BITMAPS 
trace:  ----------HomePickerState::ManageIconHighlightBitmapLoading----------
trace:  MODE_LOAD_ICON_HIGHLIGHT_BITMAPS 
trace:  ----------HomePickerState::ManageIconHighlightBitmapLoading----------
trace:  ----------HomePickerState::MakeIconHighlightBitmap----------icon1
trace:  MODE_LOAD_ICON_HIGHLIGHT_BITMAPS 
trace:  ----------HomePickerState::ManageIconHighlightBitmapLoading----------
trace:  ----------HomePickerState::MakeIconHighlightBitmap----------icon2
trace:  MODE_LOAD_ICON_HIGHLIGHT_BITMAPS 
trace:  ----------HomePickerState::ManageIconHighlightBitmapLoading----------
trace:  ----------HomePickerState::MakeIconHighlightBitmap----------icon3
trace:  MODE_LOAD_ICON_HIGHLIGHT_BITMAPS 
trace:  ----------HomePickerState::ManageIconHighlightBitmapLoading----------
trace:  ----------HomePickerState::MakeIconHighlightBitmap----------icon4
trace:  MODE_LOAD_ICON_HIGHLIGHT_BITMAPS 
trace:  ----------HomePickerState::ManageIconHighlightBitmapLoading----------
trace:  ----------HomePickerState::MakeIconHighlightBitmap----------icon5
trace:  MODE_LOAD_ICON_HIGHLIGHT_BITMAPS 
trace:  ----------HomePickerState::ManageIconHighlightBitmapLoading----------
trace:  ----------HomePickerState::MakeIconHighlightBitmap----------icon6
trace:  MODE_LOAD_ICON_HIGHLIGHT_BITMAPS 
trace:  ----------HomePickerState::ManageIconHighlightBitmapLoading----------
trace:  ----------HomePickerState::MakeIconHighlightBitmap----------icon7
trace:  MODE_LOAD_ICON_HIGHLIGHT_BITMAPS 
trace:  ----------HomePickerState::ManageIconHighlightBitmapLoading----------
trace:  ----------HomePickerState::MakeIconHighlightBitmap----------icon8
trace:  MODE_LOAD_ICON_HIGHLIGHT_BITMAPS 
trace:  ----------HomePickerState::ManageIconHighlightBitmapLoading----------
trace:  MODE_LOAD_ICON_BITMAPS 
trace:  ----------HomePickerState::ManageIconBitmapLoading----------
trace:  MODE_LOAD_ICON_BITMAPS 
trace:  ----------HomePickerState::ManageIconBitmapLoading----------
trace:  ----------HomePickerState::MakeIconBitmap----------icon1
trace:  MODE_LOAD_ICON_BITMAPS 
trace:  ----------HomePickerState::ManageIconBitmapLoading----------
trace:  ----------HomePickerState::MakeIconBitmap----------icon2
trace:  MODE_LOAD_ICON_BITMAPS 
trace:  ----------HomePickerState::ManageIconBitmapLoading----------
trace:  ----------HomePickerState::MakeIconBitmap----------icon3
trace:  MODE_LOAD_ICON_BITMAPS 
trace:  ----------HomePickerState::ManageIconBitmapLoading----------
trace:  ----------HomePickerState::MakeIconBitmap----------icon4
trace:  MODE_LOAD_ICON_BITMAPS 
trace:  ----------HomePickerState::ManageIconBitmapLoading----------
trace:  ----------HomePickerState::MakeIconBitmap----------icon5
trace:  MODE_LOAD_ICON_BITMAPS 
trace:  ----------HomePickerState::ManageIconBitmapLoading----------
trace:  ----------HomePickerState::MakeIconBitmap----------icon6
trace:  MODE_LOAD_ICON_BITMAPS 
trace:  ----------HomePickerState::ManageIconBitmapLoading----------
trace:  ----------HomePickerState::MakeIconBitmap----------icon7
trace:  MODE_LOAD_ICON_BITMAPS 
trace:  ----------HomePickerState::ManageIconBitmapLoading----------
trace:  ----------HomePickerState::MakeIconBitmap----------icon8
trace:  MODE_LOAD_ICON_BITMAPS 
trace:  ----------HomePickerState::ManageIconBitmapLoading----------
trace:  MODE_BITMAP_BACKGROUND 
trace:  ----------HomePickerState::ManageBackgroundBitmapping----------
trace:  ----------HomePickerState::MakeUpperTabBitmap----------
trace:  ----------HomePickerState::CheckIfCurrentPageIsLoaded----------
trace:  ----------HomePickerState::EnableButtons----------
[0x200] SystemPlugin::ResetTouchscreenSampleRate(): false
trace:  ----------HomePickerState::EnableArrows----------
[0x200] SystemPlugin::ResetTouchscreenSampleRate(): false
trace:  MODE_BITMAP_BACKGROUND 
trace:  ----------HomePickerState::ManageBackgroundBitmapping----------
trace:  ----------SoundManager::StopMusic----------
trace:  ----------SoundManager::PlayMusic----------
trace:  MODE_INITIALIZE_PET 
trace:  ----------HomePickerState::ManagePetInitialization----------
trace:  ----------HomePickerState::InitializePet----------
trace:  ----------UIPetLPAD::LoadPet----------
trace:  ----------LF.LPAD.Pet.com.frimastudio.emerald.utils.SaveManager::ReadSavedData----------
trace:  About to AddAvatar
trace:  
READ SCRIPT
trace:  READ SCRIPT DONE

trace:  ----------PetAccelerometerManager::PetAccelerometerManager----------
[0x200] AccelerometerPlugin::setAccelerometerRate, rate = 10
trace:  ----------PetAccelerometerManager::Deactivate----------
[0x6] RemoveListener: could not find listener 0x45863530, total number 4
trace:  ----------PetAccelerometerManager::Init----------
trace:  mAvatar._name = _UIPetLPAD
trace:  mIsActive = true
trace:  ----------UIPetLPAD::ChangeStateToJumpIn----------
trace:  ----------UIPetLPAD::ResumePet----------
trace:  ----------PetAccelerometerManager::Activate----------
[0x6] AddListener: added listener 0x45863530, total number 5
trace:  MODE_PLAY_INITIAL_AUDIO_PROMPTS 
trace:  ----------HomePickerState::PlayInitialAudioPrompts----------
trace:  ----------IdlePrompts::GetInstance----------
trace:  ----------IdlePrompts::IdlePrompts----------
trace:  ----------IdlePrompts::PullData----------
trace:  ----------IdlePrompts::SetAllPrompts----------
trace:  ----------IdlePrompts::StartPromptTimer----------
trace:  MODE_JUMP_PET_IN 
trace:  ----------HomePickerState::ManagePetJumpingIn----------
trace:  ----------UIPetLPAD::SuspendPet----------
trace:  ----------PetAccelerometerManager::Deactivate----------
[0x6] RemoveListener: removed listener 0x45863530, total number 4
trace:  MODE_LOAD_ICONS 
trace:  ----------HomePickerState::ManageIconLoading----------
trace:  MODE_LOAD_ICON_HIGHLIGHT_BITMAPS 
trace:  ----------HomePickerState::ManageIconHighlightBitmapLoading----------
trace:  ----------HomePickerState::MakeIconHighlightBitmap----------icon9
trace:  MODE_LOAD_ICON_HIGHLIGHT_BITMAPS 
trace:  ----------HomePickerState::ManageIconHighlightBitmapLoading----------
trace:  ----------HomePickerState::MakeIconHighlightBitmap----------icon10
trace:  MODE_LOAD_ICON_HIGHLIGHT_BITMAPS 
trace:  ----------HomePickerState::ManageIconHighlightBitmapLoading----------
trace:  ----------HomePickerState::MakeIconHighlightBitmap----------icon11
trace:  MODE_LOAD_ICON_HIGHLIGHT_BITMAPS 
trace:  ----------HomePickerState::ManageIconHighlightBitmapLoading----------
trace:  ----------HomePickerState::MakeIconHighlightBitmap----------icon12
trace:  MODE_LOAD_ICON_HIGHLIGHT_BITMAPS 
trace:  ----------HomePickerState::ManageIconHighlightBitmapLoading----------
trace:  ----------HomePickerState::MakeIconHighlightBitmap----------icon13
trace:  MODE_LOAD_ICON_HIGHLIGHT_BITMAPS 
trace:  ----------HomePickerState::ManageIconHighlightBitmapLoading----------
trace:  ----------HomePickerState::MakeIconHighlightBitmap----------icon14
trace:  MODE_LOAD_ICON_HIGHLIGHT_BITMAPS 
trace:  ----------HomePickerState::ManageIconHighlightBitmapLoading----------
trace:  MODE_LOAD_ICON_BITMAPS 
trace:  ----------HomePickerState::ManageIconBitmapLoading----------
trace:  ----------HomePickerState::MakeIconBitmap----------icon9
trace:  MODE_LOAD_ICON_BITMAPS 
trace:  ----------HomePickerState::ManageIconBitmapLoading----------
trace:  ----------HomePickerState::MakeIconBitmap----------icon10
trace:  MODE_LOAD_ICON_BITMAPS 
trace:  ----------HomePickerState::ManageIconBitmapLoading----------
trace:  ----------HomePickerState::MakeIconBitmap----------icon11
trace:  MODE_LOAD_ICON_BITMAPS 
trace:  ----------HomePickerState::ManageIconBitmapLoading----------
trace:  ----------HomePickerState::MakeIconBitmap----------icon12
trace:  MODE_LOAD_ICON_BITMAPS 
trace:  ----------HomePickerState::ManageIconBitmapLoading----------
trace:  ----------HomePickerState::MakeIconBitmap----------icon13
trace:  MODE_LOAD_ICON_BITMAPS 
trace:  ----------HomePickerState::ManageIconBitmapLoading----------
trace:  ----------HomePickerState::MakeIconBitmap----------icon14
trace:  ----------HomePickerState::ProcessMouseDown----------
trace:  ----------HomePickerState::OnNavPress----------1
trace:  ----------HomePickerState::ProcessNavPress----------1
trace:  ----------HomePickerState::ChangePage( 1 )----------
trace:  ----------HomePickerState::DisableButtons----------
[0x200] SystemPlugin::SetTouchscreenSampleRate( 1 ): false
trace:  ----------HomePickerState::DisableArrows----------
trace:  ----------HomePickerState::SetNumberOfIconsOnCurrentPage----------
trace:  ----------HomePickerState::SwapAnimatingIconsToBitmap----------
trace:  ----------HomePickerState::ProcessMouseUp----------
trace:  ----------HomePickerState::EnableButtons----------
[0x200] SystemPlugin::ResetTouchscreenSampleRate(): false
trace:  ----------HomePickerState::EnableArrows----------
[0x200] SystemPlugin::ResetTouchscreenSampleRate(): false
trace:  ----------HomePickerState::EnableArrows----------
[0x200] SystemPlugin::ResetTouchscreenSampleRate(): false
trace:  ----------HomePickerState::SwapAnimatingIconsToBitmap----------
trace:  MODE_RESUME_PET 
trace:  ----------HomePickerState::ManagePetResume----------
trace:  ----------UIPetLPAD::ResumePet----------
trace:  ----------PetAccelerometerManager::Activate----------
[0x6] AddListener: added listener 0x45863530, total number 5
trace:  ----------UIPetLPAD::EnableButtons----------
trace:  MODE_LOAD_ICON_BITMAPS 
trace:  ----------HomePickerState::ManageIconBitmapLoading----------
trace:  MODE_BITMAP_BACKGROUND 
trace:  ----------HomePickerState::ManageBackgroundBitmapping----------
trace:  MODE_INITIALIZE_PET 
trace:  ----------HomePickerState::ManagePetInitialization----------
trace:  MODE_RESUME_PET 
trace:  ----------HomePickerState::ManagePetResume----------
trace:  ----------UIPetLPAD::EnableButtons----------
trace:  -----Callback.PrintDebugInfo-----
trace:       _cbFunc:  null
trace:       _cbScope: _level0.mcContent.HomePicker_mc.main_mc
trace:       _cbArgs:  undefined
trace:  ----------HomePickerState::ProcessMouseDown----------
trace:  ----------HomePickerState::OnNavPress-----------1
trace:  ----------HomePickerState::ProcessNavPress-----------1
trace:  ----------HomePickerState::ChangePage( -1 )----------
trace:  ----------HomePickerState::DisableButtons----------
[0x200] SystemPlugin::SetTouchscreenSampleRate( 1 ): false
trace:  ----------HomePickerState::DisableArrows----------
trace:  ----------HomePickerState::SetNumberOfIconsOnCurrentPage----------
trace:  ----------HomePickerState::SwapAnimatingIconsToBitmap----------
trace:  ----------HomePickerState::ProcessMouseUp----------
trace:  ----------HomePickerState::EnableArrows----------
[0x200] SystemPlugin::ResetTouchscreenSampleRate(): false
trace:  ----------HomePickerState::EnableButtons----------
[0x200] SystemPlugin::ResetTouchscreenSampleRate(): false
trace:  ----------HomePickerState::EnableArrows----------
[0x200] SystemPlugin::ResetTouchscreenSampleRate(): false
trace:  ----------HomePickerState::SwapAnimatingIconsToBitmap----------
trace:  MODE_RESUME_PET 
trace:  ----------HomePickerState::ManagePetResume----------
trace:  ----------UIPetLPAD::EnableButtons----------
trace:  -----Callback.PrintDebugInfo-----
trace:       _cbFunc:  null
trace:       _cbScope: _level0.mcContent.HomePicker_mc.main_mc
trace:       _cbArgs:  undefined
trace:  ----------IdlePrompts::PlayPrompt----------
trace:  ----------IdlePrompts::GetNextPromptToPlay----------Home_Idle_Badge
trace:  profile.GetBadges() and _global._uiData._currProfileUIData.BadgeNumber 11 and 11
trace:  ----------IdlePrompts::PlaySubsequentPrompt----------rightAway = true
trace:  ----------IdlePrompts::PlayPrompt----------
trace:  ----------IdlePrompts::GetNextPromptToPlay----------Home_Idle_Connect
trace:  _profile.GetBadges() and _global._uiData._currProfileUIData.BadgeNumber 11 and 11
[0x200] AppManagerPlugin::isBaseAppRelaunch, FALSE
trace:  ----------IdlePrompts::PlaySubsequentPrompt----------rightAway = true
trace:  ----------IdlePrompts::PlayPrompt----------
trace:  ----------IdlePrompts::GetNextPromptToPlay----------Home_Idle_nav
trace:  _mainPicker._numPages = 2
trace:  --------SoundManager::PlaySequence-----
trace:  --------SoundManager::StopSequence-----
trace:  _sequenceSound = [object Object]
trace:  _sequenceIntervalId = undefined
trace:  --------SoundManager::ClearEndOfSeqCallback-----
trace:  loadSound : sound = /LF/Base/LpadAssets_en/Audio/LPAD_BN0041.mp3
trace:  --------SoundManager::HandleLoad-----
trace:  --------SoundManager::HandleSequence-----
trace:  ----------SoundManager::onSequenceDelay----------
trace:  --------SoundManager::DoEndOfSeqCallback-----[object Object]
trace:  -----Callback.PrintDebugInfo-----
trace:       _cbFunc:  [type Function]
trace:       _cbScope: [object Object]
trace:       _cbArgs:  false
trace:  ----------IdlePrompts::PlaySubsequentPrompt----------rightAway = false
trace:  --------SoundManager::ClearEndOfSeqCallback-----
=== AppManager ===
+++ AppManager: Entered main function: 198852.56 13030293.72
[0x6] ButtonPowerUSBTask: Use tslib
[0x6] ButtonPowerUSBTask: tslib: ts_config failed
[0x6] LoadTSLib: use_tslib=0, handle=0x17a60, tsl=(nil), fd=0
[0x6] Start ButtonPowerUSB Task ... !
[0x6] Start Cartridge task ...!
[0x5] InitModule: Screen = 480 x 272
[0x5] InitModule: Screen = 480 x 272, pitch = 1920
[0x5] InitModule: Mapped 82000000 to 0x82000000, size 003fc000
[0x5] InitModule: Screen = 480 x 272, pitch = 1920
[0x5] InitModule: Mapped 82400000 to 0x82400000, size 003fc000
[0x5] InitModule: Screen = 480 x 272, pitch = 1920
[0x5] InitModule: Mapped 82800000 to 0x82800000, size 003fc000
+++ AppManager: Bgn Init Logging: 198852.64 13030299.24
+++ AppManager: Bgn InitMutex: 198852.65 13030299.58
[0x280] ============================================
[0x280]    AppManager ReLaunch Threshold = 5
[0x280] ============================================
[0x5] AllocBuffer: new buf offset 000FF000, length 0007F800
[0x5] CreateHandle: 0x188e8: 480x272 (1920) @ 0x820ff000
[0x5] RegisterLayer: 0x188e8: 480x272 (1920) @ 0x820ff000
[0x5] SetWindowPosition: 0x188e8: 0,0 .. 480,272
[0x280] CAppManager::CAppManager ; LightningBase/Src/AppManager.cpp; 562; 962388
[0x280] Platform = VALENCIA
[0x280] Shutdown Timer set for 12000 [ms] timeout
[0x280] USB Device Watchdog set for 12 [sec] timeout
[0x0] HasDoomPackageCritical: global doom file detected
+++ AppManager: End SetupSystem: 198852.69 13030302.38
[0x280] AppManager signal handler installed 
[0x0] DaemonControl socket connect failed ret=-1
[0x0] DaemonControl socket connect failed ret=-1
+++ AppManager: End Init CLogFile: 198852.70 13030302.61
[0x6] AddListener: added listener 0x180e8, total number 1
[0x281] CJSonFile::Load() failed to open (filehandle was NULL) mRsrcPath = /LF/Base/DidjPatches/DidjPatches.json
+++ AppManager: End Load DidjPatches: 198852.70 13030302.76
get temp restart player id = -1
+++ AppManager: Bgn Set Profile Logging: 198852.70 13030302.86
+++ AppManager: End Set Profile Logging: 198852.70 13030302.88
[0x1] Found codec: socaudiolfp100, legacy=0
[0x1] set_hwparams: buffer time=128000, size=4096
[0x1] set_hwparams: period time=32000, size=1024
[0x1] CallbackThread: starting audio thread 0x30a50
[0x6] ButtonPowerUSBTask: Use tslib
[0x6] ButtonPowerUSBTask: tslib: ts_config failed
+++ AppManager: End Set Power & USB: 198852.74 13030305.37
[0x6] LoadTSLib: use_tslib=0, handle=0x1a930, tsl=(nil), fd=0
[0x6] ButtonPowerUSBTask: tslib: Falling back on touchscreen interface
[0x280] mCurrentTransition = kLoginApp !
+++ AppManager: Bgn Load main.swf: 198852.74 13030305.53
[0x280] PushApp Start: LPAD/main.swf; LightningBase/Src/AppManager.cpp; 1121; 928508
[0x280] LoadNewApp path = /LF/Base/LPAD/main.swf
[0x280] LoadNewApp: before; /LF/Base/LPAD/main.swf; 1706; 920948
[0x280] LoadNewApp: after ; /LF/Base/LPAD/main.swf; 1812; 878072
[0x280] PushApp Done: LPAD/main.swf; LightningBase/Src/AppManager.cpp; 1123; 878072
+++ AppManager: End Load main.swf: 198852.81 13030310.01
+++ AppManager: UI loaded: 198852.81 13030310.02
[0x280] mCurrentTransition = kPushApp !
[0x6] AddListener: added listener 0x44be0, total number 2
[0x6] AddListener: added listener 0x44c24, total number 3
+++ AppManager: Flash: End Construct DidjPlayer: 198852.82 13030310.57
[0x5] AllocBuffer: new buf offset 0017E800, length 0007F800
[0x5] CreateHandle: 0x44f30: 480x272 (1920) @ 0x8217e800
[0x5] RegisterLayer: 0x44f30: 480x272 (1920) @ 0x8217e800
[0x5] SetWindowPosition: 0x44f30: 0,0 .. 480,272
[0x5] CreateHandle: 0x44fa8: 480x272 (1920) @ 0x455cd008
[0x5] RegisterLayer: 0x44fa8: 480x272 (1920) @ 0x455cd008
[0x5] UnRegisterLayer: 0x44fa8: 480x272 (1920) @ 0x455cd008
[0x5] RegisterLayer: 0x188e8: 480x272 (1920) @ 0x820ff000
[0x5] SetWindowPosition: 0x188e8: 0,0 .. 480,272
+++ AppManager: Flash: Bgn LoadMovie: 198852.83 13030311.37
+++ AppManager: Flash: Bgn CreatePlayer: 198852.84 13030311.52
[0x281] CSystemData::FindFont( LFCurry.ttf )
[0x281] CSystemData::FindFont( LFCurry.ttf )
tadpole-view: 480x272, scale 2x, dir /tmp/tadpole
tadpole-view: audio 32000 Hz, 2 ch, 16-bit (period 1024), latency capped at 600 ms
+++ AppManager: Flash: End CreatePlayer: 198853.00 13030321.63
+++ AppManager: Flash: End SetFrameBuffer: 198853.01 13030322.26
+++ AppManager: Flash: End LoadMovie: 198853.01 13030322.34
+++ AppManager: UI entered: 198853.01 13030322.35
+++ AppManager: UI updated: 198853.20 13030334.57
get temp restart player id = -1
trace:  ----------main::loadMainStageOne----------
trace:  ----------UIData::GetInstance----------
trace:  ----------UIData::UIData----------
trace:   ### default theme path is : /LF/Bulk/Downloads/PADS-0x1F1E0002-200001/UI_Tropical.swf
trace:  ----------UIData::UIData---------- _0ProfileUIData = undefined
trace:  ----------UIData::UIData---------- _1ProfileUIData = undefined
trace:  ----------UIData::UIData---------- _2ProfileUIData = undefined
trace:  ----------UIData::ResetPaths----------
[0x200] SystemPlugin::GetLocaleCode(): en-us
trace:  cuuLocaleCode = en-us
trace:  _language_code = en
trace:  _language_code = en
trace:  ----------SoundManager::GetInstance----------
trace:  ----------SoundManager::SoundManager----------
trace:  ..... theme is : undefined
[0x200] AppManagerPlugin::isBaseAppRelaunch, FALSE
trace:  ---------------- Main ------------- current logged in player is : 0
trace:  ..... bgPath is : /LF/Base//LpadAssets/Art/UI_StandardBackground.swf
trace:  BG Main Theme Loaded
trace:  ----------main::loadMainStageTwo----------
[0x200] SystemPlugin::SetDidjLegacyFlag( 0 )
[0x200] AppManagerPlugin::isBaseAppRelaunch, FALSE
trace:  ------main:: LF.AppManager.IsBaseAppRelaunch()------false
trace:  ------main:: LF.CSystem.GetLocale()-----en-us
[0x200] AppManagerPlugin::isBaseAppRelaunch, FALSE
trace:  ---------------- Main ------------- current logged in player is : 0
trace:  ----------UIData::isAnyProfilePresent----------
[0xf] fopenAtomic(/LF/Bulk/Data/Local/0/PAD2-0x1F1E0002-100000/UIData.json) returning 0x0005a260
[0xf] fcloseAtomic returning 0
[0xf] fopenAtomic(/LF/Bulk/Data/Local/1/PAD2-0x1F1E0002-100000/UIData.json) returning 0x00059f20
[0xf] fcloseAtomic returning 0
[0xf] fopenAtomic(/LF/Bulk/Data/Local/2/PAD2-0x1F1E0002-100000/UIData.json) returning 0x00059f20
[0xf] fcloseAtomic returning 0
trace:  ----------UIData::isAnyProfilePresent----------
trace:  ------------TabsTransition::TabsTransition---------------
trace:  _bgToShow = undefined
trace:  _bgToHide = undefined
trace:  ----------StateMachine::PushState----------- SignIn.swf
[0x200] SystemPlugin::GetPetResourcesPath(): /LF/Base/PetResources/
trace:  creating /tmp/ui_ready flag
trace:  ########################## setting flag ###### 0
trace:  ----------State::GrabStateData----------
[0x200] SystemPlugin::GetLocaleCode(): en-us
trace:  cuuLocaleCode = en-us
trace:  _language_code = en
trace:  country_code = us
trace:  ----------StateMachine::_mcListener.onLoadInit( _level0.mcContent.SignIn_mc )----------
trace:  ------------TabsTransition::Init---------------
trace:  ------------TabsTransition::Update-------------- 0
trace:  _animRefNext._tabWaitForLoad = undefined
trace:   .... animating next ....upper -39 lower 467
trace:  ------------TabsTransition::Update-------------- 0
trace:  _animRefNext._tabWaitForLoad = undefined
trace:   .... animating next ....upper -26 lower 454
trace:  ------------TabsTransition::Update-------------- 0
trace:  _animRefNext._tabWaitForLoad = undefined
trace:   .... animating next ....upper -13 lower 441
trace:  ------------TabsTransition::Update-------------- 0
trace:  _animRefNext._tabWaitForLoad = undefined
trace:   .... animating next ....upper 0 lower 428
trace:   ... done animating next, done with transition
trace:  ------------TabsTransition::Update-------------- 6
trace:  ------------TabsTransition::Update-------------- 5
trace:  ------------TabsTransition::Update-------------- 4
trace:  ------------TabsTransition::Update-------------- 3
trace:  ------------TabsTransition::Update-------------- 2
trace:  ------------TabsTransition::Update-------------- 1
trace:  ----------main::ChangeBackground----------/LF/Base//LpadAssets/Art/UI_StandardBackground.swf
trace:  --------SoundManager::StopSequence-----
trace:  _sequenceSound = [object Object]
trace:  _sequenceIntervalId = undefined
trace:  --------SoundManager::ClearEndOfSeqCallback-----
trace:  BG Main Theme Loaded in ChangeBackground
Letter_Factory2.tar:
trace:  -----Callback.PrintDebugInfo-----
trace:       _cbFunc:  [type Function]
trace:       _cbScope: _level0.mcContent.SignIn_mc.main_mc
trace:       _cbArgs:  _level0.mcContent.SignIn_mc.main_mc._0
trace:  --------SoundManager::StopSequence-----
trace:  _sequenceSound = [object Object]
trace:  _sequenceIntervalId = undefined
trace:  --------SoundManager::ClearEndOfSeqCallback-----
[0xf] fopenAtomic(/LF/Bulk/settings.cfg) returning 0x00066448
[0xf] fcloseAtomic returning 0
[0x200] SystemPlugin::setCurrentPlayerID( 0 )
trace:  ----------main::DeleteAllPageBitmaps----------
trace:  ------------TabsTransition::TabsTransition---------------
trace:  _bgToShow = null
trace:  _bgToHide = _signInBG
trace:  ----------StateMachine::ReplaceTopState----------- HomePicker.swf
trace:  _currState._container = _level0.mcContent.SignIn_mc
trace:  movieclip = _level0.mcContent.HomePicker_mc
trace:  ----------HomePickerState::HomePickerState----------
trace:  ----------UIPetLPAD::UIPetLPAD----------
[0x200] SystemPlugin::GetLocaleCode(): en-us
[0x200] SystemPlugin::IsLFPlatform(): true
[0x200] SystemPlugin::GetLocaleCode(): en-us
[0x200] SystemPlugin::IsLFPlatform(): true
trace:  --------BaseImageButton::BaseImageButton-----_level0.mcContent.HomePicker_mc._upperTab._userImageBtn
trace:  --------BaseOnPressButton::BaseOnPressButton-----
trace:  --------BaseTextButton::BaseTextButton-----
trace:  ----------StateMachine::_mcListener.onLoadInit( _level0.mcContent.HomePicker_mc )----------
trace:  ------------TabsTransition::Init---------------
trace:   _incrementUpper : 52
trace:   _incrementLower : 52
trace:  ----------UIData::LogIn----------
[0xf] fopenAtomic(/LF/Bulk/settings.cfg) returning 0x00066448
  Application  LST3-0x001B0043-000000     Letter Factory
      needs: LST3-0x00170030-000001

installed into /home/bubbles/Documents/Projects/leappad-emu/runtime/sysroot/LF/Bulk
[0xf] fcloseAtomic returning 0
[0x200] SystemPlugin::setCurrentPlayerID( 0 )
trace:  ################################
trace:   playerId = 0
trace:   _currProfileID = 0
trace:   _currThemePath = /LF/Bulk/Downloads/PADS-0x1F1E0002-200002/UI_Coast.swf
trace:  ################################
trace:  ----------main::ChangeBackground----------/LF/Bulk/Downloads/PADS-0x1F1E0002-200002/UI_Coast.swf
[0xf] fopenAtomic(/LF/Bulk/Data/Local/0/./profile.dsc) returning 0x00067948
[0xf] fcloseAtomic returning 0
[0x200] Setting Current Profile to 0
trace:  ----------HomePickerState::PreEnter----------
trace:  ----------State::GrabStateData----------
[0x200] SystemPlugin::GetLocaleCode(): en-us
trace:  cuuLocaleCode = en-us
trace:  _language_code = en
trace:  country_code = us
trace:  --------BaseTextButton::SetTextField----- Ghb
trace:  WARNING: Player profile picture load failed!
trace:  ----------HomePickerState::OnUserImageLoad----------
trace:  ----------HomePickerState::SetCartStatus---------- 0
trace:  ----------HomePickerState::GetAllIcons----------
[0x200] SystemPlugin::getProgramFileApps - Valencia - getting ready to sort
[0x200] SystemPlugin::getProgramFileApps - Valencia - sort file exists /LF/Bulk/Data/Local/0/PAD2-0x1F1E0002-100000/ProgramFileAppOrder.json
trace:  ----------HomePickerState::AdjustStatusbar----------
trace:  ----------HomePickerState::StartPowerListener----------
[0x6] AddListener: added listener 0xa24e0, total number 4
trace:  ------------TabsTransition::Update-------------- 0
trace:   .... animating prev ... 
trace:  MODE_LOAD_ICONS 
trace:  ----------HomePickerState::ManageIconLoading----------
trace:  ----------HomePickerState::ChangeCartIconData----------
trace:  ----------HomePickerState::GoToFirstPage----------
trace:  ----------HomePickerState::ChangeCartIconImage----------
trace:  ----------HomePickerState::GetCategoryColorFieldName----------
trace:  ----------HomePickerState::SetCategoryLabelFieldName----------icon0
trace:  ----------HomePickerState::SetIconLabelText----------icon0
trace:  ----------HomePickerState::LoadIconImage----------icon0
trace:  ------------TabsTransition::Update-------------- 0
trace:   .... animating prev ... 
trace:  MODE_LOAD_ICONS 
trace:  ----------HomePickerState::ManageIconLoading----------
trace:  ----------HomePickerState::GetCategoryColorFieldName----------
trace:  ----------HomePickerState::LoadIconData----------icon1
trace:  ----------HomePickerState::SetCategoryLabelFieldName----------icon1
trace:  ----------HomePickerState::SetIconLabelText----------icon1
trace:  ----------HomePickerState::LoadIconImage----------icon1
trace:  ------------TabsTransition::Update-------------- 0
trace:   .... animating prev ... 
trace:  BG Main Theme Loaded in ChangeBackground
trace:  MODE_LOAD_ICONS 
trace:  ----------HomePickerState::ManageIconLoading----------
trace:  ----------HomePickerState::GetCategoryColorFieldName----------
trace:  ----------HomePickerState::LoadIconData----------icon2
trace:  ----------HomePickerState::SetCategoryLabelFieldName----------icon2
trace:  ----------HomePickerState::SetIconLabelText----------icon2
trace:  ----------HomePickerState::LoadIconImage----------icon2
trace:  ------------TabsTransition::Update-------------- 0
trace:   .... animating prev ... 
trace:   ... done animating previous, now start animating next
trace:  MODE_LOAD_ICONS 
trace:  ----------HomePickerState::ManageIconLoading----------
trace:  ----------HomePickerState::GetCategoryColorFieldName----------
trace:  ----------HomePickerState::LoadIconData----------icon3
trace:  ----------HomePickerState::SetCategoryLabelFieldName----------icon3
trace:  ----------HomePickerState::SetIconLabelText----------icon3
trace:  ----------HomePickerState::LoadIconImage----------icon3
trace:  ------------TabsTransition::Update-------------- 12
trace:  MODE_LOAD_ICONS 
trace:  ----------HomePickerState::ManageIconLoading----------
trace:  ----------HomePickerState::GetCategoryColorFieldName----------
trace:  ----------HomePickerState::LoadIconData----------icon4
[0x200] SystemPlugin::getProgramFileApps - Valencia - getting ready to sort
[0x200] SystemPlugin::getProgramFileApps - Valencia - sort file exists /LF/Bulk/Data/Local/0/PAD2-0x1F1E0002-100000/ProgramFileAppOrder.json
trace:  ----------HomePickerState::SetCategoryLabelFieldName----------icon4
trace:  ----------HomePickerState::SetIconLabelText----------icon4
trace:  ----------HomePickerState::LoadIconImage----------icon4
trace:  ------------TabsTransition::Update-------------- 11
trace:  MAKING CART BITMAPS
trace:  ----------HomePickerState::MakeIconHighlightBitmap----------icon0
trace:  ----------HomePickerState::MakeIconBitmap----------icon0
trace:  MODE_LOAD_ICONS 
trace:  ----------HomePickerState::ManageIconLoading----------
trace:  ----------HomePickerState::GetCategoryColorFieldName----------
trace:  ----------HomePickerState::LoadIconData----------icon5
trace:  ----------HomePickerState::SetCategoryLabelFieldName----------icon5
trace:  ----------HomePickerState::SetIconLabelText----------icon5
trace:  ----------HomePickerState::LoadIconImage----------icon5
trace:  ------------TabsTransition::Update-------------- 10
trace:  MODE_LOAD_ICONS 
trace:  ----------HomePickerState::ManageIconLoading----------
trace:  ----------HomePickerState::GetCategoryColorFieldName----------
trace:  ----------HomePickerState::LoadIconData----------icon6
trace:  ----------HomePickerState::SetCategoryLabelFieldName----------icon6
trace:  ----------HomePickerState::SetIconLabelText----------icon6
trace:  ----------HomePickerState::LoadIconImage----------icon6
trace:  ------------TabsTransition::Update-------------- 9
trace:  MODE_LOAD_ICONS 
trace:  ----------HomePickerState::ManageIconLoading----------
trace:  ----------HomePickerState::GetCategoryColorFieldName----------
trace:  ----------HomePickerState::LoadIconData----------icon7
trace:  ----------HomePickerState::SetCategoryLabelFieldName----------icon7
trace:  ----------HomePickerState::SetIconLabelText----------icon7
trace:  ----------HomePickerState::LoadIconImage----------icon7
trace:  ------------TabsTransition::Update-------------- 8
trace:  MODE_LOAD_ICONS 
trace:  ----------HomePickerState::ManageIconLoading----------
trace:  ----------HomePickerState::GetCategoryColorFieldName----------
trace:  ----------HomePickerState::LoadIconData----------icon8
trace:  ----------HomePickerState::SetCategoryLabelFieldName----------icon8
trace:  ----------HomePickerState::SetIconLabelText----------icon8
trace:  ----------HomePickerState::LoadIconImage----------icon8
trace:  ------------TabsTransition::Update-------------- 7
trace:  MODE_LOAD_ICONS 
trace:  ----------HomePickerState::ManageIconLoading----------
trace:  ----------HomePickerState::GetCategoryColorFieldName----------
trace:  ----------HomePickerState::LoadIconData----------icon9
trace:  ----------HomePickerState::SetCategoryLabelFieldName----------icon9
trace:  ----------HomePickerState::SetIconLabelText----------icon9
trace:  ----------HomePickerState::LoadIconImage----------icon9
trace:  ------------TabsTransition::Update-------------- 6
trace:  MODE_LOAD_ICONS 
trace:  ----------HomePickerState::ManageIconLoading----------
trace:  ----------HomePickerState::GetCategoryColorFieldName----------
trace:  ----------HomePickerState::LoadIconData----------icon10
trace:  ----------HomePickerState::SetCategoryLabelFieldName----------icon10
trace:  ----------HomePickerState::SetIconLabelText----------icon10
trace:  ----------HomePickerState::LoadIconImage----------icon10
trace:  ------------TabsTransition::Update-------------- 5
trace:  MODE_LOAD_ICONS 
trace:  ----------HomePickerState::ManageIconLoading----------
trace:  ----------HomePickerState::GetCategoryColorFieldName----------
trace:  ----------HomePickerState::LoadIconData----------icon11
trace:  ----------HomePickerState::SetCategoryLabelFieldName----------icon11
trace:  ----------HomePickerState::SetIconLabelText----------icon11
trace:  ----------HomePickerState::LoadIconImage----------icon11
trace:  ------------TabsTransition::Update-------------- 4
trace:  MODE_LOAD_ICONS 
trace:  ----------HomePickerState::ManageIconLoading----------
trace:  ----------HomePickerState::GetCategoryColorFieldName----------
trace:  ----------HomePickerState::LoadIconData----------icon12
trace:  ----------HomePickerState::SetCategoryLabelFieldName----------icon12
trace:  ----------HomePickerState::SetIconLabelText----------icon12
trace:  ----------HomePickerState::LoadIconImage----------icon12
trace:  ------------TabsTransition::Update-------------- 3
trace:  MODE_LOAD_ICONS 
trace:  ----------HomePickerState::ManageIconLoading----------
trace:  ----------HomePickerState::GetCategoryColorFieldName----------
trace:  ----------HomePickerState::LoadIconData----------icon13
trace:  ----------HomePickerState::SetCategoryLabelFieldName----------icon13
trace:  ----------HomePickerState::SetIconLabelText----------icon13
trace:  ----------HomePickerState::LoadIconImage----------icon13
trace:  ------------TabsTransition::Update-------------- 2
trace:  MODE_LOAD_ICONS 
trace:  ----------HomePickerState::ManageIconLoading----------
trace:  ----------HomePickerState::GetCategoryColorFieldName----------
trace:  ----------HomePickerState::LoadIconData----------icon14
trace:  ----------HomePickerState::SetCategoryLabelFieldName----------icon14
trace:  ----------HomePickerState::SetIconLabelText----------icon14
trace:  ----------HomePickerState::LoadIconImage----------icon14
trace:  ------------TabsTransition::Update-------------- 1
trace:  waiting for load of the image
trace:  MODE_LOAD_ICONS 
trace:  ----------HomePickerState::ManageIconLoading----------
trace:  ----------HomePickerState::GetCategoryColorFieldName----------
trace:  ----------HomePickerState::LoadIconData----------icon15
trace:  ----------HomePickerState::SetCategoryLabelFieldName----------icon15
trace:  ----------HomePickerState::SetIconLabelText----------icon15
trace:  ----------HomePickerState::LoadIconImage----------icon15
trace:  ------------TabsTransition::Update-------------- 0
trace:  waiting for load of the image
trace:  MODE_LOAD_ICONS 
trace:  ----------HomePickerState::ManageIconLoading----------
trace:  ------------TabsTransition::Update-------------- 0
trace:  waiting for load of the image
trace:  MODE_LOAD_ICONS 
trace:  ----------HomePickerState::ManageIconLoading----------
trace:  ------------TabsTransition::Update-------------- 0
trace:  waiting for load of the image
trace:  MODE_LOAD_ICONS 
trace:  ----------HomePickerState::ManageIconLoading----------
trace:  ------------TabsTransition::Update-------------- 0
trace:  waiting for load of the image
trace:  ------------TabsTransition::Update-------------- 0
trace:  _animRefNext._tabWaitForLoad = false
trace:   .... animating next ....upper -63.1125 lower 467
trace:  ------------TabsTransition::Update-------------- 0
trace:  _animRefNext._tabWaitForLoad = false
trace:   .... animating next ....upper -40.2625 lower 454
trace:  ------------TabsTransition::Update-------------- 0
trace:  _animRefNext._tabWaitForLoad = false
trace:   .... animating next ....upper -17.4125 lower 441
trace:  ------------TabsTransition::Update-------------- 0
trace:  _animRefNext._tabWaitForLoad = false
trace:   .... animating next ....upper 5.4375 lower 428
trace:   ... done animating next, done with transition
trace:  ------------TabsTransition::Update-------------- 6
trace:  ------------TabsTransition::Update-------------- 5
trace:  ------------TabsTransition::Update-------------- 4
trace:  ------------TabsTransition::Update-------------- 3
trace:  ------------TabsTransition::Update-------------- 2
trace:  ------------TabsTransition::Update-------------- 1
trace:  ----------HomePickerState::Enter----------
trace:  ----------HomePickerState::ActivateButtons----------
trace:  ----------HomePickerState::CheckForConnectNag----------
trace:  MODE_LOAD_ICON_HIGHLIGHT_BITMAPS 
trace:  ----------HomePickerState::ManageIconHighlightBitmapLoading----------
trace:  MODE_LOAD_ICON_HIGHLIGHT_BITMAPS 
trace:  ----------HomePickerState::ManageIconHighlightBitmapLoading----------
trace:  ----------HomePickerState::MakeIconHighlightBitmap----------icon1
trace:  MODE_LOAD_ICON_HIGHLIGHT_BITMAPS 
trace:  ----------HomePickerState::ManageIconHighlightBitmapLoading----------
trace:  ----------HomePickerState::MakeIconHighlightBitmap----------icon2
trace:  MODE_LOAD_ICON_HIGHLIGHT_BITMAPS 
trace:  ----------HomePickerState::ManageIconHighlightBitmapLoading----------
trace:  ----------HomePickerState::MakeIconHighlightBitmap----------icon3
trace:  MODE_LOAD_ICON_HIGHLIGHT_BITMAPS 
trace:  ----------HomePickerState::ManageIconHighlightBitmapLoading----------
trace:  ----------HomePickerState::MakeIconHighlightBitmap----------icon4
trace:  MODE_LOAD_ICON_HIGHLIGHT_BITMAPS 
trace:  ----------HomePickerState::ManageIconHighlightBitmapLoading----------
trace:  ----------HomePickerState::MakeIconHighlightBitmap----------icon5
trace:  MODE_LOAD_ICON_HIGHLIGHT_BITMAPS 
trace:  ----------HomePickerState::ManageIconHighlightBitmapLoading----------
trace:  ----------HomePickerState::MakeIconHighlightBitmap----------icon6
trace:  MODE_LOAD_ICON_HIGHLIGHT_BITMAPS 
trace:  ----------HomePickerState::ManageIconHighlightBitmapLoading----------
trace:  ----------HomePickerState::MakeIconHighlightBitmap----------icon7
trace:  MODE_LOAD_ICON_HIGHLIGHT_BITMAPS 
trace:  ----------HomePickerState::ManageIconHighlightBitmapLoading----------
trace:  ----------HomePickerState::MakeIconHighlightBitmap----------icon8
trace:  MODE_LOAD_ICON_HIGHLIGHT_BITMAPS 
trace:  ----------HomePickerState::ManageIconHighlightBitmapLoading----------
trace:  MODE_LOAD_ICON_BITMAPS 
trace:  ----------HomePickerState::ManageIconBitmapLoading----------
trace:  MODE_LOAD_ICON_BITMAPS 
trace:  ----------HomePickerState::ManageIconBitmapLoading----------
trace:  ----------HomePickerState::MakeIconBitmap----------icon1
trace:  MODE_LOAD_ICON_BITMAPS 
trace:  ----------HomePickerState::ManageIconBitmapLoading----------
trace:  ----------HomePickerState::MakeIconBitmap----------icon2
trace:  MODE_LOAD_ICON_BITMAPS 
trace:  ----------HomePickerState::ManageIconBitmapLoading----------
trace:  ----------HomePickerState::MakeIconBitmap----------icon3
trace:  MODE_LOAD_ICON_BITMAPS 
trace:  ----------HomePickerState::ManageIconBitmapLoading----------
trace:  ----------HomePickerState::MakeIconBitmap----------icon4
trace:  MODE_LOAD_ICON_BITMAPS 
trace:  ----------HomePickerState::ManageIconBitmapLoading----------
trace:  ----------HomePickerState::MakeIconBitmap----------icon5
trace:  MODE_LOAD_ICON_BITMAPS 
trace:  ----------HomePickerState::ManageIconBitmapLoading----------
trace:  ----------HomePickerState::MakeIconBitmap----------icon6
trace:  MODE_LOAD_ICON_BITMAPS 
trace:  ----------HomePickerState::ManageIconBitmapLoading----------
trace:  ----------HomePickerState::MakeIconBitmap----------icon7
trace:  MODE_LOAD_ICON_BITMAPS 
trace:  ----------HomePickerState::ManageIconBitmapLoading----------
trace:  ----------HomePickerState::MakeIconBitmap----------icon8
trace:  MODE_LOAD_ICON_BITMAPS 
trace:  ----------HomePickerState::ManageIconBitmapLoading----------
trace:  MODE_BITMAP_BACKGROUND 
trace:  ----------HomePickerState::ManageBackgroundBitmapping----------
trace:  ----------HomePickerState::MakeUpperTabBitmap----------
trace:  ----------HomePickerState::CheckIfCurrentPageIsLoaded----------
trace:  ----------HomePickerState::EnableButtons----------
[0x200] SystemPlugin::ResetTouchscreenSampleRate(): false
trace:  ----------HomePickerState::EnableArrows----------
[0x200] SystemPlugin::ResetTouchscreenSampleRate(): false
trace:  MODE_BITMAP_BACKGROUND 
trace:  ----------HomePickerState::ManageBackgroundBitmapping----------
trace:  ----------SoundManager::StopMusic----------
trace:  ----------SoundManager::PlayMusic----------
trace:  MODE_INITIALIZE_PET 
trace:  ----------HomePickerState::ManagePetInitialization----------
trace:  ----------HomePickerState::InitializePet----------
trace:  ----------UIPetLPAD::LoadPet----------
trace:  ----------LF.LPAD.Pet.com.frimastudio.emerald.utils.SaveManager::ReadSavedData----------
trace:  About to AddAvatar
trace:  
READ SCRIPT
trace:  READ SCRIPT DONE

trace:  ----------PetAccelerometerManager::PetAccelerometerManager----------
[0x200] AccelerometerPlugin::setAccelerometerRate, rate = 10
trace:  ----------PetAccelerometerManager::Deactivate----------
[0x6] RemoveListener: could not find listener 0x45863530, total number 4
trace:  ----------PetAccelerometerManager::Init----------
trace:  mAvatar._name = _UIPetLPAD
trace:  mIsActive = true
trace:  ----------UIPetLPAD::ChangeStateToJumpIn----------
trace:  ----------UIPetLPAD::ResumePet----------
trace:  ----------PetAccelerometerManager::Activate----------
[0x6] AddListener: added listener 0x45863530, total number 5
trace:  MODE_PLAY_INITIAL_AUDIO_PROMPTS 
trace:  ----------HomePickerState::PlayInitialAudioPrompts----------
trace:  ----------IdlePrompts::GetInstance----------
trace:  ----------IdlePrompts::IdlePrompts----------
trace:  ----------IdlePrompts::PullData----------
trace:  ----------IdlePrompts::SetAllPrompts----------
trace:  ----------IdlePrompts::StartPromptTimer----------
trace:  MODE_JUMP_PET_IN 
trace:  ----------HomePickerState::ManagePetJumpingIn----------
trace:  ----------UIPetLPAD::SuspendPet----------
trace:  ----------PetAccelerometerManager::Deactivate----------
[0x6] RemoveListener: removed listener 0x45863530, total number 4
trace:  MODE_LOAD_ICONS 
trace:  ----------HomePickerState::ManageIconLoading----------
trace:  MODE_LOAD_ICON_HIGHLIGHT_BITMAPS 
trace:  ----------HomePickerState::ManageIconHighlightBitmapLoading----------
trace:  ----------HomePickerState::MakeIconHighlightBitmap----------icon9
trace:  MODE_LOAD_ICON_HIGHLIGHT_BITMAPS 
trace:  ----------HomePickerState::ManageIconHighlightBitmapLoading----------
trace:  ----------HomePickerState::MakeIconHighlightBitmap----------icon10
trace:  MODE_LOAD_ICON_HIGHLIGHT_BITMAPS 
trace:  ----------HomePickerState::ManageIconHighlightBitmapLoading----------
trace:  ----------HomePickerState::MakeIconHighlightBitmap----------icon11
trace:  MODE_LOAD_ICON_HIGHLIGHT_BITMAPS 
trace:  ----------HomePickerState::ManageIconHighlightBitmapLoading----------
trace:  ----------HomePickerState::MakeIconHighlightBitmap----------icon12
trace:  MODE_LOAD_ICON_HIGHLIGHT_BITMAPS 
trace:  ----------HomePickerState::ManageIconHighlightBitmapLoading----------
trace:  ----------HomePickerState::MakeIconHighlightBitmap----------icon13
trace:  MODE_LOAD_ICON_HIGHLIGHT_BITMAPS 
trace:  ----------HomePickerState::ManageIconHighlightBitmapLoading----------
trace:  ----------HomePickerState::MakeIconHighlightBitmap----------icon14
trace:  MODE_LOAD_ICON_HIGHLIGHT_BITMAPS 
trace:  ----------HomePickerState::ManageIconHighlightBitmapLoading----------
trace:  ----------HomePickerState::MakeIconHighlightBitmap----------icon15
trace:  MODE_LOAD_ICON_HIGHLIGHT_BITMAPS 
trace:  ----------HomePickerState::ManageIconHighlightBitmapLoading----------
trace:  MODE_LOAD_ICON_BITMAPS 
trace:  ----------HomePickerState::ManageIconBitmapLoading----------
trace:  ----------HomePickerState::MakeIconBitmap----------icon9
trace:  MODE_LOAD_ICON_BITMAPS 
trace:  ----------HomePickerState::ManageIconBitmapLoading----------
trace:  ----------HomePickerState::MakeIconBitmap----------icon10
trace:  MODE_LOAD_ICON_BITMAPS 
trace:  ----------HomePickerState::ManageIconBitmapLoading----------
trace:  ----------HomePickerState::MakeIconBitmap----------icon11
trace:  MODE_LOAD_ICON_BITMAPS 
trace:  ----------HomePickerState::ManageIconBitmapLoading----------
trace:  ----------HomePickerState::MakeIconBitmap----------icon12
trace:  MODE_LOAD_ICON_BITMAPS 
trace:  ----------HomePickerState::ManageIconBitmapLoading----------
trace:  ----------HomePickerState::MakeIconBitmap----------icon13
trace:  MODE_LOAD_ICON_BITMAPS 
trace:  ----------HomePickerState::ManageIconBitmapLoading----------
trace:  ----------HomePickerState::MakeIconBitmap----------icon14
trace:  MODE_LOAD_ICON_BITMAPS 
trace:  ----------HomePickerState::ManageIconBitmapLoading----------
trace:  ----------HomePickerState::MakeIconBitmap----------icon15
trace:  MODE_LOAD_ICON_BITMAPS 
trace:  ----------HomePickerState::ManageIconBitmapLoading----------
trace:  MODE_BITMAP_BACKGROUND 
trace:  ----------HomePickerState::ManageBackgroundBitmapping----------
trace:  ----------HomePickerState::ProcessMouseDown----------
trace:  ----------HomePickerState::OnNavPress----------1
trace:  ----------HomePickerState::ProcessNavPress----------1
trace:  ----------HomePickerState::ChangePage( 1 )----------
trace:  ----------HomePickerState::DisableButtons----------
[0x200] SystemPlugin::SetTouchscreenSampleRate( 1 ): false
trace:  ----------HomePickerState::DisableArrows----------
trace:  ----------HomePickerState::SetNumberOfIconsOnCurrentPage----------
trace:  ----------HomePickerState::SwapAnimatingIconsToBitmap----------
trace:  ----------HomePickerState::ProcessMouseUp----------
trace:  ----------HomePickerState::EnableButtons----------
[0x200] SystemPlugin::ResetTouchscreenSampleRate(): false
trace:  ----------HomePickerState::EnableArrows----------
[0x200] SystemPlugin::ResetTouchscreenSampleRate(): false
trace:  ----------HomePickerState::EnableArrows----------
[0x200] SystemPlugin::ResetTouchscreenSampleRate(): false
trace:  ----------HomePickerState::SwapAnimatingIconsToBitmap----------
trace:  MODE_RESUME_PET 
trace:  ----------HomePickerState::ManagePetResume----------
trace:  ----------UIPetLPAD::ResumePet----------
trace:  ----------PetAccelerometerManager::Activate----------
[0x6] AddListener: added listener 0x45863530, total number 5
trace:  ----------UIPetLPAD::EnableButtons----------
trace:  -----Callback.PrintDebugInfo-----
trace:       _cbFunc:  null
trace:       _cbScope: _level0.mcContent.HomePicker_mc.main_mc
trace:       _cbArgs:  undefined
trace:  ----------HomePickerState::ProcessMouseDown----------
trace:  ----------BaseIconButton::onPress()---------- icon15
trace:  ----------HomePickerState::ProcessIconOnPress----------
trace:  game_info._title = Letter Factory
trace:  ----------HomePickerState::ProcessMouseUp----------
trace:  ----------BaseIconButton::onRelease()---------- icon15
trace:  ----------HomePickerState::ProcessIconOnRelease----------
trace:  ----------HomePickerState::DisableButtons----------
[0x200] SystemPlugin::SetTouchscreenSampleRate( 1 ): false
trace:  ----------HomePickerState::DisableArrows----------
trace:  ----------UIPetLPAD::SuspendPet----------
trace:  ----------PetAccelerometerManager::Deactivate----------
[0x6] RemoveListener: removed listener 0x45863530, total number 4
trace:  ----------HomePickerState::PausePrompts----------
trace:  ----------IdlePrompts::PausePrompts----------
trace:  ----------IdlePrompts::SavePromptData----------
trace:  --------SoundManager::StopSequence-----
trace:  _sequenceSound = [object Object]
trace:  _sequenceIntervalId = undefined
trace:  --------SoundManager::ClearEndOfSeqCallback-----
trace:  -----Callback.PrintDebugInfo-----
trace:       _cbFunc:  [type Function]
trace:       _cbScope: _level0.mcContent.HomePicker_mc.main_mc
trace:       _cbArgs:  [object Object]
trace:  ----------HomePickerState::PlayAppGameInfoSound----------
trace:  ----------HomePickerState::LaunchApp----------
trace:  ----------SoundManager::StopMusic----------
trace:  ------------TabsTransition::TabsTransition---------------
trace:  _bgToShow = undefined
trace:  _bgToHide = undefined
trace:  ----------StateMachine::ReplaceTopState----------- LaunchApp.swf
trace:  _currState._container = _level0.mcContent.HomePicker_mc
trace:  movieclip = _level0.mcContent.LaunchApp_mc
[0x6] RemoveListener: could not find listener 0x45863a1c, total number 4
trace:  ----------StateMachine::_mcListener.onLoadInit( _level0.mcContent.LaunchApp_mc )----------
trace:  ------------TabsTransition::Init---------------
trace:   _incrementUpper : 97.55
trace:   _incrementLower : 52
trace:  ----------HomePickerState::Exit----------
trace:  ----------HomePickerState::ClearIconBitmaps----------
trace:  ----------HomePickerState::ClearUpperTabBitmap----------
[0x6] RemoveListener: removed listener 0xa24e0, total number 3
[0x6] RemoveListener: could not find listener 0xa24e0, total number 3
trace:  ----------HomePickerState::PausePrompts----------
trace:  ----------IdlePrompts::PausePrompts----------
trace:  ----------IdlePrompts::SavePromptData----------
trace:  --------SoundManager::StopSequence-----
trace:  _sequenceSound = [object Object]
trace:  _sequenceIntervalId = undefined
trace:  --------SoundManager::ClearEndOfSeqCallback-----
trace:  ----------SoundManager::FadeOutMusic----------
trace:  _music.position = 2717
trace:  ----------UIPetLPAD::RemovePet----------
trace:  ----------UIPetLPAD::Dispose----------
trace:  ----------PetAccelerometerManager::Dispose----------
[0x6] RemoveListener: could not find listener 0x45863530, total number 3
trace:  ----------UIPetLPAD::Exit----------
[0x200] SystemPlugin::ResetTouchscreenSampleRate(): false
trace:  ------------TabsTransition::Update-------------- 0
trace:   .... animating prev ... 
trace:  ------------TabsTransition::Update-------------- 0
trace:   .... animating prev ... 
trace:  ------------TabsTransition::Update-------------- 0
trace:   .... animating prev ... 
trace:  ------------TabsTransition::Update-------------- 0
trace:   .... animating prev ... 
trace:   ... done animating previous, now start animating next
trace:  ------------TabsTransition::Update-------------- 12
trace:  ------------TabsTransition::Update-------------- 11
trace:  ------------TabsTransition::Update-------------- 10
trace:  ------------TabsTransition::Update-------------- 9
trace:  ------------TabsTransition::Update-------------- 8
trace:  ------------TabsTransition::Update-------------- 7
trace:  ------------TabsTransition::Update-------------- 6
trace:  ------------TabsTransition::Update-------------- 5
trace:  ------------TabsTransition::Update-------------- 4
trace:  ------------TabsTransition::Update-------------- 3
trace:  ------------TabsTransition::Update-------------- 2
trace:  ------------TabsTransition::Update-------------- 1
trace:  _animRefNext._tabWaitForLoad = undefined
trace:   .... animating next ....upper NaN lower NaN
trace:   ... done animating next, done with transition
trace:  ------------TabsTransition::Update-------------- 6
trace:  ------------TabsTransition::Update-------------- 5
trace:  ------------TabsTransition::Update-------------- 4
trace:  ------------TabsTransition::Update-------------- 3
trace:  ------------TabsTransition::Update-------------- 2
trace:  ------------TabsTransition::Update-------------- 1
[0x200] SystemPlugin::SetDidjLegacyFlag( 0 )
[0xf] fopenAtomic(/LF/Bulk/Data/Local/0/PAD2-0x1F1E0002-100000/RecentGames.json) returning 0x0008eb18
[0xf] fcloseAtomic returning 0
[0x280] ReplaceTopApp: 1 DATA IS  NULL ..... 
[0x280] LoadNewApp path = /LF/Bulk/ProgramFiles/LST3-0x001B0043-000000/App.so
[0x280] LoadNewApp: before; /LF/Bulk/ProgramFiles/LST3-0x001B0043-000000/App.so; 1706; 913696
[0x280] LoadNewApp: after ; /LF/Bulk/ProgramFiles/LST3-0x001B0043-000000/App.so; 1812; 1083276
[0x280] mCurrentTransition = kReplaceTopApp !
[0x280] CAppManager::ExitPopUnloadApp()
trace:  ------------TabsTransition::TabsTransition---------------
trace:  _bgToShow = undefined
trace:  _bgToHide = undefined
trace:  ----------StateMachine::ReplaceTopState----------- HomePicker.swf
trace:  _currState._container = _level0.mcContent.LaunchApp_mc
trace:  movieclip = _level0.mcContent.HomePicker_mc
[0x6] RemoveListener: could not find listener 0x45863a1c, total number 3
[0x6] RemoveListener: could not find listener 0x45863530, total number 3
[0x6] RemoveListener: removed listener 0x44c24, total number 2
[0x6] RemoveListener: removed listener 0x44be0, total number 1
[0x5] UnRegisterLayer: 0x44f30: 480x272 (1920) @ 0x8217e800
[0x5] DestroyHandle: 0x44f30: 480x272 (1920) @ 0x8217e800
[0x5] UnRegisterLayer: 0x44f30: 480x272 (1920) @ 0x8217e800
[0x5] DeAllocBuffer: remove offset 0017E800, length 0007F800
[0x5] UnRegisterLayer: 0x44fa8: 480x272 (1920) @ 0x455cd008
[0x5] DestroyHandle: 0x44fa8: 480x272 (1920) @ 0x455cd008
[0x5] UnRegisterLayer: 0x44fa8: 480x272 (1920) @ 0x455cd008
[0x6] RemoveListener: could not find listener 0x44ec0, total number 1
MPCriticalSection::~MPCriticalSection() error 22
[0x6] RemoveListener: could not find listener 0x44c24, total number 1
[0x6] RemoveListener: could not find listener 0x44be0, total number 1
[0x280] ExitPopUnloadApp: before; /LF/Base/LPAD/; 1943; 1072228
[0x280] ExitPopUnloadApp: before UnloadModule /LF/Base/LPAD/
[0x280] ExitPopUnloadApp: module unloaded 108808
[0x280] ExitPopUnloadApp: after ; /LF/Base/LPAD/; 1949; 1067692
[0x280] ExitPopUnloadApp: OGL context still active after unloading
[0x280] ExitPopUnloadApp: aborting all Atomic I/O with fabortAllAtomic
[0xf] fabortAllAtomic: aborted 0 files
[0x400] [EgApp] Enter()
[0x400] 	ProductID: 1769539
[0x400] 	PartNumber: 152-12773
[0x400] 	productVersion: 1.0.1.0
[0x400] 	log data version: 1
[0x400] [EgGameState] Got playerID: 0
[0x282] CGraphics2D::init()
[0x5] CreateHandle: 0x8ec20: 480x272 (1920) @ 0x82400000
[0x5] RegisterLayer: 0x8ec20: 480x272 (1920) @ 0x82400000
[0x5] SetWindowPosition: 0x8ec20: 0,0 .. 480,272
[0x5] SetWindowPosition: 0x8ec20: 0,0 .. 480,272
[0x5] eglInitialize()
[0x5] eglInitialize(): success = 1, version = 1.4
[0x5] OpenGL ES vendor = Tadpole
[0x5] OpenGL ES version = 1.4 Tadpole
[0x5] OpenGL ES extensions = 
[0x5] eglChooseConfig()
[0x5] eglCreateWindowSurface()
[0x5] eglCreateContext()
[0x5] eglMakeCurrent()
[0x5] eglSwapBuffers()
[0x5] RegisterLayer: 0x8ec20: 480x272 (1920) @ 0x82400000
[0x5] SetWindowPosition: 0x8ec20: 0,0 .. 480,272
[0x5] display handle = 0x8ec20
[0x400] [EgGameState] Set touchscreen rate to 50
[0x400] [EgGameState] Got touchscreen setting of 50
[0x400] GetProgramFilesPath: /LF/Bulk/ProgramFiles/
[0x400] GetBasePath: /LF/Base/
[0x400] GetRootPath: /LF/
[0x400] GetCartPath: /LF/Cart/
[0x400] Name: /LF/Bulk/ProgramFiles/LST3-0x001B0043-000000/
[0x400] Set app base to: /LF/Bulk/ProgramFiles/LST3-0x001B0043-000000/
[0x400] Set doc base to: /LF/Bulk/Data/Local/0/LST3-0x001B0043-000000/
NitroMain1
NitroMain2
NitroMain3
NitroMain4
NitroMain5
NitroMain6
NitroMain7
[0xf] fopenAtomic(/LF/Bulk/Data/Local/0/LST3-0x001B0043-000000/SAVE.DAT): mkstemp failed us!
[0x6] AddListener: added listener 0x45d608b0, total number 2
Transition took       4 ms.
NitroMain8
NitroMain9
[0x400] [EgPickerState] PICKER STARTED

[0x6] AddListener: added listener 0x1d538, total number 3
[0x281] CSystemData::FindFont( DidjPropBold.ttf )
[0x0] tImageInfo::GetImageSize - texture is 320 x 20, should be power of 2 on each side
[0x0] tImageInfo::GetImageSize - texture is 320 x 20, should be power of 2 on each side
[0x0] tImageInfo::GetImageSize - texture is 320 x 20, should be power of 2 on each side
[0x0] tImageInfo::GetImageSize - texture is 320 x 20, should be power of 2 on each side
[0x0] tImageInfo::GetImageSize - texture is 320 x 20, should be power of 2 on each side
[0x0] tImageInfo::GetImageSize - texture is 320 x 20, should be power of 2 on each side
[0x281] CSystemData::FindFont( DidjPropBold.ttf )
[0x281] CSystemData::FindFont( DidjPropBold.ttf )
[0x281] CSystemData::FindFont( DidjPropBold.ttf )
[0x281] CSystemData::FindFont( DidjPropBold.ttf )
[0x281] CSystemData::FindFont( DidjPropBold.ttf )
[0x0] tImageInfo::GetImageSize - texture is 320 x 240, should be power of 2 on each side
[0x0] tImageInfo::GetImageSize - texture is 320 x 240, should be power of 2 on each side
[0x6] AddListener: added listener 0x6642c, total number 4
[0x6] AddListener: added listener 0x66470, total number 5
[0x281] CJSonFile::Load() failed to open (filehandle was NULL) mRsrcPath = /LF/Bulk/Data/Local/0/./Milestones.json
[0x281] CJSonFile::Load() failed to open (filehandle was NULL) mRsrcPath = /LF/Bulk/Data/Local/0/./Milestones.json
[0x281] CJSonFile::Load() failed to open (filehandle was NULL) mRsrcPath = /LF/Bulk/Data/Local/0/./Milestones.json
[0x281] CJSonFile::Load() failed to open (filehandle was NULL) mRsrcPath = /LF/Bulk/Data/Local/0/./Milestones.json
[0x281] CJSonFile::Load() failed to open (filehandle was NULL) mRsrcPath = /LF/Bulk/Data/Local/0/./Milestones.json
[0x281] CJSonFile::Load() failed to open (filehandle was NULL) mRsrcPath = /LF/Bulk/Data/Local/0/./Milestones.json
BGManager::determineCompatibleMode Tiled
Transition took       4 ms.
BGManager::loadBitmapData .. SUCCESS!
[0x281] CSystemData::FindAudio( Global_Mus_Minigame1.ogg )
$$$ queueVO
[0x281] CSystemData::FindAudio( Intro_Leap_1.ogg )
Transition took     131 ms.
$$$ queueVO
[0x281] CSystemData::FindAudio( Intro_Leap_2.ogg )
$$$ queueVO
[0x281] CSystemData::FindAudio( Intro_Lily_3.ogg )
$$$ queueVO
[0x281] CSystemData::FindAudio( Intro_Tad_4.ogg )
$$$ queueVO
[0x281] CSystemData::FindAudio( Intro_TadLily_5.ogg )
$$$ queueVO
[0x281] CSystemData::FindAudio( Intro_Burf_6.ogg )
$$$ queueVO
[0x281] CSystemData::FindAudio( Intro_Lily_7.ogg )
$$$ queueVO
[0x281] CSystemData::FindAudio( Intro_Burf_8.ogg )
$$$ queueVO
[0x281] CSystemData::FindAudio( Intro_Finish_Lily_1.ogg )
$$$ queueVO
[0x281] CSystemData::FindAudio( Global_Burf_Okay.ogg )
$$$ queueVO
[0x281] CSystemData::FindAudio( Intro_Finish_Burf_2.ogg )
$$$ queueVO
[0x281] CSystemData::FindAudio( Intro_Finish_Leap_3.ogg )
$$$ queueVO
[0x281] CSystemData::FindAudio( Intro_Finish_Tad_4.ogg )
$$$ queueVO
[0x281] CSystemData::FindAudio( Intro_Finish_Lily_5.ogg )
$$$ queueVO
[0x281] CSystemData::FindAudio( Intro_Finish_Burf_6.ogg )
$$$ queueVO
[0x281] CSystemData::FindAudio( Intro_Finish_Leap_7.ogg )
$$$ queueVO
[0x281] CSystemData::FindAudio( Intro_Finish_TadLilyBurf_8.ogg )
Transition took     110 ms.
$$$ queueVO
[0x281] CSystemData::FindAudio( Start_Nar_Begin.ogg )
[0x281] CSystemData::FindAudio( Global_Mus_UI.ogg )
[0x281] CSystemData::FindAudio( h_BROM_MenuSelectSfx_6.ogg )
BGManager::determineCompatibleMode Tiled
[0x281] CSystemData::FindAudio( Global_Mus_Factory.wav )
$$$ queueVO
[0x281] CSystemData::FindAudio( Factory_Leap_Tut_1.ogg )
Transition took    2423 ms.
$$$ queueVO
[0x281] CSystemData::FindAudio( Factory_Leap_Tut_2.ogg )
$$$ queueVO
[0x281] CSystemData::FindAudio( Factory_Leap_Tut_3.ogg )
$$$ queueVO
[0x281] CSystemData::FindAudio( Global_Burf_LetterTime_1.ogg )
[0x281] CSystemData::FindAudio( Global_Mus_UI.ogg )
Transition took     362 ms.
$$$ queueVO
[0x281] CSystemData::FindAudio( LAL_Intro_Leap_LL.ogg )
$$$ queueVO
[0x281] CSystemData::FindAudio( LAL_Intro_Leap_SS.ogg )
$$$ queueVO
[0x281] CSystemData::FindAudio( LAL_Intro_Leap_Gen.ogg )
$$$ queueVO
[0x281] CSystemData::FindAudio( LL_Tad_Tut_Welcome_1.ogg )
[0x281] CSystemData::FindAudio( LL_Music.ogg )
Transition took      77 ms.
$$$ queueVO
[0x281] CSystemData::FindAudio( LL_Tad_Tut_Welcome_2.ogg )
$$$ queueVO
[0x281] CSystemData::FindAudio( LL_Burf_Tut_Welcome_3.ogg )
$$$ queueVO
[0x281] CSystemData::FindAudio( LL_Tad_Tut_Welcome_4.ogg )
$$$ queueVO
[0x281] CSystemData::FindAudio( LL_Burf_Tut_Welcome_5.ogg )
$$$ queueVO
[0x281] CSystemData::FindAudio( LL_Tad_Tut_Welcome_6.ogg )
$$$ queueVO
[0x281] CSystemData::FindAudio( LL_Tad_Tut_Welcome_7.ogg )
$$$ queueVO
[0x281] CSystemData::FindAudio( LL_Tad_Tut_Welcome_8.ogg )
[0x281] CSystemData::FindAudio( LL_SFX_NewLetter.wav )
$$$ queueVO
[0x281] CSystemData::FindAudio( Global_Burf_Awesome.ogg )
$$$ queueVO
[0x281] CSystemData::FindAudio( LL_Tad_Tut_StartMachine.ogg )
$$$ queueVO
[0x281] CSystemData::FindAudio( LL_Tad_Tut_KeepTapping.ogg )
[0x281] CSystemData::FindAudio( LL_SFX_Pump.wav )
[0x281] CSystemData::FindAudio( LL_SFX_MachineStart.wav )
[0x281] CSystemData::FindAudio( LL_SFX_LettersFly.wav )
$$$ queueVO
[0x281] CSystemData::FindAudio( LL_Tad_Tut_Catch.ogg )
[0x281] CSystemData::FindAudio( LL_SFX_MachineRun.wav )
[0x281] CSystemData::FindAudio( h_BROM_CorrectAnswerSfx_6.ogg )
$$$ queueVO
[0x281] CSystemData::FindAudio( Global_Nar_Ltr_T.ogg )
[0x281] CSystemData::FindAudio( LL_SFX_LetterReturn.wav )
$$$ queueVO
[0x281] CSystemData::FindAudio( Global_Tad_Awesome.ogg )
$$$ queueVO
[0x281] CSystemData::FindAudio( LL_Burf_Finish_2.ogg )
$$$ queueVO
[0x281] CSystemData::FindAudio( LL_Tad_Finish_3.ogg )
$$$ queueVO
[0x281] CSystemData::FindAudio( Global_Tad_Ltr_T.ogg )
$$$ queueVO
[0x281] CSystemData::FindAudio( LL_Burf_Finish_4.ogg )
$$$ queueVO
[0x281] CSystemData::FindAudio( Global_Tad_HowYouDid.ogg )
[0x281] CSystemData::FindAudio( Global_Mus_UI.ogg )
Transition took      45 ms.
$$$ queueVO
[0x281] CSystemData::FindAudio( Cheer_ResultScreen.ogg )
$$$ queueVO
$$$ queueVO
[0x281] CSystemData::FindAudio( Results_Congrats_LL.ogg )
[0x281] CSystemData::FindAudio( Global_Leap_Ltr_T.ogg )
=== AppManager ===
+++ AppManager: Entered main function: 200455.73 13130767.74
[0x6] ButtonPowerUSBTask: Use tslib
[0x6] ButtonPowerUSBTask: tslib: ts_config failed
[0x6] LoadTSLib: use_tslib=0, handle=0x17a60, tsl=(nil), fd=0
[0x6] Start ButtonPowerUSB Task ... !
[0x6] Start Cartridge task ...!
[0x5] InitModule: Screen = 480 x 272
[0x5] InitModule: Screen = 480 x 272, pitch = 1920
[0x5] InitModule: Mapped 82000000 to 0x82000000, size 003fc000
[0x5] InitModule: Screen = 480 x 272, pitch = 1920
[0x5] InitModule: Mapped 82400000 to 0x82400000, size 003fc000
[0x5] InitModule: Screen = 480 x 272, pitch = 1920
[0x5] InitModule: Mapped 82800000 to 0x82800000, size 003fc000
+++ AppManager: Bgn Init Logging: 200455.90 13130776.88
+++ AppManager: Bgn InitMutex: 200455.96 13130780.08
[0x280] ============================================
[0x280]    AppManager ReLaunch Threshold = 5
[0x280] ============================================
[0x5] AllocBuffer: new buf offset 000FF000, length 0007F800
[0x5] CreateHandle: 0x18908: 480x272 (1920) @ 0x820ff000
[0x6] ButtonPowerUSBTask: Use tslib
[0x6] ButtonPowerUSBTask: tslib: ts_config failed
[0x6] LoadTSLib: use_tslib=0, handle=0x1cce0, tsl=(nil), fd=0
[0x6] ButtonPowerUSBTask: tslib: Falling back on touchscreen interface
[0x5] RegisterLayer: 0x18908: 480x272 (1920) @ 0x820ff000
[0x5] SetWindowPosition: 0x18908: 0,0 .. 480,272
[0x280] CAppManager::CAppManager ; LightningBase/Src/AppManager.cpp; 562; 768492
[0x280] Platform = VALENCIA
[0x280] Shutdown Timer set for 12000 [ms] timeout
[0x280] USB Device Watchdog set for 12 [sec] timeout
[0x0] HasDoomPackageCritical: global doom file detected
+++ AppManager: End SetupSystem: 200456.10 13130788.33
[0x280] AppManager signal handler installed 
[0x0] DaemonControl socket connect failed ret=-1
[0x0] DaemonControl socket connect failed ret=-1
+++ AppManager: End Init CLogFile: 200456.11 13130788.70
[0x6] AddListener: added listener 0x181b8, total number 1
[0x281] CJSonFile::Load() failed to open (filehandle was NULL) mRsrcPath = /LF/Base/DidjPatches/DidjPatches.json
+++ AppManager: End Load DidjPatches: 200456.11 13130788.99
get temp restart player id = -1
+++ AppManager: Bgn Set Profile Logging: 200456.12 13130789.14
+++ AppManager: End Set Profile Logging: 200456.12 13130789.16
[0x1] Found codec: socaudiolfp100, legacy=0
[0x1] set_hwparams: buffer time=128000, size=4096
[0x1] set_hwparams: period time=32000, size=1024
[0x1] CallbackThread: starting audio thread 0x31668
+++ AppManager: End Set Power & USB: 200456.40 13130805.17
[0x280] mCurrentTransition = kLoginApp !
+++ AppManager: Bgn Load main.swf: 200456.40 13130805.30
[0x280] PushApp Start: LPAD/main.swf; LightningBase/Src/AppManager.cpp; 1121; 758744
[0x280] LoadNewApp path = /LF/Base/LPAD/main.swf
tadpole-view: 480x272, scale 2x, dir /tmp/tadpole
tadpole-view: audio 32000 Hz, 2 ch, 16-bit (period 1024), latency capped at 600 ms
[0x280] LoadNewApp: before; /LF/Base/LPAD/main.swf; 1706; 981064
[0x280] LoadNewApp: after ; /LF/Base/LPAD/main.swf; 1812; 1004076
[0x280] PushApp Done: LPAD/main.swf; LightningBase/Src/AppManager.cpp; 1123; 1004076
+++ AppManager: End Load main.swf: 200469.17 13131537.02
+++ AppManager: UI loaded: 200469.17 13131537.03
[0x280] mCurrentTransition = kPushApp !
[0x6] AddListener: added listener 0x44bc8, total number 2
[0x6] AddListener: added listener 0x44c0c, total number 3
+++ AppManager: Flash: End Construct DidjPlayer: 200469.17 13131537.49
[0x5] AllocBuffer: new buf offset 0017E800, length 0007F800
[0x5] CreateHandle: 0x44f18: 480x272 (1920) @ 0x8217e800
[0x5] RegisterLayer: 0x44f18: 480x272 (1920) @ 0x8217e800
[0x5] SetWindowPosition: 0x44f18: 0,0 .. 480,272
[0x5] CreateHandle: 0x44f90: 480x272 (1920) @ 0x455cd008
[0x5] RegisterLayer: 0x44f90: 480x272 (1920) @ 0x455cd008
[0x5] UnRegisterLayer: 0x44f90: 480x272 (1920) @ 0x455cd008
[0x5] RegisterLayer: 0x18908: 480x272 (1920) @ 0x820ff000
[0x5] SetWindowPosition: 0x18908: 0,0 .. 480,272
+++ AppManager: Flash: Bgn LoadMovie: 200469.19 13131538.16
+++ AppManager: Flash: Bgn CreatePlayer: 200469.20 13131539.00
[0x281] CSystemData::FindFont( LFCurry.ttf )
[0x281] CSystemData::FindFont( LFCurry.ttf )
+++ AppManager: Flash: End CreatePlayer: 200470.00 13131586.39
+++ AppManager: Flash: End SetFrameBuffer: 200470.01 13131587.57
+++ AppManager: Flash: End LoadMovie: 200470.02 13131587.70
+++ AppManager: UI entered: 200470.02 13131587.72
+++ AppManager: UI updated: 200470.34 13131606.62
get temp restart player id = -1
trace:  ----------main::loadMainStageOne----------
trace:  ----------UIData::GetInstance----------
trace:  ----------UIData::UIData----------
trace:   ### default theme path is : /LF/Bulk/Downloads/PADS-0x1F1E0002-200001/UI_Tropical.swf
trace:  ----------UIData::UIData---------- _0ProfileUIData = undefined
trace:  ----------UIData::UIData---------- _1ProfileUIData = undefined
trace:  ----------UIData::UIData---------- _2ProfileUIData = undefined
trace:  ----------UIData::ResetPaths----------
[0x200] SystemPlugin::GetLocaleCode(): en-us
trace:  cuuLocaleCode = en-us
trace:  _language_code = en
trace:  _language_code = en
trace:  ----------SoundManager::GetInstance----------
trace:  ----------SoundManager::SoundManager----------
trace:  ..... theme is : undefined
[0x200] AppManagerPlugin::isBaseAppRelaunch, FALSE
trace:  ---------------- Main ------------- current logged in player is : 0
trace:  ..... bgPath is : /LF/Base//LpadAssets/Art/UI_StandardBackground.swf
trace:  BG Main Theme Loaded
trace:  ----------main::loadMainStageTwo----------
[0x200] SystemPlugin::SetDidjLegacyFlag( 0 )
[0x200] AppManagerPlugin::isBaseAppRelaunch, FALSE
trace:  ------main:: LF.AppManager.IsBaseAppRelaunch()------false
trace:  ------main:: LF.CSystem.GetLocale()-----en-us
[0x200] AppManagerPlugin::isBaseAppRelaunch, FALSE
trace:  ---------------- Main ------------- current logged in player is : 0
trace:  ----------UIData::isAnyProfilePresent----------
[0xf] fopenAtomic(/LF/Bulk/Data/Local/0/PAD2-0x1F1E0002-100000/UIData.json) returning 0x0005a248
[0xf] fcloseAtomic returning 0
[0xf] fopenAtomic(/LF/Bulk/Data/Local/1/PAD2-0x1F1E0002-100000/UIData.json) returning 0x00059f08
[0xf] fcloseAtomic returning 0
[0xf] fopenAtomic(/LF/Bulk/Data/Local/2/PAD2-0x1F1E0002-100000/UIData.json) returning 0x00059f08
[0xf] fcloseAtomic returning 0
trace:  ----------UIData::isAnyProfilePresent----------
trace:  ------------TabsTransition::TabsTransition---------------
trace:  _bgToShow = undefined
trace:  _bgToHide = undefined
trace:  ----------StateMachine::PushState----------- SignIn.swf
[0x200] SystemPlugin::GetPetResourcesPath(): /LF/Base/PetResources/
trace:  creating /tmp/ui_ready flag
trace:  ########################## setting flag ###### 0
trace:  ----------State::GrabStateData----------
[0x200] SystemPlugin::GetLocaleCode(): en-us
trace:  cuuLocaleCode = en-us
trace:  _language_code = en
trace:  country_code = us
trace:  ----------StateMachine::_mcListener.onLoadInit( _level0.mcContent.SignIn_mc )----------
trace:  ------------TabsTransition::Init---------------
trace:  ------------TabsTransition::Update-------------- 0
trace:  _animRefNext._tabWaitForLoad = undefined
trace:   .... animating next ....upper -39 lower 467
trace:  ------------TabsTransition::Update-------------- 0
trace:  _animRefNext._tabWaitForLoad = undefined
trace:   .... animating next ....upper -26 lower 454
trace:  ------------TabsTransition::Update-------------- 0
trace:  _animRefNext._tabWaitForLoad = undefined
trace:   .... animating next ....upper -13 lower 441
trace:  ------------TabsTransition::Update-------------- 0
trace:  _animRefNext._tabWaitForLoad = undefined
trace:   .... animating next ....upper 0 lower 428
trace:   ... done animating next, done with transition
trace:  ------------TabsTransition::Update-------------- 6
trace:  ------------TabsTransition::Update-------------- 5
trace:  ------------TabsTransition::Update-------------- 4
trace:  ------------TabsTransition::Update-------------- 3
trace:  ------------TabsTransition::Update-------------- 2
trace:  ------------TabsTransition::Update-------------- 1
trace:  ----------main::ChangeBackground----------/LF/Base//LpadAssets/Art/UI_StandardBackground.swf
trace:  --------SoundManager::StopSequence-----
trace:  _sequenceSound = [object Object]
trace:  _sequenceIntervalId = undefined
trace:  --------SoundManager::ClearEndOfSeqCallback-----
trace:  BG Main Theme Loaded in ChangeBackground
trace:  -----Callback.PrintDebugInfo-----
trace:       _cbFunc:  [type Function]
trace:       _cbScope: _level0.mcContent.SignIn_mc.main_mc
trace:       _cbArgs:  _level0.mcContent.SignIn_mc.main_mc._0
trace:  --------SoundManager::StopSequence-----
trace:  _sequenceSound = [object Object]
trace:  _sequenceIntervalId = undefined
trace:  --------SoundManager::ClearEndOfSeqCallback-----
[0xf] fopenAtomic(/LF/Bulk/settings.cfg) returning 0x00067438
[0xf] fcloseAtomic returning 0
[0x200] SystemPlugin::setCurrentPlayerID( 0 )
trace:  ----------main::DeleteAllPageBitmaps----------
trace:  ------------TabsTransition::TabsTransition---------------
trace:  _bgToShow = null
trace:  _bgToHide = _signInBG
trace:  ----------StateMachine::ReplaceTopState----------- HomePicker.swf
trace:  _currState._container = _level0.mcContent.SignIn_mc
trace:  movieclip = _level0.mcContent.HomePicker_mc
trace:  ----------HomePickerState::HomePickerState----------
trace:  ----------UIPetLPAD::UIPetLPAD----------
[0x200] SystemPlugin::GetLocaleCode(): en-us
[0x200] SystemPlugin::IsLFPlatform(): true
[0x200] SystemPlugin::GetLocaleCode(): en-us
[0x200] SystemPlugin::IsLFPlatform(): true
trace:  --------BaseImageButton::BaseImageButton-----_level0.mcContent.HomePicker_mc._upperTab._userImageBtn
trace:  --------BaseOnPressButton::BaseOnPressButton-----
trace:  --------BaseTextButton::BaseTextButton-----
trace:  ----------StateMachine::_mcListener.onLoadInit( _level0.mcContent.HomePicker_mc )----------
trace:  ------------TabsTransition::Init---------------
trace:   _incrementUpper : 52
trace:   _incrementLower : 52
trace:  ----------UIData::LogIn----------
[0xf] fopenAtomic(/LF/Bulk/settings.cfg) returning 0x00066430
[0xf] fcloseAtomic returning 0
[0x200] SystemPlugin::setCurrentPlayerID( 0 )
trace:  ################################
trace:   playerId = 0
trace:   _currProfileID = 0
trace:   _currThemePath = /LF/Bulk/Downloads/PADS-0x1F1E0002-200002/UI_Coast.swf
trace:  ################################
trace:  ----------main::ChangeBackground----------/LF/Bulk/Downloads/PADS-0x1F1E0002-200002/UI_Coast.swf
[0xf] fopenAtomic(/LF/Bulk/Data/Local/0/./profile.dsc) returning 0x00067930
[0xf] fcloseAtomic returning 0
[0x200] Setting Current Profile to 0
trace:  ----------HomePickerState::PreEnter----------
trace:  ----------State::GrabStateData----------
[0x200] SystemPlugin::GetLocaleCode(): en-us
trace:  cuuLocaleCode = en-us
trace:  _language_code = en
trace:  country_code = us
trace:  --------BaseTextButton::SetTextField----- Ghb
trace:  WARNING: Player profile picture load failed!
trace:  ----------HomePickerState::OnUserImageLoad----------
trace:  ----------HomePickerState::SetCartStatus---------- 0
trace:  ----------HomePickerState::GetAllIcons----------
[0x200] SystemPlugin::getProgramFileApps - Valencia - getting ready to sort
[0x200] SystemPlugin::getProgramFileApps - Valencia - sort file exists /LF/Bulk/Data/Local/0/PAD2-0x1F1E0002-100000/ProgramFileAppOrder.json
trace:  ----------HomePickerState::AdjustStatusbar----------
trace:  ----------HomePickerState::StartPowerListener----------
[0x6] AddListener: added listener 0xaafd8, total number 4
trace:  ------------TabsTransition::Update-------------- 0
trace:   .... animating prev ... 
trace:  MODE_LOAD_ICONS 
trace:  ----------HomePickerState::ManageIconLoading----------
trace:  ----------HomePickerState::ChangeCartIconData----------
trace:  ----------HomePickerState::GoToFirstPage----------
trace:  ----------HomePickerState::ChangeCartIconImage----------
trace:  ----------HomePickerState::GetCategoryColorFieldName----------
trace:  ----------HomePickerState::SetCategoryLabelFieldName----------icon0
trace:  ----------HomePickerState::SetIconLabelText----------icon0
trace:  ----------HomePickerState::LoadIconImage----------icon0
trace:  ------------TabsTransition::Update-------------- 0
trace:   .... animating prev ... 
trace:  MODE_LOAD_ICONS 
trace:  ----------HomePickerState::ManageIconLoading----------
trace:  ----------HomePickerState::GetCategoryColorFieldName----------
trace:  ----------HomePickerState::LoadIconData----------icon1
trace:  ----------HomePickerState::SetCategoryLabelFieldName----------icon1
trace:  ----------HomePickerState::SetIconLabelText----------icon1
trace:  ----------HomePickerState::LoadIconImage----------icon1
trace:  ------------TabsTransition::Update-------------- 0
trace:   .... animating prev ... 
trace:  BG Main Theme Loaded in ChangeBackground
trace:  MODE_LOAD_ICONS 
trace:  ----------HomePickerState::ManageIconLoading----------
trace:  ----------HomePickerState::GetCategoryColorFieldName----------
trace:  ----------HomePickerState::LoadIconData----------icon2
trace:  ----------HomePickerState::SetCategoryLabelFieldName----------icon2
trace:  ----------HomePickerState::SetIconLabelText----------icon2
trace:  ----------HomePickerState::LoadIconImage----------icon2
trace:  ------------TabsTransition::Update-------------- 0
trace:   .... animating prev ... 
trace:   ... done animating previous, now start animating next
trace:  MODE_LOAD_ICONS 
trace:  ----------HomePickerState::ManageIconLoading----------
trace:  ----------HomePickerState::GetCategoryColorFieldName----------
trace:  ----------HomePickerState::LoadIconData----------icon3
trace:  ----------HomePickerState::SetCategoryLabelFieldName----------icon3
trace:  ----------HomePickerState::SetIconLabelText----------icon3
trace:  ----------HomePickerState::LoadIconImage----------icon3
trace:  ------------TabsTransition::Update-------------- 12
trace:  MODE_LOAD_ICONS 
trace:  ----------HomePickerState::ManageIconLoading----------
trace:  ----------HomePickerState::GetCategoryColorFieldName----------
trace:  ----------HomePickerState::LoadIconData----------icon4
[0x200] SystemPlugin::getProgramFileApps - Valencia - getting ready to sort
[0x200] SystemPlugin::getProgramFileApps - Valencia - sort file exists /LF/Bulk/Data/Local/0/PAD2-0x1F1E0002-100000/ProgramFileAppOrder.json
trace:  ----------HomePickerState::SetCategoryLabelFieldName----------icon4
trace:  ----------HomePickerState::SetIconLabelText----------icon4
trace:  ----------HomePickerState::LoadIconImage----------icon4
trace:  ------------TabsTransition::Update-------------- 11
trace:  MAKING CART BITMAPS
trace:  ----------HomePickerState::MakeIconHighlightBitmap----------icon0
trace:  ----------HomePickerState::MakeIconBitmap----------icon0
trace:  MODE_LOAD_ICONS 
trace:  ----------HomePickerState::ManageIconLoading----------
trace:  ----------HomePickerState::GetCategoryColorFieldName----------
trace:  ----------HomePickerState::LoadIconData----------icon5
trace:  ----------HomePickerState::SetCategoryLabelFieldName----------icon5
trace:  ----------HomePickerState::SetIconLabelText----------icon5
trace:  ----------HomePickerState::LoadIconImage----------icon5
trace:  ------------TabsTransition::Update-------------- 10
trace:  MODE_LOAD_ICONS 
trace:  ----------HomePickerState::ManageIconLoading----------
trace:  ----------HomePickerState::GetCategoryColorFieldName----------
trace:  ----------HomePickerState::LoadIconData----------icon6
trace:  ----------HomePickerState::SetCategoryLabelFieldName----------icon6
trace:  ----------HomePickerState::SetIconLabelText----------icon6
trace:  ----------HomePickerState::LoadIconImage----------icon6
trace:  ------------TabsTransition::Update-------------- 9
trace:  MODE_LOAD_ICONS 
trace:  ----------HomePickerState::ManageIconLoading----------
trace:  ----------HomePickerState::GetCategoryColorFieldName----------
trace:  ----------HomePickerState::LoadIconData----------icon7
trace:  ----------HomePickerState::SetCategoryLabelFieldName----------icon7
trace:  ----------HomePickerState::SetIconLabelText----------icon7
trace:  ----------HomePickerState::LoadIconImage----------icon7
trace:  ------------TabsTransition::Update-------------- 8
trace:  MODE_LOAD_ICONS 
trace:  ----------HomePickerState::ManageIconLoading----------
trace:  ----------HomePickerState::GetCategoryColorFieldName----------
trace:  ----------HomePickerState::LoadIconData----------icon8
trace:  ----------HomePickerState::SetCategoryLabelFieldName----------icon8
trace:  ----------HomePickerState::SetIconLabelText----------icon8
trace:  ----------HomePickerState::LoadIconImage----------icon8
trace:  ------------TabsTransition::Update-------------- 7
trace:  MODE_LOAD_ICONS 
trace:  ----------HomePickerState::ManageIconLoading----------
trace:  ----------HomePickerState::GetCategoryColorFieldName----------
trace:  ----------HomePickerState::LoadIconData----------icon9
trace:  ----------HomePickerState::SetCategoryLabelFieldName----------icon9
trace:  ----------HomePickerState::SetIconLabelText----------icon9
trace:  ----------HomePickerState::LoadIconImage----------icon9
trace:  ------------TabsTransition::Update-------------- 6
trace:  MODE_LOAD_ICONS 
trace:  ----------HomePickerState::ManageIconLoading----------
trace:  ----------HomePickerState::GetCategoryColorFieldName----------
trace:  ----------HomePickerState::LoadIconData----------icon10
trace:  ----------HomePickerState::SetCategoryLabelFieldName----------icon10
trace:  ----------HomePickerState::SetIconLabelText----------icon10
trace:  ----------HomePickerState::LoadIconImage----------icon10
trace:  ------------TabsTransition::Update-------------- 5
trace:  MODE_LOAD_ICONS 
trace:  ----------HomePickerState::ManageIconLoading----------
trace:  ----------HomePickerState::GetCategoryColorFieldName----------
trace:  ----------HomePickerState::LoadIconData----------icon11
trace:  ----------HomePickerState::SetCategoryLabelFieldName----------icon11
trace:  ----------HomePickerState::SetIconLabelText----------icon11
trace:  ----------HomePickerState::LoadIconImage----------icon11
trace:  ------------TabsTransition::Update-------------- 4
trace:  MODE_LOAD_ICONS 
trace:  ----------HomePickerState::ManageIconLoading----------
trace:  ----------HomePickerState::GetCategoryColorFieldName----------
trace:  ----------HomePickerState::LoadIconData----------icon12
trace:  ----------HomePickerState::SetCategoryLabelFieldName----------icon12
trace:  ----------HomePickerState::SetIconLabelText----------icon12
trace:  ----------HomePickerState::LoadIconImage----------icon12
trace:  ------------TabsTransition::Update-------------- 3
trace:  MODE_LOAD_ICONS 
trace:  ----------HomePickerState::ManageIconLoading----------
trace:  ----------HomePickerState::GetCategoryColorFieldName----------
trace:  ----------HomePickerState::LoadIconData----------icon13
trace:  ----------HomePickerState::SetCategoryLabelFieldName----------icon13
trace:  ----------HomePickerState::SetIconLabelText----------icon13
trace:  ----------HomePickerState::LoadIconImage----------icon13
trace:  ------------TabsTransition::Update-------------- 2
trace:  MODE_LOAD_ICONS 
trace:  ----------HomePickerState::ManageIconLoading----------
trace:  ----------HomePickerState::GetCategoryColorFieldName----------
trace:  ----------HomePickerState::LoadIconData----------icon14
trace:  ----------HomePickerState::SetCategoryLabelFieldName----------icon14
trace:  ----------HomePickerState::SetIconLabelText----------icon14
trace:  ----------HomePickerState::LoadIconImage----------icon14
trace:  ------------TabsTransition::Update-------------- 1
trace:  waiting for load of the image
trace:  MODE_LOAD_ICONS 
trace:  ----------HomePickerState::ManageIconLoading----------
trace:  ----------HomePickerState::GetCategoryColorFieldName----------
trace:  ----------HomePickerState::LoadIconData----------icon15
trace:  ----------HomePickerState::SetCategoryLabelFieldName----------icon15
trace:  ----------HomePickerState::SetIconLabelText----------icon15
trace:  ----------HomePickerState::LoadIconImage----------icon15
trace:  ------------TabsTransition::Update-------------- 0
trace:  waiting for load of the image
trace:  MODE_LOAD_ICONS 
trace:  ----------HomePickerState::ManageIconLoading----------
trace:  ------------TabsTransition::Update-------------- 0
trace:  waiting for load of the image
trace:  MODE_LOAD_ICONS 
trace:  ----------HomePickerState::ManageIconLoading----------
trace:  ------------TabsTransition::Update-------------- 0
trace:  waiting for load of the image
trace:  MODE_LOAD_ICONS 
trace:  ----------HomePickerState::ManageIconLoading----------
trace:  ------------TabsTransition::Update-------------- 0
trace:  waiting for load of the image
trace:  ------------TabsTransition::Update-------------- 0
trace:  _animRefNext._tabWaitForLoad = false
trace:   .... animating next ....upper -63.1125 lower 467
trace:  ------------TabsTransition::Update-------------- 0
trace:  _animRefNext._tabWaitForLoad = false
trace:   .... animating next ....upper -40.2625 lower 454
trace:  ------------TabsTransition::Update-------------- 0
trace:  _animRefNext._tabWaitForLoad = false
trace:   .... animating next ....upper -17.4125 lower 441
trace:  ------------TabsTransition::Update-------------- 0
trace:  _animRefNext._tabWaitForLoad = false
trace:   .... animating next ....upper 5.4375 lower 428
trace:   ... done animating next, done with transition
trace:  ------------TabsTransition::Update-------------- 6
trace:  ------------TabsTransition::Update-------------- 5
trace:  ------------TabsTransition::Update-------------- 4
trace:  ------------TabsTransition::Update-------------- 3
trace:  ------------TabsTransition::Update-------------- 2
trace:  ------------TabsTransition::Update-------------- 1
trace:  ----------HomePickerState::Enter----------
trace:  ----------HomePickerState::ActivateButtons----------
trace:  ----------HomePickerState::CheckForConnectNag----------
trace:  MODE_LOAD_ICON_HIGHLIGHT_BITMAPS 
trace:  ----------HomePickerState::ManageIconHighlightBitmapLoading----------
trace:  MODE_LOAD_ICON_HIGHLIGHT_BITMAPS 
trace:  ----------HomePickerState::ManageIconHighlightBitmapLoading----------
trace:  ----------HomePickerState::MakeIconHighlightBitmap----------icon1
trace:  MODE_LOAD_ICON_HIGHLIGHT_BITMAPS 
trace:  ----------HomePickerState::ManageIconHighlightBitmapLoading----------
trace:  ----------HomePickerState::MakeIconHighlightBitmap----------icon2
trace:  MODE_LOAD_ICON_HIGHLIGHT_BITMAPS 
trace:  ----------HomePickerState::ManageIconHighlightBitmapLoading----------
trace:  ----------HomePickerState::MakeIconHighlightBitmap----------icon3
trace:  MODE_LOAD_ICON_HIGHLIGHT_BITMAPS 
trace:  ----------HomePickerState::ManageIconHighlightBitmapLoading----------
trace:  ----------HomePickerState::MakeIconHighlightBitmap----------icon4
trace:  MODE_LOAD_ICON_HIGHLIGHT_BITMAPS 
trace:  ----------HomePickerState::ManageIconHighlightBitmapLoading----------
trace:  ----------HomePickerState::MakeIconHighlightBitmap----------icon5
trace:  MODE_LOAD_ICON_HIGHLIGHT_BITMAPS 
trace:  ----------HomePickerState::ManageIconHighlightBitmapLoading----------
trace:  ----------HomePickerState::MakeIconHighlightBitmap----------icon6
trace:  MODE_LOAD_ICON_HIGHLIGHT_BITMAPS 
trace:  ----------HomePickerState::ManageIconHighlightBitmapLoading----------
trace:  ----------HomePickerState::MakeIconHighlightBitmap----------icon7
trace:  MODE_LOAD_ICON_HIGHLIGHT_BITMAPS 
trace:  ----------HomePickerState::ManageIconHighlightBitmapLoading----------
trace:  ----------HomePickerState::MakeIconHighlightBitmap----------icon8
trace:  MODE_LOAD_ICON_HIGHLIGHT_BITMAPS 
trace:  ----------HomePickerState::ManageIconHighlightBitmapLoading----------
trace:  MODE_LOAD_ICON_BITMAPS 
trace:  ----------HomePickerState::ManageIconBitmapLoading----------
trace:  MODE_LOAD_ICON_BITMAPS 
trace:  ----------HomePickerState::ManageIconBitmapLoading----------
trace:  ----------HomePickerState::MakeIconBitmap----------icon1
trace:  MODE_LOAD_ICON_BITMAPS 
trace:  ----------HomePickerState::ManageIconBitmapLoading----------
trace:  ----------HomePickerState::MakeIconBitmap----------icon2
trace:  MODE_LOAD_ICON_BITMAPS 
trace:  ----------HomePickerState::ManageIconBitmapLoading----------
trace:  ----------HomePickerState::MakeIconBitmap----------icon3
trace:  MODE_LOAD_ICON_BITMAPS 
trace:  ----------HomePickerState::ManageIconBitmapLoading----------
trace:  ----------HomePickerState::MakeIconBitmap----------icon4
trace:  MODE_LOAD_ICON_BITMAPS 
trace:  ----------HomePickerState::ManageIconBitmapLoading----------
trace:  ----------HomePickerState::MakeIconBitmap----------icon5
trace:  MODE_LOAD_ICON_BITMAPS 
trace:  ----------HomePickerState::ManageIconBitmapLoading----------
trace:  ----------HomePickerState::MakeIconBitmap----------icon6
trace:  MODE_LOAD_ICON_BITMAPS 
trace:  ----------HomePickerState::ManageIconBitmapLoading----------
trace:  ----------HomePickerState::MakeIconBitmap----------icon7
trace:  MODE_LOAD_ICON_BITMAPS 
trace:  ----------HomePickerState::ManageIconBitmapLoading----------
trace:  ----------HomePickerState::MakeIconBitmap----------icon8
trace:  MODE_LOAD_ICON_BITMAPS 
trace:  ----------HomePickerState::ManageIconBitmapLoading----------
trace:  MODE_BITMAP_BACKGROUND 
trace:  ----------HomePickerState::ManageBackgroundBitmapping----------
trace:  ----------HomePickerState::MakeUpperTabBitmap----------
trace:  ----------HomePickerState::CheckIfCurrentPageIsLoaded----------
trace:  ----------HomePickerState::EnableButtons----------
[0x200] SystemPlugin::ResetTouchscreenSampleRate(): false
trace:  ----------HomePickerState::EnableArrows----------
[0x200] SystemPlugin::ResetTouchscreenSampleRate(): false
trace:  MODE_BITMAP_BACKGROUND 
trace:  ----------HomePickerState::ManageBackgroundBitmapping----------
trace:  ----------SoundManager::StopMusic----------
trace:  ----------SoundManager::PlayMusic----------
trace:  MODE_INITIALIZE_PET 
trace:  ----------HomePickerState::ManagePetInitialization----------
trace:  ----------HomePickerState::InitializePet----------
trace:  ----------UIPetLPAD::LoadPet----------
trace:  ----------LF.LPAD.Pet.com.frimastudio.emerald.utils.SaveManager::ReadSavedData----------
trace:  About to AddAvatar
trace:  
READ SCRIPT
trace:  READ SCRIPT DONE

trace:  ----------PetAccelerometerManager::PetAccelerometerManager----------
[0x200] AccelerometerPlugin::setAccelerometerRate, rate = 10
trace:  ----------PetAccelerometerManager::Deactivate----------
[0x6] RemoveListener: could not find listener 0x45863530, total number 4
trace:  ----------PetAccelerometerManager::Init----------
trace:  mAvatar._name = _UIPetLPAD
trace:  mIsActive = true
trace:  ----------UIPetLPAD::ChangeStateToJumpIn----------
trace:  ----------UIPetLPAD::ResumePet----------
trace:  ----------PetAccelerometerManager::Activate----------
[0x6] AddListener: added listener 0x45863530, total number 5
trace:  MODE_PLAY_INITIAL_AUDIO_PROMPTS 
trace:  ----------HomePickerState::PlayInitialAudioPrompts----------
trace:  ----------IdlePrompts::GetInstance----------
trace:  ----------IdlePrompts::IdlePrompts----------
trace:  ----------IdlePrompts::PullData----------
trace:  ----------IdlePrompts::SetAllPrompts----------
trace:  ----------IdlePrompts::StartPromptTimer----------
trace:  MODE_JUMP_PET_IN 
trace:  ----------HomePickerState::ManagePetJumpingIn----------
trace:  ----------UIPetLPAD::SuspendPet----------
trace:  ----------PetAccelerometerManager::Deactivate----------
[0x6] RemoveListener: removed listener 0x45863530, total number 4
trace:  MODE_LOAD_ICONS 
trace:  ----------HomePickerState::ManageIconLoading----------
trace:  MODE_LOAD_ICON_HIGHLIGHT_BITMAPS 
trace:  ----------HomePickerState::ManageIconHighlightBitmapLoading----------
trace:  ----------HomePickerState::MakeIconHighlightBitmap----------icon9
trace:  MODE_LOAD_ICON_HIGHLIGHT_BITMAPS 
trace:  ----------HomePickerState::ManageIconHighlightBitmapLoading----------
trace:  ----------HomePickerState::MakeIconHighlightBitmap----------icon10
trace:  MODE_LOAD_ICON_HIGHLIGHT_BITMAPS 
trace:  ----------HomePickerState::ManageIconHighlightBitmapLoading----------
trace:  ----------HomePickerState::MakeIconHighlightBitmap----------icon11
trace:  MODE_LOAD_ICON_HIGHLIGHT_BITMAPS 
trace:  ----------HomePickerState::ManageIconHighlightBitmapLoading----------
trace:  ----------HomePickerState::MakeIconHighlightBitmap----------icon12
trace:  MODE_LOAD_ICON_HIGHLIGHT_BITMAPS 
trace:  ----------HomePickerState::ManageIconHighlightBitmapLoading----------
trace:  ----------HomePickerState::MakeIconHighlightBitmap----------icon13
trace:  MODE_LOAD_ICON_HIGHLIGHT_BITMAPS 
trace:  ----------HomePickerState::ManageIconHighlightBitmapLoading----------
trace:  ----------HomePickerState::MakeIconHighlightBitmap----------icon14
trace:  MODE_LOAD_ICON_HIGHLIGHT_BITMAPS 
trace:  ----------HomePickerState::ManageIconHighlightBitmapLoading----------
trace:  ----------HomePickerState::MakeIconHighlightBitmap----------icon15
trace:  MODE_LOAD_ICON_HIGHLIGHT_BITMAPS 
trace:  ----------HomePickerState::ManageIconHighlightBitmapLoading----------
trace:  MODE_LOAD_ICON_BITMAPS 
trace:  ----------HomePickerState::ManageIconBitmapLoading----------
trace:  ----------HomePickerState::MakeIconBitmap----------icon9
trace:  MODE_LOAD_ICON_BITMAPS 
trace:  ----------HomePickerState::ManageIconBitmapLoading----------
trace:  ----------HomePickerState::MakeIconBitmap----------icon10
trace:  MODE_LOAD_ICON_BITMAPS 
trace:  ----------HomePickerState::ManageIconBitmapLoading----------
trace:  ----------HomePickerState::MakeIconBitmap----------icon11
trace:  MODE_LOAD_ICON_BITMAPS 
trace:  ----------HomePickerState::ManageIconBitmapLoading----------
trace:  ----------HomePickerState::MakeIconBitmap----------icon12
trace:  MODE_LOAD_ICON_BITMAPS 
trace:  ----------HomePickerState::ManageIconBitmapLoading----------
trace:  ----------HomePickerState::MakeIconBitmap----------icon13
trace:  MODE_LOAD_ICON_BITMAPS 
trace:  ----------HomePickerState::ManageIconBitmapLoading----------
trace:  ----------HomePickerState::MakeIconBitmap----------icon14
trace:  MODE_LOAD_ICON_BITMAPS 
trace:  ----------HomePickerState::ManageIconBitmapLoading----------
trace:  ----------HomePickerState::MakeIconBitmap----------icon15
trace:  MODE_LOAD_ICON_BITMAPS 
trace:  ----------HomePickerState::ManageIconBitmapLoading----------
trace:  MODE_BITMAP_BACKGROUND 
trace:  ----------HomePickerState::ManageBackgroundBitmapping----------
trace:  MODE_INITIALIZE_PET 
trace:  ----------HomePickerState::ManagePetInitialization----------
trace:  MODE_RESUME_PET 
trace:  ----------HomePickerState::ManagePetResume----------
trace:  ----------UIPetLPAD::ResumePet----------
trace:  ----------PetAccelerometerManager::Activate----------
[0x6] AddListener: added listener 0x45863530, total number 5
trace:  ----------UIPetLPAD::EnableButtons----------
trace:  ----------IdlePrompts::PlayPrompt----------
trace:  ----------IdlePrompts::GetNextPromptToPlay----------Home_Idle_Badge
trace:  profile.GetBadges() and _global._uiData._currProfileUIData.BadgeNumber 11 and 11
trace:  ----------IdlePrompts::PlaySubsequentPrompt----------rightAway = true
trace:  ----------IdlePrompts::PlayPrompt----------
trace:  ----------IdlePrompts::GetNextPromptToPlay----------Home_Idle_Connect
trace:  _profile.GetBadges() and _global._uiData._currProfileUIData.BadgeNumber 11 and 11
[0x200] AppManagerPlugin::isBaseAppRelaunch, FALSE
trace:  ----------IdlePrompts::PlaySubsequentPrompt----------rightAway = true
trace:  ----------IdlePrompts::PlayPrompt----------
trace:  ----------IdlePrompts::GetNextPromptToPlay----------Home_Idle_nav
trace:  _mainPicker._numPages = 2
trace:  --------SoundManager::PlaySequence-----
trace:  --------SoundManager::StopSequence-----
trace:  _sequenceSound = [object Object]
trace:  _sequenceIntervalId = undefined
trace:  --------SoundManager::ClearEndOfSeqCallback-----
trace:  loadSound : sound = /LF/Base/LpadAssets_en/Audio/LPAD_BN0041.mp3
trace:  --------SoundManager::HandleLoad-----
trace:  --------SoundManager::HandleSequence-----
trace:  ----------SoundManager::onSequenceDelay----------
trace:  --------SoundManager::DoEndOfSeqCallback-----[object Object]
trace:  -----Callback.PrintDebugInfo-----
trace:       _cbFunc:  [type Function]
trace:       _cbScope: [object Object]
trace:       _cbArgs:  false
trace:  ----------IdlePrompts::PlaySubsequentPrompt----------rightAway = false
trace:  --------SoundManager::ClearEndOfSeqCallback-----
Adventure Sketchers (USA).tar:
trace:  ----------HomePickerState::ProcessMouseDown----------
trace:  ----------BaseIconButton::onPress()---------- icon7
trace:  ----------HomePickerState::ProcessIconOnPress----------
trace:  game_info._title = SpongeBob SquarePants:
The Clam Prix
trace:  ----------HomePickerState::ProcessMouseUp----------
trace:  ----------BaseIconButton::onRelease()---------- icon7
trace:  ----------HomePickerState::ProcessIconOnRelease----------
trace:  ----------HomePickerState::DisableButtons----------
[0x200] SystemPlugin::SetTouchscreenSampleRate( 1 ): false
trace:  ----------HomePickerState::DisableArrows----------
trace:  ----------UIPetLPAD::SuspendPet----------
trace:  ----------PetAccelerometerManager::Deactivate----------
[0x6] RemoveListener: removed listener 0x45863530, total number 4
trace:  ----------HomePickerState::PausePrompts----------
trace:  ----------IdlePrompts::PausePrompts----------
trace:  ----------IdlePrompts::SavePromptData----------
trace:  --------SoundManager::StopSequence-----
trace:  _sequenceSound = [object Object]
trace:  _sequenceIntervalId = 7
trace:  --------SoundManager::ClearEndOfSeqCallback-----
trace:  -----Callback.PrintDebugInfo-----
trace:       _cbFunc:  [type Function]
trace:       _cbScope: _level0.mcContent.HomePicker_mc.main_mc
trace:       _cbArgs:  [object Object]
trace:  ----------HomePickerState::PlayAppGameInfoSound----------
trace:  ----------HomePickerState::LaunchApp----------
trace:  ----------SoundManager::StopMusic----------
trace:  ------------TabsTransition::TabsTransition---------------
trace:  _bgToShow = undefined
trace:  _bgToHide = undefined
trace:  ----------StateMachine::ReplaceTopState----------- LaunchApp.swf
trace:  _currState._container = _level0.mcContent.HomePicker_mc
trace:  movieclip = _level0.mcContent.LaunchApp_mc
[0x6] RemoveListener: could not find listener 0x45863a1c, total number 4
trace:  ----------HomePickerState::ProcessMouseDown----------
trace:  ----------HomePickerState::ProcessMouseUp----------
trace:  ----------StateMachine::_mcListener.onLoadInit( _level0.mcContent.LaunchApp_mc )----------
trace:  ------------TabsTransition::Init---------------
trace:   _incrementUpper : 97.55
trace:   _incrementLower : 52
trace:  ----------HomePickerState::Exit----------
trace:  ----------HomePickerState::ClearIconBitmaps----------
trace:  ----------HomePickerState::ClearUpperTabBitmap----------
[0x6] RemoveListener: removed listener 0xaafd8, total number 3
[0x6] RemoveListener: could not find listener 0xaafd8, total number 3
trace:  ----------HomePickerState::PausePrompts----------
trace:  ----------IdlePrompts::PausePrompts----------
trace:  ----------IdlePrompts::SavePromptData----------
trace:  --------SoundManager::StopSequence-----
trace:  _sequenceSound = [object Object]
trace:  _sequenceIntervalId = 7
trace:  --------SoundManager::ClearEndOfSeqCallback-----
trace:  ----------SoundManager::FadeOutMusic----------
trace:  _music.position = 14942
trace:  ----------UIPetLPAD::RemovePet----------
trace:  ----------UIPetLPAD::Dispose----------
trace:  ----------PetAccelerometerManager::Dispose----------
[0x6] RemoveListener: could not find listener 0x45863530, total number 3
trace:  ----------UIPetLPAD::Exit----------
[0x200] SystemPlugin::ResetTouchscreenSampleRate(): false
trace:  ------------TabsTransition::Update-------------- 0
trace:   .... animating prev ... 
trace:  ------------TabsTransition::Update-------------- 0
trace:   .... animating prev ... 
trace:  ------------TabsTransition::Update-------------- 0
trace:   .... animating prev ... 
trace:  ------------TabsTransition::Update-------------- 0
trace:   .... animating prev ... 
trace:   ... done animating previous, now start animating next
trace:  ------------TabsTransition::Update-------------- 12
trace:  ------------TabsTransition::Update-------------- 11
trace:  ------------TabsTransition::Update-------------- 10
trace:  ------------TabsTransition::Update-------------- 9
trace:  ------------TabsTransition::Update-------------- 8
trace:  ------------TabsTransition::Update-------------- 7
trace:  ------------TabsTransition::Update-------------- 6
trace:  ------------TabsTransition::Update-------------- 5
trace:  ------------TabsTransition::Update-------------- 4
trace:  ------------TabsTransition::Update-------------- 3
trace:  ------------TabsTransition::Update-------------- 2
trace:  ------------TabsTransition::Update-------------- 1
trace:  _animRefNext._tabWaitForLoad = undefined
trace:   .... animating next ....upper NaN lower NaN
trace:   ... done animating next, done with transition
trace:  ------------TabsTransition::Update-------------- 6
trace:  ------------TabsTransition::Update-------------- 5
trace:  ------------TabsTransition::Update-------------- 4
trace:  ------------TabsTransition::Update-------------- 3
trace:  ------------TabsTransition::Update-------------- 2
trace:  ------------TabsTransition::Update-------------- 1
[0x200] SystemPlugin::SetDidjLegacyFlag( 0 )
[0x280] ReplaceTopApp: 1 DATA IS  NULL ..... 
[0x280] LoadNewApp path = /LF/Bulk/ProgramFiles/LST3-0x00180025-000000/App.so
[0x280] LoadNewApp: before; /LF/Bulk/ProgramFiles/LST3-0x00180025-000000/App.so; 1706; 1208244
  Application  MULT-0x0023000A-000000     Adventure Sketchers
      needs: LST3-0x00170030-000001
  Download     MULT-0x0022000A-000405     PatchLibs

installed into /home/bubbles/Documents/Projects/leappad-emu/runtime/sysroot/LF/Bulk
[0x280] LoadNewApp: after ; /LF/Bulk/ProgramFiles/LST3-0x00180025-000000/App.so; 1812; 1244320
[0x280] LoadNewApp: loading ViewFrame /LF/Base//EmeraldTitles/LST3-0x00180025-000000/ViewFrame.json
[0x280] mCurrentTransition = kReplaceTopApp !
[0x280] CAppManager::ExitPopUnloadApp()
trace:  ------------TabsTransition::TabsTransition---------------
trace:  _bgToShow = undefined
trace:  _bgToHide = undefined
trace:  ----------StateMachine::ReplaceTopState----------- HomePicker.swf
trace:  _currState._container = _level0.mcContent.LaunchApp_mc
trace:  movieclip = _level0.mcContent.HomePicker_mc
[0x6] RemoveListener: could not find listener 0x45863a1c, total number 3
[0x6] RemoveListener: could not find listener 0x45863530, total number 3
[0x6] RemoveListener: removed listener 0x44c0c, total number 2
[0x6] RemoveListener: removed listener 0x44bc8, total number 1
[0x5] UnRegisterLayer: 0x44f18: 480x272 (1920) @ 0x8217e800
[0x5] DestroyHandle: 0x44f18: 480x272 (1920) @ 0x8217e800
[0x5] UnRegisterLayer: 0x44f18: 480x272 (1920) @ 0x8217e800
[0x5] DeAllocBuffer: remove offset 0017E800, length 0007F800
[0x5] UnRegisterLayer: 0x44f90: 480x272 (1920) @ 0x455cd008
[0x5] DestroyHandle: 0x44f90: 480x272 (1920) @ 0x455cd008
[0x5] UnRegisterLayer: 0x44f90: 480x272 (1920) @ 0x455cd008
[0x6] RemoveListener: could not find listener 0x44ea8, total number 1
MPCriticalSection::~MPCriticalSection() error 22
[0x6] RemoveListener: could not find listener 0x44c0c, total number 1
[0x6] RemoveListener: could not find listener 0x44bc8, total number 1
[0x280] ExitPopUnloadApp: before; /LF/Base/LPAD/; 1943; 1247104
[0x280] ExitPopUnloadApp: before UnloadModule /LF/Base/LPAD/
[0x280] ExitPopUnloadApp: module unloaded 108352
[0x280] ExitPopUnloadApp: after ; /LF/Base/LPAD/; 1949; 1254176
[0x280] ExitPopUnloadApp: OGL context still active after unloading
[0x280] ExitPopUnloadApp: aborting all Atomic I/O with fabortAllAtomic
[0xf] fabortAllAtomic: aborted 0 files
[0x280] CGameViewFrame::Enter
[0x0] DaemonControl socket connect failed ret=-1
[0x6] AddListener: added listener 0xb6fc0, total number 2
current path is /home/bubbles/Documents/Projects/leappad-emu/runtime/sysroot
set current path to /home/bubbles/Documents/Projects/leappad-emu/runtime/sysroot/LF/Bulk/ProgramFiles/LST3-0x00180025-000000
[0x5] CreateHandle: 0xab038: 320x240 (1920) @ 0x82400000
[0x5] RegisterLayer: 0xab038: 320x240 (1920) @ 0x82400000
[0x5] SetWindowPosition: 0xab038: 0,0 .. 320,240
[0x5] SetWindowPosition: 0xab038: 0,0 .. 320,240
[0x5] eglInitialize()
[0x5] eglInitialize(): success = 1, version = 1.4
[0x5] OpenGL ES vendor = Tadpole
[0x5] OpenGL ES version = 1.4 Tadpole
[0x5] OpenGL ES extensions = 
[0x5] eglChooseConfig()
[0x5] eglCreateWindowSurface()
[0x5] eglCreateContext()
[0x5] eglMakeCurrent()
[0x5] eglSwapBuffers()
[0x5] RegisterLayer: 0xab038: 320x240 (1920) @ 0x82400000
[0x5] SetWindowPosition: 0xab038: 0,0 .. 320,240
[0x5] display handle = 0xab038
[0x6] AddListener: added listener 0xa3528, total number 3
[0x6] AddListener: added listener 0x1a730, total number 4
[GLTextureManager] Load Texture SpongeboyTT1_30.udi, 262144, total is 262144
[GLTextureManager] Load Texture LFCurry_20_00.udi, 65536, total is 327680
[GLTextureManager] Load Texture SpongeboyTT1_18_00.udi, 65536, total is 393216
[GLTextureManager] Load Texture SpongeboyTT1_40_Number_00.udi, 32768, total is 425984
[GLTextureManager] Load Texture LFCurry_25_0.udi, 131072, total is 557056
[GLTextureManager] Load Texture LFCurry_25_hollow.udi, 131072, total is 688128
[GLTextureManager] Load Texture LFCurry_25_006.udi, 131072, total is 819200
[GLTextureManager] Load Texture LFCurry_25_007.udi, 131072, total is 950272
[GLTextureManager] Load Texture SpongeboyTT1_22_00.udi, 131072, total is 1081344
[GLTextureManager] Load Texture LFCurry_15_00.udi, 65536, total is 1146880
[GLTextureManager] Load Texture LFCurry_18_00.udi, 131072, total is 1277952
[GLTextureManager] Load Texture SpongeboyTT1_18_B_3_00.udi, 131072, total is 1409024
[GLTextureManager] Load Texture SpongeboyTT1_22_B_3_00.udi, 131072, total is 1540096
[GLTextureManager] Load Texture LFCurry_20_B_3_00.udi, 131072, total is 1671168
[GLTextureManager] Load Texture LFCurry_20_B_2_1_00.udi, 131072, total is 1802240
[GLTextureManager] Load Texture LFCurry_15_B_1_00.udi, 131072, total is 1933312
[GLTextureManager] Load Texture LFCurry_18_B_1_00.udi, 131072, total is 2064384
[GLTextureManager] Load Texture LFCurry_18_B_2_2_00.udi, 131072, total is 2195456
[GLTextureManager] Load Texture LFCurry_20_B_2_2_00.udi, 131072, total is 2326528
[GLTextureManager] Load Texture LFCurry_15_B_2_00.udi, 131072, total is 2457600
[PlayerProfile] Saved data not available.
[0x281] CJSonFile::Load() failed to open (filehandle was NULL) mRsrcPath = /LF/Bulk/Data/Local/0/./Milestones.json
[GLTextureManager] Load Texture UIAnimation/LoadingAnim/LoadingAnim__page0.udi, 131072, total is 2588672
TitleStart
Create ParticleSystem template DriveDust_LX success!
Create ParticleSystem template speedline success!
Create ParticleSystem template splash success!
Create ParticleSystem template splash_L success!
[GLTextureManager] Load Texture Nickelodeon_Logo.udi, 38432, total is 2627104
[GLTextureManager] Load Texture Logo_words_virtuos_situ.udi, 77312, total is 2704416
[GLTextureManager] Load Texture Title screen.udi, 153600, total is 2858016
[GLTextureManager] Load Texture UITexture/Badges_Popup.udi, 22464, total is 2880480
[GLTextureManager] Release Texture Nickelodeon_Logo.udi, 38432, total is 2842048
[GLTextureManager] Release Texture Logo_words_virtuos_situ.udi, 77312, total is 2764736
[GLTextureManager] Release Texture Title screen.udi, 153600, total is 2611136
[GLTextureManager] Load Texture UITexture/main_menu_bg.udi, 153600, total is 2764736
[GLTextureManager] Load Texture UITexture/ok.udi, 3072, total is 2767808
[GLTextureManager] Load Texture UITexture/main_menu_play_normal.udi, 13120, total is 2780928
[GLTextureManager] Load Texture UITexture/main_menu_play_focus.udi, 13120, total is 2794048
[GLTextureManager] Load Texture UITexture/settings_bb1a.udi, 26208, total is 2820256
[GLTextureManager] Load Texture UITexture/settings_bb2a.udi, 26208, total is 2846464
[GLTextureManager] Load Texture UITexture/main_menu_micromods_normal.udi, 13120, total is 2859584
[GLTextureManager] Load Texture UITexture/main_menu_micromods_focus.udi, 13120, total is 2872704
[GLTextureManager] Load Texture UITexture/main_menu_badges_normal.udi, 13120, total is 2885824
[GLTextureManager] Load Texture UITexture/main_menu_badges_focus.udi, 13120, total is 2898944
[GLTextureManager] Load Texture UITexture/main_menu_option_normal.udi, 13120, total is 2912064
[GLTextureManager] Load Texture UITexture/main_menu_option_focus.udi, 13120, total is 2925184
[GLTextureManager] Load Texture UITexture/main_menu_expansion_pack.udi, 12792, total is 2937976
[GLTextureManager] Load Texture UITexture/main_menu_expansion_pack_02.udi, 12792, total is 2950768
[GLTextureManager] Load Texture UITexture/main_menu_bob_hand.udi, 2304, total is 2953072
[GLTextureManager] Load Texture UITexture/main_menu_bob.udi, 35880, total is 2988952
[GLTextureManager] Load Texture UITexture/main_menu_bob_fist.udi, 1008, total is 2989960
[GLTextureManager] Load Texture UITexture/main_menu_bob_eyelid.udi, 2128, total is 2992088
[GLTextureManager] Load Texture UITexture/main_menu_bob_eye.udi, 2128, total is 2994216
[GLTextureManager] Load Texture UITexture/main_menu_font_Tune_Up_Garage.udi, 14560, total is 3008776
[GLTextureManager] Load Texture UITexture/sm_01.udi, 12992, total is 3021768
[GLTextureManager] Load Texture UIAnimation/BubbleAni/BubbleAni__page0.udi, 65536, total is 3087304
[GLTextureManager] Release Texture UITexture/main_menu_font_Tune_Up_Garage.udi, 14560, total is 3072744
[GLTextureManager] Load Texture UITextureOutOfPage/main_menu/main_menu_font_play.udi, 16120, total is 3088864
[GLTextureManager] Release Texture UITexture/main_menu_expansion_pack.udi, 12792, total is 3076072
[GLTextureManager] Load Texture UITextureOutOfPage/main_menu/main_menu_expansion_pack_03.udi, 12792, total is 3088864
[GLTextureManager] Release Texture UITexture/main_menu_expansion_pack_02.udi, 12792, total is 3076072
[GLTextureManager] Load Texture UITextureOutOfPage/main_menu/main_menu_expansion_pack_04.udi, 12792, total is 3088864
