=== AppManager ===
+++ AppManager: Entered main function: 184316.92 12101325.25
[0x6] ButtonPowerUSBTask: Use tslib
[0x6] ButtonPowerUSBTask: tslib: ts_config failed
[0x6] LoadTSLib: use_tslib=0, handle=0x17a60, tsl=(nil), fd=0
[0x6] Start ButtonPowerUSB Task ... !
[0x6] Start Cartridge task ...!
[0x5] InitModule: Screen = 480 x 272
[0x5] InitModule: Screen = 480 x 272, pitch = 1920
[0x5] InitModule: Mapped 82000000 to 0x82000000, size 003fc000
[0x5] InitModule: Screen = 480 x 272, pitch = 1920
[0x5] InitModule: Mapped 82400000 to 0x82400000, size 003fc000
[0x5] InitModule: Screen = 480 x 272, pitch = 1920
[0x5] InitModule: Mapped 82800000 to 0x82800000, size 003fc000
+++ AppManager: Bgn Init Logging: 184316.98 12101329.51
+++ AppManager: Bgn InitMutex: 184316.99 12101329.80
[0x280] ============================================
[0x280]    AppManager ReLaunch Threshold = 5
[0x280] ============================================
[0x5] AllocBuffer: new buf offset 000FF000, length 0007F800
[0x5] CreateHandle: 0x188e0: 480x272 (1920) @ 0x820ff000
[0x5] RegisterLayer: 0x188e0: 480x272 (1920) @ 0x820ff000
[0x5] SetWindowPosition: 0x188e0: 0,0 .. 480,272
[0x280] CAppManager::CAppManager ; LightningBase/Src/AppManager.cpp; 562; 3127672
[0x280] Platform = VALENCIA
[0x280] Shutdown Timer set for 12000 [ms] timeout
[0x280] USB Device Watchdog set for 12 [sec] timeout
[0x0] HasDoomPackageCritical: global doom file detected
+++ AppManager: End SetupSystem: 184317.02 12101331.98
[0x280] AppManager signal handler installed 
[0x0] DaemonControl socket connect failed ret=-1
[0x0] DaemonControl socket connect failed ret=-1
+++ AppManager: End Init CLogFile: 184317.02 12101332.17
[0x6] AddListener: added listener 0x18128, total number 1
[0x281] CJSonFile::Load() failed to open (filehandle was NULL) mRsrcPath = /LF/Base/DidjPatches/DidjPatches.json
+++ AppManager: End Load DidjPatches: 184317.03 12101332.29
get temp restart player id = -1
+++ AppManager: Bgn Set Profile Logging: 184317.03 12101332.36
+++ AppManager: End Set Profile Logging: 184317.03 12101332.37
[0x1] Found codec: socaudiolfp100, legacy=0
[0x1] set_hwparams: buffer time=128000, size=4096
[0x1] set_hwparams: period time=32000, size=1024
[0x1] CallbackThread: starting audio thread 0x30b28
+++ AppManager: End Set Power & USB: 184317.06 12101334.51
[0x280] mCurrentTransition = kLoginApp !
+++ AppManager: Bgn Load main.swf: 184317.06 12101334.58
[0x280] PushApp Start: LPAD/main.swf; LightningBase/Src/AppManager.cpp; 1121; 3121000
[0x280] LoadNewApp path = /LF/Base/LPAD/main.swf
[0x280] LoadNewApp: before; /LF/Base/LPAD/main.swf; 1706; 3128152
tadpole-view: 480x272, scale 2x, dir /tmp/tadpole
tadpole-view: audio 32000 Hz, 2 ch, 16-bit (period 1024), latency capped at 600 ms
[0x6] ButtonPowerUSBTask: Use tslib
[0x6] ButtonPowerUSBTask: tslib: ts_config failed
[0x6] LoadTSLib: use_tslib=0, handle=0x46810, tsl=(nil), fd=0
[0x6] ButtonPowerUSBTask: tslib: Falling back on touchscreen interface
[0x280] LoadNewApp: after ; /LF/Base/LPAD/main.swf; 1812; 3116016
[0x280] PushApp Done: LPAD/main.swf; LightningBase/Src/AppManager.cpp; 1123; 3111920
+++ AppManager: End Load main.swf: 184317.12 12101338.50
+++ AppManager: UI loaded: 184317.12 12101338.50
[0x280] mCurrentTransition = kPushApp !
[0x6] AddListener: added listener 0x44db8, total number 2
[0x6] AddListener: added listener 0x44dfc, total number 3
+++ AppManager: Flash: End Construct DidjPlayer: 184317.13 12101338.94
[0x5] AllocBuffer: new buf offset 0017E800, length 0007F800
[0x5] CreateHandle: 0x44f18: 480x272 (1920) @ 0x8217e800
[0x5] RegisterLayer: 0x44f18: 480x272 (1920) @ 0x8217e800
[0x5] SetWindowPosition: 0x44f18: 0,0 .. 480,272
[0x5] CreateHandle: 0x44f90: 480x272 (1920) @ 0x4554c008
[0x5] RegisterLayer: 0x44f90: 480x272 (1920) @ 0x4554c008
[0x5] UnRegisterLayer: 0x44f90: 480x272 (1920) @ 0x4554c008
[0x5] RegisterLayer: 0x188e0: 480x272 (1920) @ 0x820ff000
[0x5] SetWindowPosition: 0x188e0: 0,0 .. 480,272
+++ AppManager: Flash: Bgn LoadMovie: 184317.14 12101339.58
+++ AppManager: Flash: Bgn CreatePlayer: 184317.14 12101339.70
[0x281] CSystemData::FindFont( LFCurry.ttf )
[0x281] CSystemData::FindFont( LFCurry.ttf )
+++ AppManager: Flash: End CreatePlayer: 184317.26 12101347.64
+++ AppManager: Flash: End SetFrameBuffer: 184317.27 12101348.22
+++ AppManager: Flash: End LoadMovie: 184317.27 12101348.28
+++ AppManager: UI entered: 184317.27 12101348.29
+++ AppManager: UI updated: 184317.44 12101358.75
get temp restart player id = -1
trace:  ----------main::loadMainStageOne----------
trace:  ----------UIData::GetInstance----------
trace:  ----------UIData::UIData----------
trace:   ### default theme path is : /LF/Bulk/Downloads/PADS-0x1F1E0002-200001/UI_Tropical.swf
trace:  ----------UIData::UIData---------- _0ProfileUIData = undefined
trace:  ----------UIData::UIData---------- _1ProfileUIData = undefined
trace:  ----------UIData::UIData---------- _2ProfileUIData = undefined
trace:  ----------UIData::ResetPaths----------
[0x200] SystemPlugin::GetLocaleCode(): en-us
trace:  cuuLocaleCode = en-us
trace:  _language_code = en
trace:  _language_code = en
trace:  ----------SoundManager::GetInstance----------
trace:  ----------SoundManager::SoundManager----------
trace:  ..... theme is : undefined
[0x200] AppManagerPlugin::isBaseAppRelaunch, FALSE
trace:  ---------------- Main ------------- current logged in player is : 0
trace:  ..... bgPath is : /LF/Base//LpadAssets/Art/UI_StandardBackground.swf
trace:  BG Main Theme Loaded
trace:  ----------main::loadMainStageTwo----------
[0x200] SystemPlugin::SetDidjLegacyFlag( 0 )
[0x200] AppManagerPlugin::isBaseAppRelaunch, FALSE
trace:  ------main:: LF.AppManager.IsBaseAppRelaunch()------false
trace:  ------main:: LF.CSystem.GetLocale()-----en-us
[0x200] AppManagerPlugin::isBaseAppRelaunch, FALSE
trace:  ---------------- Main ------------- current logged in player is : 0
trace:  ----------UIData::isAnyProfilePresent----------
[0xf] fopenAtomic(/LF/Bulk/Data/Local/0/PAD2-0x1F1E0002-100000/UIData.json) returning 0x0005a350
[0xf] fcloseAtomic returning 0
[0xf] fopenAtomic(/LF/Bulk/Data/Local/1/PAD2-0x1F1E0002-100000/UIData.json) returning 0x0005a010
[0xf] fcloseAtomic returning 0
[0xf] fopenAtomic(/LF/Bulk/Data/Local/2/PAD2-0x1F1E0002-100000/UIData.json) returning 0x0005a010
[0xf] fcloseAtomic returning 0
trace:  ----------UIData::isAnyProfilePresent----------
trace:  ------------TabsTransition::TabsTransition---------------
trace:  _bgToShow = undefined
trace:  _bgToHide = undefined
trace:  ----------StateMachine::PushState----------- SignIn.swf
[0x200] SystemPlugin::GetPetResourcesPath(): /LF/Base/PetResources/
trace:  creating /tmp/ui_ready flag
trace:  ########################## setting flag ###### 0
trace:  ----------State::GrabStateData----------
[0x200] SystemPlugin::GetLocaleCode(): en-us
trace:  cuuLocaleCode = en-us
trace:  _language_code = en
trace:  country_code = us
trace:  ----------StateMachine::_mcListener.onLoadInit( _level0.mcContent.SignIn_mc )----------
trace:  ------------TabsTransition::Init---------------
trace:  ------------TabsTransition::Update-------------- 0
trace:  _animRefNext._tabWaitForLoad = undefined
trace:   .... animating next ....upper -39 lower 467
trace:  ------------TabsTransition::Update-------------- 0
trace:  _animRefNext._tabWaitForLoad = undefined
trace:   .... animating next ....upper -26 lower 454
trace:  ------------TabsTransition::Update-------------- 0
trace:  _animRefNext._tabWaitForLoad = undefined
trace:   .... animating next ....upper -13 lower 441
trace:  ------------TabsTransition::Update-------------- 0
trace:  _animRefNext._tabWaitForLoad = undefined
trace:   .... animating next ....upper 0 lower 428
trace:   ... done animating next, done with transition
trace:  ------------TabsTransition::Update-------------- 6
trace:  ------------TabsTransition::Update-------------- 5
trace:  ------------TabsTransition::Update-------------- 4
trace:  ------------TabsTransition::Update-------------- 3
trace:  ------------TabsTransition::Update-------------- 2
trace:  ------------TabsTransition::Update-------------- 1
trace:  ----------main::ChangeBackground----------/LF/Base//LpadAssets/Art/UI_StandardBackground.swf
trace:  --------SoundManager::StopSequence-----
trace:  _sequenceSound = [object Object]
trace:  _sequenceIntervalId = undefined
trace:  --------SoundManager::ClearEndOfSeqCallback-----
trace:  BG Main Theme Loaded in ChangeBackground
trace:  --------SoundManager::PlaySequence-----
trace:  --------SoundManager::StopSequence-----
trace:  _sequenceSound = [object Object]
trace:  _sequenceIntervalId = undefined
trace:  --------SoundManager::ClearEndOfSeqCallback-----
trace:  loadSound : sound = /LF/Base/LpadAssets_en/Audio/LPAD_BN0018.mp3
trace:  --------SoundManager::HandleLoad-----
trace:  -----Callback.PrintDebugInfo-----
trace:       _cbFunc:  [type Function]
trace:       _cbScope: _level0.mcContent.SignIn_mc.main_mc
trace:       _cbArgs:  _level0.mcContent.SignIn_mc.main_mc._0
trace:  --------SoundManager::StopSequence-----
trace:  _sequenceSound = [object Object]
trace:  _sequenceIntervalId = undefined
trace:  --------SoundManager::ClearEndOfSeqCallback-----
[0xf] fopenAtomic(/LF/Bulk/settings.cfg) returning 0x00066188
[0xf] fcloseAtomic returning 0
[0x200] SystemPlugin::setCurrentPlayerID( 0 )
trace:  ----------main::DeleteAllPageBitmaps----------
trace:  ------------TabsTransition::TabsTransition---------------
trace:  _bgToShow = null
trace:  _bgToHide = _signInBG
trace:  ----------StateMachine::ReplaceTopState----------- HomePicker.swf
trace:  _currState._container = _level0.mcContent.SignIn_mc
trace:  movieclip = _level0.mcContent.HomePicker_mc
trace:  ----------HomePickerState::HomePickerState----------
trace:  ----------UIPetLPAD::UIPetLPAD----------
[0x200] SystemPlugin::GetLocaleCode(): en-us
[0x200] SystemPlugin::IsLFPlatform(): true
[0x200] SystemPlugin::GetLocaleCode(): en-us
[0x200] SystemPlugin::IsLFPlatform(): true
trace:  --------BaseImageButton::BaseImageButton-----_level0.mcContent.HomePicker_mc._upperTab._userImageBtn
trace:  --------BaseOnPressButton::BaseOnPressButton-----
trace:  --------BaseTextButton::BaseTextButton-----
trace:  ----------StateMachine::_mcListener.onLoadInit( _level0.mcContent.HomePicker_mc )----------
trace:  ------------TabsTransition::Init---------------
trace:   _incrementUpper : 52
trace:   _incrementLower : 52
trace:  ----------UIData::LogIn----------
[0xf] fopenAtomic(/LF/Bulk/settings.cfg) returning 0x00066188
[0xf] fcloseAtomic returning 0
[0x200] SystemPlugin::setCurrentPlayerID( 0 )
trace:  ################################
trace:   playerId = 0
trace:   _currProfileID = 0
trace:   _currThemePath = /LF/Bulk/Downloads/PADS-0x1F1E0002-200002/UI_Coast.swf
trace:  ################################
trace:  ----------main::ChangeBackground----------/LF/Bulk/Downloads/PADS-0x1F1E0002-200002/UI_Coast.swf
[0xf] fopenAtomic(/LF/Bulk/Data/Local/0/./profile.dsc) returning 0x00067980
[0xf] fcloseAtomic returning 0
[0x200] Setting Current Profile to 0
trace:  ----------HomePickerState::PreEnter----------
trace:  ----------State::GrabStateData----------
[0x200] SystemPlugin::GetLocaleCode(): en-us
trace:  cuuLocaleCode = en-us
trace:  _language_code = en
trace:  country_code = us
trace:  --------BaseTextButton::SetTextField----- Ghb
trace:  WARNING: Player profile picture load failed!
trace:  ----------HomePickerState::OnUserImageLoad----------
trace:  ----------HomePickerState::SetCartStatus---------- 0
trace:  ----------HomePickerState::GetAllIcons----------
[0x200] SystemPlugin::getProgramFileApps - Valencia - getting ready to sort
[0x200] SystemPlugin::getProgramFileApps - Valencia - sort file exists /LF/Bulk/Data/Local/0/PAD2-0x1F1E0002-100000/ProgramFileAppOrder.json
trace:  ----------HomePickerState::AdjustStatusbar----------
trace:  ----------HomePickerState::StartPowerListener----------
[0x6] AddListener: added listener 0x5a090, total number 4
trace:  ------------TabsTransition::Update-------------- 0
trace:   .... animating prev ... 
trace:  MODE_LOAD_ICONS 
trace:  ----------HomePickerState::ManageIconLoading----------
trace:  ----------HomePickerState::ChangeCartIconData----------
trace:  ----------HomePickerState::GoToFirstPage----------
trace:  ----------HomePickerState::ChangeCartIconImage----------
trace:  ----------HomePickerState::GetCategoryColorFieldName----------
trace:  ----------HomePickerState::SetCategoryLabelFieldName----------icon0
trace:  ----------HomePickerState::SetIconLabelText----------icon0
trace:  ----------HomePickerState::LoadIconImage----------icon0
trace:  ------------TabsTransition::Update-------------- 0
trace:   .... animating prev ... 
trace:  MODE_LOAD_ICONS 
trace:  ----------HomePickerState::ManageIconLoading----------
trace:  ----------HomePickerState::GetCategoryColorFieldName----------
trace:  ----------HomePickerState::LoadIconData----------icon1
trace:  ----------HomePickerState::SetCategoryLabelFieldName----------icon1
trace:  ----------HomePickerState::SetIconLabelText----------icon1
trace:  ----------HomePickerState::LoadIconImage----------icon1
trace:  ------------TabsTransition::Update-------------- 0
trace:   .... animating prev ... 
trace:  MODE_LOAD_ICONS 
trace:  ----------HomePickerState::ManageIconLoading----------
trace:  ----------HomePickerState::GetCategoryColorFieldName----------
trace:  ----------HomePickerState::LoadIconData----------icon2
trace:  ----------HomePickerState::SetCategoryLabelFieldName----------icon2
trace:  ----------HomePickerState::SetIconLabelText----------icon2
trace:  ----------HomePickerState::LoadIconImage----------icon2
trace:  ------------TabsTransition::Update-------------- 0
trace:   .... animating prev ... 
trace:   ... done animating previous, now start animating next
trace:  BG Main Theme Loaded in ChangeBackground
trace:  MODE_LOAD_ICONS 
trace:  ----------HomePickerState::ManageIconLoading----------
trace:  ----------HomePickerState::GetCategoryColorFieldName----------
trace:  ----------HomePickerState::LoadIconData----------icon3
trace:  ----------HomePickerState::SetCategoryLabelFieldName----------icon3
trace:  ----------HomePickerState::SetIconLabelText----------icon3
trace:  ----------HomePickerState::LoadIconImage----------icon3
trace:  ------------TabsTransition::Update-------------- 12
trace:  MODE_LOAD_ICONS 
trace:  ----------HomePickerState::ManageIconLoading----------
trace:  ----------HomePickerState::GetCategoryColorFieldName----------
trace:  ----------HomePickerState::LoadIconData----------icon4
[0x200] SystemPlugin::getProgramFileApps - Valencia - getting ready to sort
[0x200] SystemPlugin::getProgramFileApps - Valencia - sort file exists /LF/Bulk/Data/Local/0/PAD2-0x1F1E0002-100000/ProgramFileAppOrder.json
trace:  ----------HomePickerState::SetCategoryLabelFieldName----------icon4
trace:  ----------HomePickerState::SetIconLabelText----------icon4
trace:  ----------HomePickerState::LoadIconImage----------icon4
trace:  ------------TabsTransition::Update-------------- 11
trace:  MAKING CART BITMAPS
trace:  ----------HomePickerState::MakeIconHighlightBitmap----------icon0
trace:  ----------HomePickerState::MakeIconBitmap----------icon0
trace:  MODE_LOAD_ICONS 
trace:  ----------HomePickerState::ManageIconLoading----------
trace:  ----------HomePickerState::GetCategoryColorFieldName----------
trace:  ----------HomePickerState::LoadIconData----------icon5
trace:  ----------HomePickerState::SetCategoryLabelFieldName----------icon5
trace:  ----------HomePickerState::SetIconLabelText----------icon5
trace:  ----------HomePickerState::LoadIconImage----------icon5
trace:  ------------TabsTransition::Update-------------- 10
trace:  MODE_LOAD_ICONS 
trace:  ----------HomePickerState::ManageIconLoading----------
trace:  ----------HomePickerState::GetCategoryColorFieldName----------
trace:  ----------HomePickerState::LoadIconData----------icon6
trace:  ----------HomePickerState::SetCategoryLabelFieldName----------icon6
trace:  ----------HomePickerState::SetIconLabelText----------icon6
trace:  ----------HomePickerState::LoadIconImage----------icon6
trace:  ------------TabsTransition::Update-------------- 9
trace:  MODE_LOAD_ICONS 
trace:  ----------HomePickerState::ManageIconLoading----------
trace:  ----------HomePickerState::GetCategoryColorFieldName----------
trace:  ----------HomePickerState::LoadIconData----------icon7
trace:  ----------HomePickerState::SetCategoryLabelFieldName----------icon7
trace:  ----------HomePickerState::SetIconLabelText----------icon7
trace:  ----------HomePickerState::LoadIconImage----------icon7
trace:  ------------TabsTransition::Update-------------- 8
trace:  MODE_LOAD_ICONS 
trace:  ----------HomePickerState::ManageIconLoading----------
trace:  ----------HomePickerState::GetCategoryColorFieldName----------
trace:  ----------HomePickerState::LoadIconData----------icon8
trace:  ----------HomePickerState::SetCategoryLabelFieldName----------icon8
trace:  ----------HomePickerState::SetIconLabelText----------icon8
trace:  ----------HomePickerState::LoadIconImage----------icon8
trace:  ------------TabsTransition::Update-------------- 7
trace:  MODE_LOAD_ICONS 
trace:  ----------HomePickerState::ManageIconLoading----------
trace:  ----------HomePickerState::GetCategoryColorFieldName----------
trace:  ----------HomePickerState::LoadIconData----------icon9
trace:  ----------HomePickerState::SetCategoryLabelFieldName----------icon9
trace:  ----------HomePickerState::SetIconLabelText----------icon9
trace:  ----------HomePickerState::LoadIconImage----------icon9
trace:  ------------TabsTransition::Update-------------- 6
trace:  MODE_LOAD_ICONS 
trace:  ----------HomePickerState::ManageIconLoading----------
trace:  ----------HomePickerState::GetCategoryColorFieldName----------
trace:  ----------HomePickerState::LoadIconData----------icon10
trace:  ----------HomePickerState::SetCategoryLabelFieldName----------icon10
trace:  ----------HomePickerState::SetIconLabelText----------icon10
trace:  ----------HomePickerState::LoadIconImage----------icon10
trace:  ------------TabsTransition::Update-------------- 5
trace:  MODE_LOAD_ICONS 
trace:  ----------HomePickerState::ManageIconLoading----------
trace:  ----------HomePickerState::GetCategoryColorFieldName----------
trace:  ----------HomePickerState::LoadIconData----------icon11
trace:  ----------HomePickerState::SetCategoryLabelFieldName----------icon11
trace:  ----------HomePickerState::SetIconLabelText----------icon11
trace:  ----------HomePickerState::LoadIconImage----------icon11
trace:  ------------TabsTransition::Update-------------- 4
trace:  MODE_LOAD_ICONS 
trace:  ----------HomePickerState::ManageIconLoading----------
trace:  ----------HomePickerState::GetCategoryColorFieldName----------
trace:  ----------HomePickerState::LoadIconData----------icon12
trace:  ----------HomePickerState::SetCategoryLabelFieldName----------icon12
trace:  ----------HomePickerState::SetIconLabelText----------icon12
trace:  ----------HomePickerState::LoadIconImage----------icon12
trace:  ------------TabsTransition::Update-------------- 3
trace:  MODE_LOAD_ICONS 
trace:  ----------HomePickerState::ManageIconLoading----------
trace:  ----------HomePickerState::GetCategoryColorFieldName----------
trace:  ----------HomePickerState::LoadIconData----------icon13
trace:  ----------HomePickerState::SetCategoryLabelFieldName----------icon13
trace:  ----------HomePickerState::SetIconLabelText----------icon13
trace:  ----------HomePickerState::LoadIconImage----------icon13
trace:  ------------TabsTransition::Update-------------- 2
trace:  MODE_LOAD_ICONS 
trace:  ----------HomePickerState::ManageIconLoading----------
trace:  ----------HomePickerState::GetCategoryColorFieldName----------
trace:  ----------HomePickerState::LoadIconData----------icon14
trace:  ----------HomePickerState::SetCategoryLabelFieldName----------icon14
trace:  ----------HomePickerState::SetIconLabelText----------icon14
trace:  ----------HomePickerState::LoadIconImage----------icon14
trace:  ------------TabsTransition::Update-------------- 1
trace:  waiting for load of the image
trace:  MODE_LOAD_ICONS 
trace:  ----------HomePickerState::ManageIconLoading----------
trace:  ------------TabsTransition::Update-------------- 0
trace:  waiting for load of the image
trace:  MODE_LOAD_ICONS 
trace:  ----------HomePickerState::ManageIconLoading----------
trace:  ------------TabsTransition::Update-------------- 0
trace:  waiting for load of the image
trace:  MODE_LOAD_ICONS 
trace:  ----------HomePickerState::ManageIconLoading----------
trace:  ------------TabsTransition::Update-------------- 0
trace:  waiting for load of the image
trace:  ------------TabsTransition::Update-------------- 0
trace:  _animRefNext._tabWaitForLoad = false
trace:   .... animating next ....upper -63.1125 lower 467
trace:  ------------TabsTransition::Update-------------- 0
trace:  _animRefNext._tabWaitForLoad = false
trace:   .... animating next ....upper -40.2625 lower 454
trace:  ------------TabsTransition::Update-------------- 0
trace:  _animRefNext._tabWaitForLoad = false
trace:   .... animating next ....upper -17.4125 lower 441
trace:  ------------TabsTransition::Update-------------- 0
trace:  _animRefNext._tabWaitForLoad = false
trace:   .... animating next ....upper 5.4375 lower 428
trace:   ... done animating next, done with transition
trace:  ------------TabsTransition::Update-------------- 6
trace:  ------------TabsTransition::Update-------------- 5
trace:  ------------TabsTransition::Update-------------- 4
trace:  ------------TabsTransition::Update-------------- 3
trace:  ------------TabsTransition::Update-------------- 2
trace:  ------------TabsTransition::Update-------------- 1
trace:  ----------HomePickerState::Enter----------
trace:  ----------HomePickerState::ActivateButtons----------
trace:  ----------HomePickerState::CheckForConnectNag----------
trace:  MODE_LOAD_ICON_HIGHLIGHT_BITMAPS 
trace:  ----------HomePickerState::ManageIconHighlightBitmapLoading----------
trace:  MODE_LOAD_ICON_HIGHLIGHT_BITMAPS 
trace:  ----------HomePickerState::ManageIconHighlightBitmapLoading----------
trace:  ----------HomePickerState::MakeIconHighlightBitmap----------icon1
trace:  MODE_LOAD_ICON_HIGHLIGHT_BITMAPS 
trace:  ----------HomePickerState::ManageIconHighlightBitmapLoading----------
trace:  ----------HomePickerState::MakeIconHighlightBitmap----------icon2
trace:  MODE_LOAD_ICON_HIGHLIGHT_BITMAPS 
trace:  ----------HomePickerState::ManageIconHighlightBitmapLoading----------
trace:  ----------HomePickerState::MakeIconHighlightBitmap----------icon3
trace:  MODE_LOAD_ICON_HIGHLIGHT_BITMAPS 
trace:  ----------HomePickerState::ManageIconHighlightBitmapLoading----------
trace:  ----------HomePickerState::MakeIconHighlightBitmap----------icon4
trace:  MODE_LOAD_ICON_HIGHLIGHT_BITMAPS 
trace:  ----------HomePickerState::ManageIconHighlightBitmapLoading----------
trace:  ----------HomePickerState::MakeIconHighlightBitmap----------icon5
trace:  MODE_LOAD_ICON_HIGHLIGHT_BITMAPS 
trace:  ----------HomePickerState::ManageIconHighlightBitmapLoading----------
trace:  ----------HomePickerState::MakeIconHighlightBitmap----------icon6
trace:  MODE_LOAD_ICON_HIGHLIGHT_BITMAPS 
trace:  ----------HomePickerState::ManageIconHighlightBitmapLoading----------
trace:  ----------HomePickerState::MakeIconHighlightBitmap----------icon7
trace:  MODE_LOAD_ICON_HIGHLIGHT_BITMAPS 
trace:  ----------HomePickerState::ManageIconHighlightBitmapLoading----------
trace:  ----------HomePickerState::MakeIconHighlightBitmap----------icon8
trace:  MODE_LOAD_ICON_HIGHLIGHT_BITMAPS 
trace:  ----------HomePickerState::ManageIconHighlightBitmapLoading----------
trace:  MODE_LOAD_ICON_BITMAPS 
trace:  ----------HomePickerState::ManageIconBitmapLoading----------
trace:  MODE_LOAD_ICON_BITMAPS 
trace:  ----------HomePickerState::ManageIconBitmapLoading----------
trace:  ----------HomePickerState::MakeIconBitmap----------icon1
trace:  MODE_LOAD_ICON_BITMAPS 
trace:  ----------HomePickerState::ManageIconBitmapLoading----------
trace:  ----------HomePickerState::MakeIconBitmap----------icon2
trace:  MODE_LOAD_ICON_BITMAPS 
trace:  ----------HomePickerState::ManageIconBitmapLoading----------
trace:  ----------HomePickerState::MakeIconBitmap----------icon3
trace:  MODE_LOAD_ICON_BITMAPS 
trace:  ----------HomePickerState::ManageIconBitmapLoading----------
trace:  ----------HomePickerState::MakeIconBitmap----------icon4
trace:  MODE_LOAD_ICON_BITMAPS 
trace:  ----------HomePickerState::ManageIconBitmapLoading----------
trace:  ----------HomePickerState::MakeIconBitmap----------icon5
trace:  MODE_LOAD_ICON_BITMAPS 
trace:  ----------HomePickerState::ManageIconBitmapLoading----------
trace:  ----------HomePickerState::MakeIconBitmap----------icon6
trace:  MODE_LOAD_ICON_BITMAPS 
trace:  ----------HomePickerState::ManageIconBitmapLoading----------
trace:  ----------HomePickerState::MakeIconBitmap----------icon7
trace:  MODE_LOAD_ICON_BITMAPS 
trace:  ----------HomePickerState::ManageIconBitmapLoading----------
trace:  ----------HomePickerState::MakeIconBitmap----------icon8
trace:  MODE_LOAD_ICON_BITMAPS 
trace:  ----------HomePickerState::ManageIconBitmapLoading----------
trace:  MODE_BITMAP_BACKGROUND 
trace:  ----------HomePickerState::ManageBackgroundBitmapping----------
trace:  ----------HomePickerState::MakeUpperTabBitmap----------
trace:  ----------HomePickerState::CheckIfCurrentPageIsLoaded----------
trace:  ----------HomePickerState::EnableButtons----------
[0x200] SystemPlugin::ResetTouchscreenSampleRate(): false
trace:  ----------HomePickerState::EnableArrows----------
[0x200] SystemPlugin::ResetTouchscreenSampleRate(): false
trace:  MODE_BITMAP_BACKGROUND 
trace:  ----------HomePickerState::ManageBackgroundBitmapping----------
trace:  ----------SoundManager::StopMusic----------
trace:  ----------SoundManager::PlayMusic----------
trace:  MODE_INITIALIZE_PET 
trace:  ----------HomePickerState::ManagePetInitialization----------
trace:  ----------HomePickerState::InitializePet----------
trace:  ----------UIPetLPAD::LoadPet----------
trace:  ----------LF.LPAD.Pet.com.frimastudio.emerald.utils.SaveManager::ReadSavedData----------
trace:  About to AddAvatar
trace:  
READ SCRIPT
trace:  READ SCRIPT DONE

trace:  ----------PetAccelerometerManager::PetAccelerometerManager----------
[0x200] AccelerometerPlugin::setAccelerometerRate, rate = 10
trace:  ----------PetAccelerometerManager::Deactivate----------
[0x6] RemoveListener: could not find listener 0x457e2530, total number 4
trace:  ----------PetAccelerometerManager::Init----------
trace:  mAvatar._name = _UIPetLPAD
trace:  mIsActive = true
trace:  ----------UIPetLPAD::ChangeStateToJumpIn----------
trace:  ----------UIPetLPAD::ResumePet----------
trace:  ----------PetAccelerometerManager::Activate----------
[0x6] AddListener: added listener 0x457e2530, total number 5
trace:  MODE_PLAY_INITIAL_AUDIO_PROMPTS 
trace:  ----------HomePickerState::PlayInitialAudioPrompts----------
trace:  ----------IdlePrompts::GetInstance----------
trace:  ----------IdlePrompts::IdlePrompts----------
trace:  ----------IdlePrompts::PullData----------
trace:  ----------IdlePrompts::SetAllPrompts----------
trace:  ----------IdlePrompts::StartPromptTimer----------
trace:  MODE_JUMP_PET_IN 
trace:  ----------HomePickerState::ManagePetJumpingIn----------
trace:  ----------UIPetLPAD::SuspendPet----------
trace:  ----------PetAccelerometerManager::Deactivate----------
[0x6] RemoveListener: removed listener 0x457e2530, total number 4
trace:  MODE_LOAD_ICONS 
trace:  ----------HomePickerState::ManageIconLoading----------
trace:  MODE_LOAD_ICON_HIGHLIGHT_BITMAPS 
trace:  ----------HomePickerState::ManageIconHighlightBitmapLoading----------
trace:  ----------HomePickerState::MakeIconHighlightBitmap----------icon9
trace:  MODE_LOAD_ICON_HIGHLIGHT_BITMAPS 
trace:  ----------HomePickerState::ManageIconHighlightBitmapLoading----------
trace:  ----------HomePickerState::MakeIconHighlightBitmap----------icon10
trace:  MODE_LOAD_ICON_HIGHLIGHT_BITMAPS 
trace:  ----------HomePickerState::ManageIconHighlightBitmapLoading----------
trace:  ----------HomePickerState::MakeIconHighlightBitmap----------icon11
trace:  MODE_LOAD_ICON_HIGHLIGHT_BITMAPS 
trace:  ----------HomePickerState::ManageIconHighlightBitmapLoading----------
trace:  ----------HomePickerState::MakeIconHighlightBitmap----------icon12
trace:  MODE_LOAD_ICON_HIGHLIGHT_BITMAPS 
trace:  ----------HomePickerState::ManageIconHighlightBitmapLoading----------
trace:  ----------HomePickerState::MakeIconHighlightBitmap----------icon13
trace:  MODE_LOAD_ICON_HIGHLIGHT_BITMAPS 
trace:  ----------HomePickerState::ManageIconHighlightBitmapLoading----------
trace:  ----------HomePickerState::MakeIconHighlightBitmap----------icon14
trace:  MODE_LOAD_ICON_HIGHLIGHT_BITMAPS 
trace:  ----------HomePickerState::ManageIconHighlightBitmapLoading----------
trace:  MODE_LOAD_ICON_BITMAPS 
trace:  ----------HomePickerState::ManageIconBitmapLoading----------
trace:  ----------HomePickerState::MakeIconBitmap----------icon9
trace:  MODE_LOAD_ICON_BITMAPS 
trace:  ----------HomePickerState::ManageIconBitmapLoading----------
trace:  ----------HomePickerState::MakeIconBitmap----------icon10
trace:  MODE_LOAD_ICON_BITMAPS 
trace:  ----------HomePickerState::ManageIconBitmapLoading----------
trace:  ----------HomePickerState::MakeIconBitmap----------icon11
trace:  MODE_LOAD_ICON_BITMAPS 
trace:  ----------HomePickerState::ManageIconBitmapLoading----------
trace:  ----------HomePickerState::MakeIconBitmap----------icon12
trace:  MODE_LOAD_ICON_BITMAPS 
trace:  ----------HomePickerState::ManageIconBitmapLoading----------
trace:  ----------HomePickerState::MakeIconBitmap----------icon13
trace:  MODE_LOAD_ICON_BITMAPS 
trace:  ----------HomePickerState::ManageIconBitmapLoading----------
trace:  ----------HomePickerState::MakeIconBitmap----------icon14
trace:  MODE_LOAD_ICON_BITMAPS 
trace:  ----------HomePickerState::ManageIconBitmapLoading----------
trace:  MODE_BITMAP_BACKGROUND 
trace:  ----------HomePickerState::ManageBackgroundBitmapping----------
trace:  MODE_INITIALIZE_PET 
trace:  ----------HomePickerState::ManagePetInitialization----------
trace:  MODE_RESUME_PET 
trace:  ----------HomePickerState::ManagePetResume----------
trace:  ----------UIPetLPAD::ResumePet----------
trace:  ----------PetAccelerometerManager::Activate----------
[0x6] AddListener: added listener 0x457e2530, total number 5
trace:  ----------UIPetLPAD::EnableButtons----------
trace:  ----------IdlePrompts::PlayPrompt----------
trace:  ----------IdlePrompts::GetNextPromptToPlay----------Home_Idle_Badge
trace:  profile.GetBadges() and _global._uiData._currProfileUIData.BadgeNumber 11 and 11
trace:  ----------IdlePrompts::PlaySubsequentPrompt----------rightAway = true
trace:  ----------IdlePrompts::PlayPrompt----------
trace:  ----------IdlePrompts::GetNextPromptToPlay----------Home_Idle_Connect
trace:  _profile.GetBadges() and _global._uiData._currProfileUIData.BadgeNumber 11 and 11
[0x200] AppManagerPlugin::isBaseAppRelaunch, FALSE
trace:  ----------IdlePrompts::PlaySubsequentPrompt----------rightAway = true
trace:  ----------IdlePrompts::PlayPrompt----------
trace:  ----------IdlePrompts::GetNextPromptToPlay----------Home_Idle_nav
trace:  _mainPicker._numPages = 2
trace:  --------SoundManager::PlaySequence-----
trace:  --------SoundManager::StopSequence-----
trace:  _sequenceSound = [object Object]
trace:  _sequenceIntervalId = undefined
trace:  --------SoundManager::ClearEndOfSeqCallback-----
trace:  loadSound : sound = /LF/Base/LpadAssets_en/Audio/LPAD_BN0041.mp3
trace:  --------SoundManager::HandleLoad-----
trace:  --------SoundManager::HandleSequence-----
trace:  ----------SoundManager::onSequenceDelay----------
trace:  --------SoundManager::DoEndOfSeqCallback-----[object Object]
trace:  -----Callback.PrintDebugInfo-----
trace:       _cbFunc:  [type Function]
trace:       _cbScope: [object Object]
trace:       _cbArgs:  false
trace:  ----------IdlePrompts::PlaySubsequentPrompt----------rightAway = false
trace:  --------SoundManager::ClearEndOfSeqCallback-----
trace:  ----------IdlePrompts::PlayPrompt----------
trace:  ----------IdlePrompts::GetNextPromptToPlay----------Home_Idle_pet
trace:  _profile.GetPetOnUI() = true
trace:  _global._uiData._currProfileUIData.HasLaunchedPetApp = true
trace:  ----------IdlePrompts::PlaySubsequentPrompt----------rightAway = true
trace:  ----------IdlePrompts::PlayPrompt----------
trace:  ----------IdlePrompts::GetNextPromptToPlay----------Home_Idle_profile
trace:  _global._uiData._currProfileUIData.HasProfileBeenViewed = true
trace:  ----------IdlePrompts::PlaySubsequentPrompt----------rightAway = true
trace:  ----------IdlePrompts::PlayPrompt----------
trace:  ----------IdlePrompts::GetNextPromptToPlay----------Home_IconSwapAudio
trace:  ----------IdlePrompts::PlaySubsequentPrompt----------rightAway = true
trace:  ----------IdlePrompts::PlayPrompt----------
trace:  ----------IdlePrompts::GetNextPromptToPlay----------Home_BatteryAudio
trace:  LF.Power.GetPowerState() = 1
trace:  ----------IdlePrompts::PlaySubsequentPrompt----------rightAway = true
trace:  ----------HomePickerState::ProcessMouseDown----------
trace:  ----------BaseIconButton::onPress()---------- icon7
trace:  ----------HomePickerState::ProcessIconOnPress----------
trace:  game_info._title = SpongeBob SquarePants:
The Clam Prix
trace:  ----------HomePickerState::ProcessMouseUp----------
trace:  ----------BaseIconButton::onRelease()---------- icon7
trace:  ----------HomePickerState::ProcessIconOnRelease----------
trace:  ----------HomePickerState::DisableButtons----------
[0x200] SystemPlugin::SetTouchscreenSampleRate( 1 ): false
trace:  ----------HomePickerState::DisableArrows----------
trace:  ----------UIPetLPAD::SuspendPet----------
trace:  ----------PetAccelerometerManager::Deactivate----------
[0x6] RemoveListener: removed listener 0x457e2530, total number 4
trace:  ----------HomePickerState::PausePrompts----------
trace:  ----------IdlePrompts::PausePrompts----------
trace:  ----------IdlePrompts::SavePromptData----------
trace:  --------SoundManager::StopSequence-----
trace:  _sequenceSound = [object Object]
trace:  _sequenceIntervalId = 7
trace:  --------SoundManager::ClearEndOfSeqCallback-----
trace:  -----Callback.PrintDebugInfo-----
trace:       _cbFunc:  [type Function]
trace:       _cbScope: _level0.mcContent.HomePicker_mc.main_mc
trace:       _cbArgs:  [object Object]
trace:  ----------HomePickerState::PlayAppGameInfoSound----------
trace:  ----------HomePickerState::LaunchApp----------
trace:  ----------SoundManager::StopMusic----------
trace:  ------------TabsTransition::TabsTransition---------------
trace:  _bgToShow = undefined
trace:  _bgToHide = undefined
trace:  ----------StateMachine::ReplaceTopState----------- LaunchApp.swf
trace:  _currState._container = _level0.mcContent.HomePicker_mc
trace:  movieclip = _level0.mcContent.LaunchApp_mc
[0x6] RemoveListener: could not find listener 0x457e2a1c, total number 4
trace:  ----------StateMachine::_mcListener.onLoadInit( _level0.mcContent.LaunchApp_mc )----------
trace:  ------------TabsTransition::Init---------------
trace:   _incrementUpper : 97.55
trace:   _incrementLower : 52
trace:  ----------HomePickerState::Exit----------
trace:  ----------HomePickerState::ClearIconBitmaps----------
trace:  ----------HomePickerState::ClearUpperTabBitmap----------
[0x6] RemoveListener: removed listener 0x5a090, total number 3
[0x6] RemoveListener: could not find listener 0x5a090, total number 3
trace:  ----------HomePickerState::PausePrompts----------
trace:  ----------IdlePrompts::PausePrompts----------
trace:  ----------IdlePrompts::SavePromptData----------
trace:  --------SoundManager::StopSequence-----
trace:  _sequenceSound = [object Object]
trace:  _sequenceIntervalId = 7
trace:  --------SoundManager::ClearEndOfSeqCallback-----
trace:  ----------SoundManager::FadeOutMusic----------
trace:  _music.position = 22152
trace:  ----------UIPetLPAD::RemovePet----------
trace:  ----------UIPetLPAD::Dispose----------
trace:  ----------PetAccelerometerManager::Dispose----------
[0x6] RemoveListener: could not find listener 0x457e2530, total number 3
trace:  ----------UIPetLPAD::Exit----------
[0x200] SystemPlugin::ResetTouchscreenSampleRate(): false
trace:  ------------TabsTransition::Update-------------- 0
trace:   .... animating prev ... 
trace:  ------------TabsTransition::Update-------------- 0
trace:   .... animating prev ... 
trace:  ------------TabsTransition::Update-------------- 0
trace:   .... animating prev ... 
trace:  ------------TabsTransition::Update-------------- 0
trace:   .... animating prev ... 
trace:   ... done animating previous, now start animating next
trace:  ------------TabsTransition::Update-------------- 12
trace:  ------------TabsTransition::Update-------------- 11
trace:  ------------TabsTransition::Update-------------- 10
trace:  ------------TabsTransition::Update-------------- 9
trace:  ------------TabsTransition::Update-------------- 8
trace:  ------------TabsTransition::Update-------------- 7
trace:  ------------TabsTransition::Update-------------- 6
trace:  ------------TabsTransition::Update-------------- 5
trace:  ------------TabsTransition::Update-------------- 4
trace:  ------------TabsTransition::Update-------------- 3
trace:  ------------TabsTransition::Update-------------- 2
trace:  ------------TabsTransition::Update-------------- 1
trace:  _animRefNext._tabWaitForLoad = undefined
trace:   .... animating next ....upper NaN lower NaN
trace:   ... done animating next, done with transition
trace:  ------------TabsTransition::Update-------------- 6
trace:  ------------TabsTransition::Update-------------- 5
trace:  ------------TabsTransition::Update-------------- 4
trace:  ------------TabsTransition::Update-------------- 3
trace:  ------------TabsTransition::Update-------------- 2
trace:  ------------TabsTransition::Update-------------- 1
[0x200] SystemPlugin::SetDidjLegacyFlag( 0 )
[0x280] ReplaceTopApp: 1 DATA IS  NULL ..... 
[0x280] LoadNewApp path = /LF/Bulk/ProgramFiles/LST3-0x00180025-000000/App.so
[0x280] LoadNewApp: before; /LF/Bulk/ProgramFiles/LST3-0x00180025-000000/App.so; 1706; 3028432
[0x280] LoadNewApp: after ; /LF/Bulk/ProgramFiles/LST3-0x00180025-000000/App.so; 1812; 3009188
[0x280] LoadNewApp: loading ViewFrame /LF/Base//EmeraldTitles/LST3-0x00180025-000000/ViewFrame.json
[0x280] mCurrentTransition = kReplaceTopApp !
[0x280] CAppManager::ExitPopUnloadApp()
trace:  ------------TabsTransition::TabsTransition---------------
trace:  _bgToShow = undefined
trace:  _bgToHide = undefined
trace:  ----------StateMachine::ReplaceTopState----------- HomePicker.swf
trace:  _currState._container = _level0.mcContent.LaunchApp_mc
trace:  movieclip = _level0.mcContent.HomePicker_mc
[0x6] RemoveListener: could not find listener 0x457e2a1c, total number 3
[0x6] RemoveListener: could not find listener 0x457e2530, total number 3
[0x6] RemoveListener: removed listener 0x44dfc, total number 2
[0x6] RemoveListener: removed listener 0x44db8, total number 1
[0x5] UnRegisterLayer: 0x44f18: 480x272 (1920) @ 0x8217e800
[0x5] DestroyHandle: 0x44f18: 480x272 (1920) @ 0x8217e800
[0x5] UnRegisterLayer: 0x44f18: 480x272 (1920) @ 0x8217e800
[0x5] DeAllocBuffer: remove offset 0017E800, length 0007F800
[0x5] UnRegisterLayer: 0x44f90: 480x272 (1920) @ 0x4554c008
[0x5] DestroyHandle: 0x44f90: 480x272 (1920) @ 0x4554c008
[0x5] UnRegisterLayer: 0x44f90: 480x272 (1920) @ 0x4554c008
[0x6] RemoveListener: could not find listener 0x44ea8, total number 1
MPCriticalSection::~MPCriticalSection() error 22
[0x6] RemoveListener: could not find listener 0x44dfc, total number 1
[0x6] RemoveListener: could not find listener 0x44db8, total number 1
[0x280] ExitPopUnloadApp: before; /LF/Base/LPAD/; 1943; 3030472
[0x280] ExitPopUnloadApp: before UnloadModule /LF/Base/LPAD/
[0x280] ExitPopUnloadApp: module unloaded 120480
[0x280] ExitPopUnloadApp: after ; /LF/Base/LPAD/; 1949; 3026376
[0x280] ExitPopUnloadApp: OGL context still active after unloading
[0x280] ExitPopUnloadApp: aborting all Atomic I/O with fabortAllAtomic
[0xf] fabortAllAtomic: aborted 0 files
[0x280] CGameViewFrame::Enter
[0x0] DaemonControl socket connect failed ret=-1
[0x6] AddListener: added listener 0xb9888, total number 2
current path is /home/bubbles/Documents/Projects/leappad-emu/runtime/sysroot
set current path to /home/bubbles/Documents/Projects/leappad-emu/runtime/sysroot/LF/Bulk/ProgramFiles/LST3-0x00180025-000000
[0x5] CreateHandle: 0x59fe0: 320x240 (1920) @ 0x82400000
[0x5] RegisterLayer: 0x59fe0: 320x240 (1920) @ 0x82400000
[0x5] SetWindowPosition: 0x59fe0: 0,0 .. 320,240
[0x5] SetWindowPosition: 0x59fe0: 0,0 .. 320,240
[0x5] eglInitialize()
[0x5] eglInitialize(): success = 1, version = 1.4
[0x5] OpenGL ES vendor = Tadpole
[0x5] OpenGL ES version = 1.4 Tadpole
[0x5] OpenGL ES extensions = 
[0x5] eglChooseConfig()
[0x5] eglCreateWindowSurface()
[0x5] eglCreateContext()
[0x5] eglMakeCurrent()
[0x5] eglSwapBuffers()
[0x5] RegisterLayer: 0x59fe0: 320x240 (1920) @ 0x82400000
[0x5] SetWindowPosition: 0x59fe0: 0,0 .. 320,240
[0x5] display handle = 0x59fe0
[0x6] AddListener: added listener 0xb9650, total number 3
[0x6] AddListener: added listener 0x66d50, total number 4
[GLTextureManager] Load Texture SpongeboyTT1_30.udi, 262144, total is 262144
[GLTextureManager] Load Texture LFCurry_20_00.udi, 65536, total is 327680
[GLTextureManager] Load Texture SpongeboyTT1_18_00.udi, 65536, total is 393216
[GLTextureManager] Load Texture SpongeboyTT1_40_Number_00.udi, 32768, total is 425984
[GLTextureManager] Load Texture LFCurry_25_0.udi, 131072, total is 557056
[GLTextureManager] Load Texture LFCurry_25_hollow.udi, 131072, total is 688128
[GLTextureManager] Load Texture LFCurry_25_006.udi, 131072, total is 819200
[GLTextureManager] Load Texture LFCurry_25_007.udi, 131072, total is 950272
[GLTextureManager] Load Texture SpongeboyTT1_22_00.udi, 131072, total is 1081344
[GLTextureManager] Load Texture LFCurry_15_00.udi, 65536, total is 1146880
[GLTextureManager] Load Texture LFCurry_18_00.udi, 131072, total is 1277952
[GLTextureManager] Load Texture SpongeboyTT1_18_B_3_00.udi, 131072, total is 1409024
[GLTextureManager] Load Texture SpongeboyTT1_22_B_3_00.udi, 131072, total is 1540096
[GLTextureManager] Load Texture LFCurry_20_B_3_00.udi, 131072, total is 1671168
[GLTextureManager] Load Texture LFCurry_20_B_2_1_00.udi, 131072, total is 1802240
[GLTextureManager] Load Texture LFCurry_15_B_1_00.udi, 131072, total is 1933312
[GLTextureManager] Load Texture LFCurry_18_B_1_00.udi, 131072, total is 2064384
[GLTextureManager] Load Texture LFCurry_18_B_2_2_00.udi, 131072, total is 2195456
[GLTextureManager] Load Texture LFCurry_20_B_2_2_00.udi, 131072, total is 2326528
[GLTextureManager] Load Texture LFCurry_15_B_2_00.udi, 131072, total is 2457600
[PlayerProfile] Saved data not available.
[0x281] CJSonFile::Load() failed to open (filehandle was NULL) mRsrcPath = /LF/Bulk/Data/Local/0/./Milestones.json
[GLTextureManager] Load Texture UIAnimation/LoadingAnim/LoadingAnim__page0.udi, 131072, total is 2588672
TitleStart
Create ParticleSystem template DriveDust_LX success!
Create ParticleSystem template speedline success!
Create ParticleSystem template splash success!
Create ParticleSystem template splash_L success!
[GLTextureManager] Load Texture Nickelodeon_Logo.udi, 38432, total is 2627104
[GLTextureManager] Load Texture Logo_words_virtuos_situ.udi, 77312, total is 2704416
[GLTextureManager] Load Texture Title screen.udi, 153600, total is 2858016
[GLTextureManager] Load Texture UITexture/Badges_Popup.udi, 22464, total is 2880480
[GLTextureManager] Release Texture Nickelodeon_Logo.udi, 38432, total is 2842048
[GLTextureManager] Release Texture Logo_words_virtuos_situ.udi, 77312, total is 2764736
[GLTextureManager] Release Texture Title screen.udi, 153600, total is 2611136
[GLTextureManager] Load Texture UITexture/main_menu_bg.udi, 153600, total is 2764736
[GLTextureManager] Load Texture UITexture/ok.udi, 3072, total is 2767808
[GLTextureManager] Load Texture UITexture/main_menu_play_normal.udi, 13120, total is 2780928
[GLTextureManager] Load Texture UITexture/main_menu_play_focus.udi, 13120, total is 2794048
[GLTextureManager] Load Texture UITexture/settings_bb1a.udi, 26208, total is 2820256
[GLTextureManager] Load Texture UITexture/settings_bb2a.udi, 26208, total is 2846464
[GLTextureManager] Load Texture UITexture/main_menu_micromods_normal.udi, 13120, total is 2859584
[GLTextureManager] Load Texture UITexture/main_menu_micromods_focus.udi, 13120, total is 2872704
[GLTextureManager] Load Texture UITexture/main_menu_badges_normal.udi, 13120, total is 2885824
[GLTextureManager] Load Texture UITexture/main_menu_badges_focus.udi, 13120, total is 2898944
[GLTextureManager] Load Texture UITexture/main_menu_option_normal.udi, 13120, total is 2912064
[GLTextureManager] Load Texture UITexture/main_menu_option_focus.udi, 13120, total is 2925184
[GLTextureManager] Load Texture UITexture/main_menu_expansion_pack.udi, 12792, total is 2937976
[GLTextureManager] Load Texture UITexture/main_menu_expansion_pack_02.udi, 12792, total is 2950768
[GLTextureManager] Load Texture UITexture/main_menu_bob_hand.udi, 2304, total is 2953072
[GLTextureManager] Load Texture UITexture/main_menu_bob.udi, 35880, total is 2988952
[GLTextureManager] Load Texture UITexture/main_menu_bob_fist.udi, 1008, total is 2989960
[GLTextureManager] Load Texture UITexture/main_menu_bob_eyelid.udi, 2128, total is 2992088
[GLTextureManager] Load Texture UITexture/main_menu_bob_eye.udi, 2128, total is 2994216
[GLTextureManager] Load Texture UITexture/main_menu_font_Tune_Up_Garage.udi, 14560, total is 3008776
[GLTextureManager] Load Texture UITexture/sm_01.udi, 12992, total is 3021768
[GLTextureManager] Load Texture UIAnimation/BubbleAni/BubbleAni__page0.udi, 65536, total is 3087304
[GLTextureManager] Release Texture UITexture/main_menu_font_Tune_Up_Garage.udi, 14560, total is 3072744
[GLTextureManager] Load Texture UITextureOutOfPage/main_menu/main_menu_font_play.udi, 16120, total is 3088864
[GLTextureManager] Release Texture UITexture/main_menu_expansion_pack.udi, 12792, total is 3076072
[GLTextureManager] Load Texture UITextureOutOfPage/main_menu/main_menu_expansion_pack_03.udi, 12792, total is 3088864
[GLTextureManager] Release Texture UITexture/main_menu_expansion_pack_02.udi, 12792, total is 3076072
[GLTextureManager] Load Texture UITextureOutOfPage/main_menu/main_menu_expansion_pack_04.udi, 12792, total is 3088864
[GLTextureManager] Release Texture UITextureOutOfPage/main_menu/main_menu_font_play.udi, 16120, total is 3072744
[GLTextureManager] Load Texture UITextureOutOfPage/main_menu/main_menu_font_options.udi, 16120, total is 3088864
[GLTextureManager] Load Texture UITexture/records_bg.udi, 77312, total is 3166176
[GLTextureManager] Load Texture UITexture/options_mp.udi, 36000, total is 3202176
[GLTextureManager] Load Texture UITexture/back.udi, 4080, total is 3206256
[GLTextureManager] Load Texture UITexture/controls_bb1.udi, 12792, total is 3219048
[GLTextureManager] Load Texture UITexture/controls_bb2.udi, 12792, total is 3231840
[GLTextureManager] Load Texture UITexture/settings_bb1.udi, 26208, total is 3258048
[GLTextureManager] Load Texture UITexture/settings_bb2.udi, 26208, total is 3284256
[GLTextureManager] Load Texture UITexture/records_bb1.udi, 12792, total is 3297048
[GLTextureManager] Load Texture UITexture/records_bb2.udi, 12792, total is 3309840
[GLTextureManager] Load Texture UITexture/credits_bb1.udi, 12792, total is 3322632
[GLTextureManager] Load Texture UITexture/credits_bb2.udi, 12792, total is 3335424
[GLTextureManager] Load Texture UITexture/controls.udi, 6784, total is 3342208
[GLTextureManager] Release Texture UITexture/controls.udi, 6784, total is 3335424
[GLTextureManager] Load Texture UITextureOutOfPage/options_menu/settings.udi, 6784, total is 3342208
[GLTextureManager] Release Texture UITextureOutOfPage/options_menu/settings.udi, 6784, total is 3335424
[GLTextureManager] Load Texture UITextureOutOfPage/options_menu/credits.udi, 6784, total is 3342208
[GLTextureManager] Load Texture UITexture/credits_01bg.udi, 139200, total is 3481408
[GLTextureManager] Load Texture UITexture/credits_y_01.udi, 32256, total is 3513664
[GLTextureManager] Load Texture UITexture/credits_y_02.udi, 50384, total is 3564048
[GLTextureManager] Load Texture UITexture/credits_y_03.udi, 8928, total is 3572976
[GLTextureManager] Load Texture UITexture/credits_y_04.udi, 36000, total is 3608976
[GLTextureManager] Load Texture UITexture/credits_04bg.udi, 124512, total is 3733488
[GLTextureManager] Load Texture UITexture/credits_hk_01.udi, 3528, total is 3737016
[GLTextureManager] Load Texture UITexture/credits_hk_02.udi, 4408, total is 3741424
[GLTextureManager] Load Texture UITexture/credits_03bg.udi, 51600, total is 3793024
[GLTextureManager] Load Texture UITexture/credits_qg.udi, 130912, total is 3923936
[GLTextureManager] Load Texture UITexture/credits_mb.udi, 18792, total is 3942728
=== AppManager ===
+++ AppManager: Entered main function: 185162.63 12155883.35
[0x6] ButtonPowerUSBTask: Use tslib
[0x6] ButtonPowerUSBTask: tslib: ts_config failed
[0x6] LoadTSLib: use_tslib=0, handle=0x17a60, tsl=(nil), fd=0
[0x6] Start ButtonPowerUSB Task ... !
[0x6] Start Cartridge task ...!
[0x5] InitModule: Screen = 480 x 272
[0x5] InitModule: Screen = 480 x 272, pitch = 1920
[0x5] InitModule: Mapped 82000000 to 0x82000000, size 003fc000
[0x5] InitModule: Screen = 480 x 272, pitch = 1920
[0x5] InitModule: Mapped 82400000 to 0x82400000, size 003fc000
[0x5] InitModule: Screen = 480 x 272, pitch = 1920
[0x5] InitModule: Mapped 82800000 to 0x82800000, size 003fc000
+++ AppManager: Bgn Init Logging: 185162.70 12155888.26
+++ AppManager: Bgn InitMutex: 185162.71 12155888.57
[0x280] ============================================
[0x280]    AppManager ReLaunch Threshold = 5
[0x280] ============================================
[0x5] AllocBuffer: new buf offset 000FF000, length 0007F800
[0x5] CreateHandle: 0x18880: 480x272 (1920) @ 0x820ff000
[0x5] RegisterLayer: 0x18880: 480x272 (1920) @ 0x820ff000
[0x5] SetWindowPosition: 0x18880: 0,0 .. 480,272
[0x280] CAppManager::CAppManager ; LightningBase/Src/AppManager.cpp; 562; 2932764
[0x280] Platform = VALENCIA
[0x280] Shutdown Timer set for 12000 [ms] timeout
[0x280] USB Device Watchdog set for 12 [sec] timeout
[0x0] HasDoomPackageCritical: global doom file detected
+++ AppManager: End SetupSystem: 185162.74 12155890.94
[0x280] AppManager signal handler installed 
[0x0] DaemonControl socket connect failed ret=-1
[0x0] DaemonControl socket connect failed ret=-1
+++ AppManager: End Init CLogFile: 185162.75 12155891.15
[0x6] AddListener: added listener 0x18080, total number 1
[0x281] CJSonFile::Load() failed to open (filehandle was NULL) mRsrcPath = /LF/Base/DidjPatches/DidjPatches.json
+++ AppManager: End Load DidjPatches: 185162.75 12155891.28
get temp restart player id = -1
+++ AppManager: Bgn Set Profile Logging: 185162.75 12155891.37
+++ AppManager: End Set Profile Logging: 185162.75 12155891.38
[0x1] Found codec: socaudiolfp100, legacy=0
[0x1] set_hwparams: buffer time=128000, size=4096
[0x1] set_hwparams: period time=32000, size=1024
[0x1] CallbackThread: starting audio thread 0x30b28
+++ AppManager: End Set Power & USB: 185162.79 12155893.78
[0x280] mCurrentTransition = kLoginApp !
+++ AppManager: Bgn Load main.swf: 185162.79 12155893.86
[0x280] PushApp Start: LPAD/main.swf; LightningBase/Src/AppManager.cpp; 1121; 2926272
[0x280] LoadNewApp path = /LF/Base/LPAD/main.swf
[0x280] LoadNewApp: before; /LF/Base/LPAD/main.swf; 1706; 2926272
[0x6] ButtonPowerUSBTask: Use tslib
[0x6] ButtonPowerUSBTask: tslib: ts_config failed
[0x6] LoadTSLib: use_tslib=0, handle=0x466e8, tsl=(nil), fd=0
[0x6] ButtonPowerUSBTask: tslib: Falling back on touchscreen interface
[0x280] LoadNewApp: after ; /LF/Base/LPAD/main.swf; 1812; 2984036
[0x280] PushApp Done: LPAD/main.swf; LightningBase/Src/AppManager.cpp; 1123; 2984036
+++ AppManager: End Load main.swf: 185162.86 12155898.41
+++ AppManager: UI loaded: 185162.86 12155898.42
[0x280] mCurrentTransition = kPushApp !
[0x6] AddListener: added listener 0x44c98, total number 2
[0x6] AddListener: added listener 0x44cdc, total number 3
+++ AppManager: Flash: End Construct DidjPlayer: 185162.86 12155898.94
[0x5] AllocBuffer: new buf offset 0017E800, length 0007F800
[0x5] CreateHandle: 0x44f40: 480x272 (1920) @ 0x8217e800
[0x5] RegisterLayer: 0x44f40: 480x272 (1920) @ 0x8217e800
[0x5] SetWindowPosition: 0x44f40: 0,0 .. 480,272
[0x5] CreateHandle: 0x44fb8: 480x272 (1920) @ 0x4554c008
[0x5] RegisterLayer: 0x44fb8: 480x272 (1920) @ 0x4554c008
[0x5] UnRegisterLayer: 0x44fb8: 480x272 (1920) @ 0x4554c008
[0x5] RegisterLayer: 0x18880: 480x272 (1920) @ 0x820ff000
[0x5] SetWindowPosition: 0x18880: 0,0 .. 480,272
+++ AppManager: Flash: Bgn LoadMovie: 185162.88 12155899.72
+++ AppManager: Flash: Bgn CreatePlayer: 185162.88 12155899.86
[0x281] CSystemData::FindFont( LFCurry.ttf )
[0x281] CSystemData::FindFont( LFCurry.ttf )
tadpole-view: 480x272, scale 2x, dir /tmp/tadpole
tadpole-view: audio 32000 Hz, 2 ch, 16-bit (period 1024), latency capped at 600 ms
+++ AppManager: Flash: End CreatePlayer: 185163.03 12155909.52
+++ AppManager: Flash: End SetFrameBuffer: 185163.04 12155910.16
+++ AppManager: Flash: End LoadMovie: 185163.04 12155910.25
+++ AppManager: UI entered: 185163.04 12155910.25
+++ AppManager: UI updated: 185163.22 12155922.39
get temp restart player id = -1
trace:  ----------main::loadMainStageOne----------
trace:  ----------UIData::GetInstance----------
trace:  ----------UIData::UIData----------
trace:   ### default theme path is : /LF/Bulk/Downloads/PADS-0x1F1E0002-200001/UI_Tropical.swf
trace:  ----------UIData::UIData---------- _0ProfileUIData = undefined
trace:  ----------UIData::UIData---------- _1ProfileUIData = undefined
trace:  ----------UIData::UIData---------- _2ProfileUIData = undefined
trace:  ----------UIData::ResetPaths----------
[0x200] SystemPlugin::GetLocaleCode(): en-us
trace:  cuuLocaleCode = en-us
trace:  _language_code = en
trace:  _language_code = en
trace:  ----------SoundManager::GetInstance----------
trace:  ----------SoundManager::SoundManager----------
trace:  ..... theme is : undefined
[0x200] AppManagerPlugin::isBaseAppRelaunch, FALSE
trace:  ---------------- Main ------------- current logged in player is : 0
trace:  ..... bgPath is : /LF/Base//LpadAssets/Art/UI_StandardBackground.swf
trace:  BG Main Theme Loaded
trace:  ----------main::loadMainStageTwo----------
[0x200] SystemPlugin::SetDidjLegacyFlag( 0 )
[0x200] AppManagerPlugin::isBaseAppRelaunch, FALSE
trace:  ------main:: LF.AppManager.IsBaseAppRelaunch()------false
trace:  ------main:: LF.CSystem.GetLocale()-----en-us
[0x200] AppManagerPlugin::isBaseAppRelaunch, FALSE
trace:  ---------------- Main ------------- current logged in player is : 0
trace:  ----------UIData::isAnyProfilePresent----------
[0xf] fopenAtomic(/LF/Bulk/Data/Local/0/PAD2-0x1F1E0002-100000/UIData.json) returning 0x0005a0a0
[0xf] fcloseAtomic returning 0
[0xf] fopenAtomic(/LF/Bulk/Data/Local/1/PAD2-0x1F1E0002-100000/UIData.json) returning 0x00059d98
[0xf] fcloseAtomic returning 0
[0xf] fopenAtomic(/LF/Bulk/Data/Local/2/PAD2-0x1F1E0002-100000/UIData.json) returning 0x00059d98
[0xf] fcloseAtomic returning 0
trace:  ----------UIData::isAnyProfilePresent----------
trace:  ------------TabsTransition::TabsTransition---------------
trace:  _bgToShow = undefined
trace:  _bgToHide = undefined
trace:  ----------StateMachine::PushState----------- SignIn.swf
[0x200] SystemPlugin::GetPetResourcesPath(): /LF/Base/PetResources/
trace:  creating /tmp/ui_ready flag
trace:  ########################## setting flag ###### 0
trace:  ----------State::GrabStateData----------
[0x200] SystemPlugin::GetLocaleCode(): en-us
trace:  cuuLocaleCode = en-us
trace:  _language_code = en
trace:  country_code = us
trace:  ----------StateMachine::_mcListener.onLoadInit( _level0.mcContent.SignIn_mc )----------
trace:  ------------TabsTransition::Init---------------
trace:  ------------TabsTransition::Update-------------- 0
trace:  _animRefNext._tabWaitForLoad = undefined
trace:   .... animating next ....upper -39 lower 467
trace:  ------------TabsTransition::Update-------------- 0
trace:  _animRefNext._tabWaitForLoad = undefined
trace:   .... animating next ....upper -26 lower 454
trace:  ------------TabsTransition::Update-------------- 0
trace:  _animRefNext._tabWaitForLoad = undefined
trace:   .... animating next ....upper -13 lower 441
trace:  ------------TabsTransition::Update-------------- 0
trace:  _animRefNext._tabWaitForLoad = undefined
trace:   .... animating next ....upper 0 lower 428
trace:   ... done animating next, done with transition
trace:  ------------TabsTransition::Update-------------- 6
trace:  ------------TabsTransition::Update-------------- 5
trace:  ------------TabsTransition::Update-------------- 4
trace:  ------------TabsTransition::Update-------------- 3
trace:  ------------TabsTransition::Update-------------- 2
trace:  ------------TabsTransition::Update-------------- 1
trace:  ----------main::ChangeBackground----------/LF/Base//LpadAssets/Art/UI_StandardBackground.swf
trace:  --------SoundManager::StopSequence-----
trace:  _sequenceSound = [object Object]
trace:  _sequenceIntervalId = undefined
trace:  --------SoundManager::ClearEndOfSeqCallback-----
trace:  BG Main Theme Loaded in ChangeBackground
trace:  -----Callback.PrintDebugInfo-----
trace:       _cbFunc:  [type Function]
trace:       _cbScope: _level0.mcContent.SignIn_mc.main_mc
trace:       _cbArgs:  _level0.mcContent.SignIn_mc.main_mc._0
trace:  --------SoundManager::StopSequence-----
trace:  _sequenceSound = [object Object]
trace:  _sequenceIntervalId = undefined
trace:  --------SoundManager::ClearEndOfSeqCallback-----
[0xf] fopenAtomic(/LF/Bulk/settings.cfg) returning 0x00066498
[0xf] fcloseAtomic returning 0
[0x200] SystemPlugin::setCurrentPlayerID( 0 )
trace:  ----------main::DeleteAllPageBitmaps----------
trace:  ------------TabsTransition::TabsTransition---------------
trace:  _bgToShow = null
trace:  _bgToHide = _signInBG
trace:  ----------StateMachine::ReplaceTopState----------- HomePicker.swf
trace:  _currState._container = _level0.mcContent.SignIn_mc
trace:  movieclip = _level0.mcContent.HomePicker_mc
trace:  ----------HomePickerState::HomePickerState----------
trace:  ----------UIPetLPAD::UIPetLPAD----------
[0x200] SystemPlugin::GetLocaleCode(): en-us
[0x200] SystemPlugin::IsLFPlatform(): true
[0x200] SystemPlugin::GetLocaleCode(): en-us
[0x200] SystemPlugin::IsLFPlatform(): true
trace:  --------BaseImageButton::BaseImageButton-----_level0.mcContent.HomePicker_mc._upperTab._userImageBtn
trace:  --------BaseOnPressButton::BaseOnPressButton-----
trace:  --------BaseTextButton::BaseTextButton-----
trace:  ----------StateMachine::_mcListener.onLoadInit( _level0.mcContent.HomePicker_mc )----------
trace:  ------------TabsTransition::Init---------------
trace:   _incrementUpper : 52
trace:   _incrementLower : 52
trace:  ----------UIData::LogIn----------
[0xf] fopenAtomic(/LF/Bulk/settings.cfg) returning 0x00066498
[0xf] fcloseAtomic returning 0
[0x200] SystemPlugin::setCurrentPlayerID( 0 )
trace:  ################################
trace:   playerId = 0
trace:   _currProfileID = 0
trace:   _currThemePath = /LF/Bulk/Downloads/PADS-0x1F1E0002-200002/UI_Coast.swf
trace:  ################################
trace:  ----------main::ChangeBackground----------/LF/Bulk/Downloads/PADS-0x1F1E0002-200002/UI_Coast.swf
[0xf] fopenAtomic(/LF/Bulk/Data/Local/0/./profile.dsc) returning 0x000678f0
[0xf] fcloseAtomic returning 0
[0x200] Setting Current Profile to 0
trace:  ----------HomePickerState::PreEnter----------
trace:  ----------State::GrabStateData----------
[0x200] SystemPlugin::GetLocaleCode(): en-us
trace:  cuuLocaleCode = en-us
trace:  _language_code = en
trace:  country_code = us
trace:  --------BaseTextButton::SetTextField----- Ghb
trace:  WARNING: Player profile picture load failed!
trace:  ----------HomePickerState::OnUserImageLoad----------
trace:  ----------HomePickerState::SetCartStatus---------- 0
trace:  ----------HomePickerState::GetAllIcons----------
[0x200] SystemPlugin::getProgramFileApps - Valencia - getting ready to sort
[0x200] SystemPlugin::getProgramFileApps - Valencia - sort file exists /LF/Bulk/Data/Local/0/PAD2-0x1F1E0002-100000/ProgramFileAppOrder.json
trace:  ----------HomePickerState::AdjustStatusbar----------
trace:  ----------HomePickerState::StartPowerListener----------
[0x6] AddListener: added listener 0x66960, total number 4
trace:  ------------TabsTransition::Update-------------- 0
trace:   .... animating prev ... 
trace:  MODE_LOAD_ICONS 
trace:  ----------HomePickerState::ManageIconLoading----------
trace:  ----------HomePickerState::ChangeCartIconData----------
trace:  ----------HomePickerState::GoToFirstPage----------
trace:  ----------HomePickerState::ChangeCartIconImage----------
trace:  ----------HomePickerState::GetCategoryColorFieldName----------
trace:  ----------HomePickerState::SetCategoryLabelFieldName----------icon0
trace:  ----------HomePickerState::SetIconLabelText----------icon0
trace:  ----------HomePickerState::LoadIconImage----------icon0
trace:  ------------TabsTransition::Update-------------- 0
trace:   .... animating prev ... 
trace:  MODE_LOAD_ICONS 
trace:  ----------HomePickerState::ManageIconLoading----------
trace:  ----------HomePickerState::GetCategoryColorFieldName----------
trace:  ----------HomePickerState::LoadIconData----------icon1
trace:  ----------HomePickerState::SetCategoryLabelFieldName----------icon1
trace:  ----------HomePickerState::SetIconLabelText----------icon1
trace:  ----------HomePickerState::LoadIconImage----------icon1
trace:  ------------TabsTransition::Update-------------- 0
trace:   .... animating prev ... 
trace:  BG Main Theme Loaded in ChangeBackground
trace:  MODE_LOAD_ICONS 
trace:  ----------HomePickerState::ManageIconLoading----------
trace:  ----------HomePickerState::GetCategoryColorFieldName----------
trace:  ----------HomePickerState::LoadIconData----------icon2
trace:  ----------HomePickerState::SetCategoryLabelFieldName----------icon2
trace:  ----------HomePickerState::SetIconLabelText----------icon2
trace:  ----------HomePickerState::LoadIconImage----------icon2
trace:  ------------TabsTransition::Update-------------- 0
trace:   .... animating prev ... 
trace:   ... done animating previous, now start animating next
trace:  MODE_LOAD_ICONS 
trace:  ----------HomePickerState::ManageIconLoading----------
trace:  ----------HomePickerState::GetCategoryColorFieldName----------
trace:  ----------HomePickerState::LoadIconData----------icon3
trace:  ----------HomePickerState::SetCategoryLabelFieldName----------icon3
trace:  ----------HomePickerState::SetIconLabelText----------icon3
trace:  ----------HomePickerState::LoadIconImage----------icon3
trace:  ------------TabsTransition::Update-------------- 12
trace:  MODE_LOAD_ICONS 
trace:  ----------HomePickerState::ManageIconLoading----------
trace:  ----------HomePickerState::GetCategoryColorFieldName----------
trace:  ----------HomePickerState::LoadIconData----------icon4
[0x200] SystemPlugin::getProgramFileApps - Valencia - getting ready to sort
[0x200] SystemPlugin::getProgramFileApps - Valencia - sort file exists /LF/Bulk/Data/Local/0/PAD2-0x1F1E0002-100000/ProgramFileAppOrder.json
trace:  ----------HomePickerState::SetCategoryLabelFieldName----------icon4
trace:  ----------HomePickerState::SetIconLabelText----------icon4
trace:  ----------HomePickerState::LoadIconImage----------icon4
trace:  ------------TabsTransition::Update-------------- 11
trace:  MAKING CART BITMAPS
trace:  ----------HomePickerState::MakeIconHighlightBitmap----------icon0
trace:  ----------HomePickerState::MakeIconBitmap----------icon0
trace:  MODE_LOAD_ICONS 
trace:  ----------HomePickerState::ManageIconLoading----------
trace:  ----------HomePickerState::GetCategoryColorFieldName----------
trace:  ----------HomePickerState::LoadIconData----------icon5
trace:  ----------HomePickerState::SetCategoryLabelFieldName----------icon5
trace:  ----------HomePickerState::SetIconLabelText----------icon5
trace:  ----------HomePickerState::LoadIconImage----------icon5
trace:  ------------TabsTransition::Update-------------- 10
trace:  MODE_LOAD_ICONS 
trace:  ----------HomePickerState::ManageIconLoading----------
trace:  ----------HomePickerState::GetCategoryColorFieldName----------
trace:  ----------HomePickerState::LoadIconData----------icon6
trace:  ----------HomePickerState::SetCategoryLabelFieldName----------icon6
trace:  ----------HomePickerState::SetIconLabelText----------icon6
trace:  ----------HomePickerState::LoadIconImage----------icon6
trace:  ------------TabsTransition::Update-------------- 9
trace:  MODE_LOAD_ICONS 
trace:  ----------HomePickerState::ManageIconLoading----------
trace:  ----------HomePickerState::GetCategoryColorFieldName----------
trace:  ----------HomePickerState::LoadIconData----------icon7
trace:  ----------HomePickerState::SetCategoryLabelFieldName----------icon7
trace:  ----------HomePickerState::SetIconLabelText----------icon7
trace:  ----------HomePickerState::LoadIconImage----------icon7
trace:  ------------TabsTransition::Update-------------- 8
trace:  MODE_LOAD_ICONS 
trace:  ----------HomePickerState::ManageIconLoading----------
trace:  ----------HomePickerState::GetCategoryColorFieldName----------
trace:  ----------HomePickerState::LoadIconData----------icon8
trace:  ----------HomePickerState::SetCategoryLabelFieldName----------icon8
trace:  ----------HomePickerState::SetIconLabelText----------icon8
trace:  ----------HomePickerState::LoadIconImage----------icon8
trace:  ------------TabsTransition::Update-------------- 7
trace:  MODE_LOAD_ICONS 
trace:  ----------HomePickerState::ManageIconLoading----------
trace:  ----------HomePickerState::GetCategoryColorFieldName----------
trace:  ----------HomePickerState::LoadIconData----------icon9
trace:  ----------HomePickerState::SetCategoryLabelFieldName----------icon9
trace:  ----------HomePickerState::SetIconLabelText----------icon9
trace:  ----------HomePickerState::LoadIconImage----------icon9
trace:  ------------TabsTransition::Update-------------- 6
trace:  MODE_LOAD_ICONS 
trace:  ----------HomePickerState::ManageIconLoading----------
trace:  ----------HomePickerState::GetCategoryColorFieldName----------
trace:  ----------HomePickerState::LoadIconData----------icon10
trace:  ----------HomePickerState::SetCategoryLabelFieldName----------icon10
trace:  ----------HomePickerState::SetIconLabelText----------icon10
trace:  ----------HomePickerState::LoadIconImage----------icon10
trace:  ------------TabsTransition::Update-------------- 5
trace:  MODE_LOAD_ICONS 
trace:  ----------HomePickerState::ManageIconLoading----------
trace:  ----------HomePickerState::GetCategoryColorFieldName----------
trace:  ----------HomePickerState::LoadIconData----------icon11
trace:  ----------HomePickerState::SetCategoryLabelFieldName----------icon11
trace:  ----------HomePickerState::SetIconLabelText----------icon11
trace:  ----------HomePickerState::LoadIconImage----------icon11
trace:  ------------TabsTransition::Update-------------- 4
trace:  MODE_LOAD_ICONS 
trace:  ----------HomePickerState::ManageIconLoading----------
trace:  ----------HomePickerState::GetCategoryColorFieldName----------
trace:  ----------HomePickerState::LoadIconData----------icon12
trace:  ----------HomePickerState::SetCategoryLabelFieldName----------icon12
trace:  ----------HomePickerState::SetIconLabelText----------icon12
trace:  ----------HomePickerState::LoadIconImage----------icon12
trace:  ------------TabsTransition::Update-------------- 3
trace:  MODE_LOAD_ICONS 
trace:  ----------HomePickerState::ManageIconLoading----------
trace:  ----------HomePickerState::GetCategoryColorFieldName----------
trace:  ----------HomePickerState::LoadIconData----------icon13
trace:  ----------HomePickerState::SetCategoryLabelFieldName----------icon13
trace:  ----------HomePickerState::SetIconLabelText----------icon13
trace:  ----------HomePickerState::LoadIconImage----------icon13
trace:  ------------TabsTransition::Update-------------- 2
trace:  MODE_LOAD_ICONS 
trace:  ----------HomePickerState::ManageIconLoading----------
trace:  ----------HomePickerState::GetCategoryColorFieldName----------
trace:  ----------HomePickerState::LoadIconData----------icon14
trace:  ----------HomePickerState::SetCategoryLabelFieldName----------icon14
trace:  ----------HomePickerState::SetIconLabelText----------icon14
trace:  ----------HomePickerState::LoadIconImage----------icon14
trace:  ------------TabsTransition::Update-------------- 1
trace:  waiting for load of the image
trace:  MODE_LOAD_ICONS 
trace:  ----------HomePickerState::ManageIconLoading----------
trace:  ------------TabsTransition::Update-------------- 0
trace:  waiting for load of the image
trace:  MODE_LOAD_ICONS 
trace:  ----------HomePickerState::ManageIconLoading----------
trace:  ------------TabsTransition::Update-------------- 0
trace:  waiting for load of the image
trace:  MODE_LOAD_ICONS 
trace:  ----------HomePickerState::ManageIconLoading----------
trace:  ------------TabsTransition::Update-------------- 0
trace:  waiting for load of the image
trace:  ------------TabsTransition::Update-------------- 0
trace:  _animRefNext._tabWaitForLoad = false
trace:   .... animating next ....upper -63.1125 lower 467
trace:  ------------TabsTransition::Update-------------- 0
trace:  _animRefNext._tabWaitForLoad = false
trace:   .... animating next ....upper -40.2625 lower 454
trace:  ------------TabsTransition::Update-------------- 0
trace:  _animRefNext._tabWaitForLoad = false
trace:   .... animating next ....upper -17.4125 lower 441
trace:  ------------TabsTransition::Update-------------- 0
trace:  _animRefNext._tabWaitForLoad = false
trace:   .... animating next ....upper 5.4375 lower 428
trace:   ... done animating next, done with transition
trace:  ------------TabsTransition::Update-------------- 6
trace:  ------------TabsTransition::Update-------------- 5
trace:  ------------TabsTransition::Update-------------- 4
trace:  ------------TabsTransition::Update-------------- 3
trace:  ------------TabsTransition::Update-------------- 2
trace:  ------------TabsTransition::Update-------------- 1
trace:  ----------HomePickerState::Enter----------
trace:  ----------HomePickerState::ActivateButtons----------
trace:  ----------HomePickerState::CheckForConnectNag----------
trace:  MODE_LOAD_ICON_HIGHLIGHT_BITMAPS 
trace:  ----------HomePickerState::ManageIconHighlightBitmapLoading----------
trace:  MODE_LOAD_ICON_HIGHLIGHT_BITMAPS 
trace:  ----------HomePickerState::ManageIconHighlightBitmapLoading----------
trace:  ----------HomePickerState::MakeIconHighlightBitmap----------icon1
trace:  MODE_LOAD_ICON_HIGHLIGHT_BITMAPS 
trace:  ----------HomePickerState::ManageIconHighlightBitmapLoading----------
trace:  ----------HomePickerState::MakeIconHighlightBitmap----------icon2
trace:  MODE_LOAD_ICON_HIGHLIGHT_BITMAPS 
trace:  ----------HomePickerState::ManageIconHighlightBitmapLoading----------
trace:  ----------HomePickerState::MakeIconHighlightBitmap----------icon3
trace:  MODE_LOAD_ICON_HIGHLIGHT_BITMAPS 
trace:  ----------HomePickerState::ManageIconHighlightBitmapLoading----------
trace:  ----------HomePickerState::MakeIconHighlightBitmap----------icon4
trace:  MODE_LOAD_ICON_HIGHLIGHT_BITMAPS 
trace:  ----------HomePickerState::ManageIconHighlightBitmapLoading----------
trace:  ----------HomePickerState::MakeIconHighlightBitmap----------icon5
trace:  MODE_LOAD_ICON_HIGHLIGHT_BITMAPS 
trace:  ----------HomePickerState::ManageIconHighlightBitmapLoading----------
trace:  ----------HomePickerState::MakeIconHighlightBitmap----------icon6
trace:  MODE_LOAD_ICON_HIGHLIGHT_BITMAPS 
trace:  ----------HomePickerState::ManageIconHighlightBitmapLoading----------
trace:  ----------HomePickerState::MakeIconHighlightBitmap----------icon7
trace:  MODE_LOAD_ICON_HIGHLIGHT_BITMAPS 
trace:  ----------HomePickerState::ManageIconHighlightBitmapLoading----------
trace:  ----------HomePickerState::MakeIconHighlightBitmap----------icon8
trace:  MODE_LOAD_ICON_HIGHLIGHT_BITMAPS 
trace:  ----------HomePickerState::ManageIconHighlightBitmapLoading----------
trace:  MODE_LOAD_ICON_BITMAPS 
trace:  ----------HomePickerState::ManageIconBitmapLoading----------
trace:  MODE_LOAD_ICON_BITMAPS 
trace:  ----------HomePickerState::ManageIconBitmapLoading----------
trace:  ----------HomePickerState::MakeIconBitmap----------icon1
trace:  MODE_LOAD_ICON_BITMAPS 
trace:  ----------HomePickerState::ManageIconBitmapLoading----------
trace:  ----------HomePickerState::MakeIconBitmap----------icon2
trace:  MODE_LOAD_ICON_BITMAPS 
trace:  ----------HomePickerState::ManageIconBitmapLoading----------
trace:  ----------HomePickerState::MakeIconBitmap----------icon3
trace:  MODE_LOAD_ICON_BITMAPS 
trace:  ----------HomePickerState::ManageIconBitmapLoading----------
trace:  ----------HomePickerState::MakeIconBitmap----------icon4
trace:  MODE_LOAD_ICON_BITMAPS 
trace:  ----------HomePickerState::ManageIconBitmapLoading----------
trace:  ----------HomePickerState::MakeIconBitmap----------icon5
trace:  MODE_LOAD_ICON_BITMAPS 
trace:  ----------HomePickerState::ManageIconBitmapLoading----------
trace:  ----------HomePickerState::MakeIconBitmap----------icon6
trace:  MODE_LOAD_ICON_BITMAPS 
trace:  ----------HomePickerState::ManageIconBitmapLoading----------
trace:  ----------HomePickerState::MakeIconBitmap----------icon7
trace:  MODE_LOAD_ICON_BITMAPS 
trace:  ----------HomePickerState::ManageIconBitmapLoading----------
trace:  ----------HomePickerState::MakeIconBitmap----------icon8
trace:  MODE_LOAD_ICON_BITMAPS 
trace:  ----------HomePickerState::ManageIconBitmapLoading----------
trace:  MODE_BITMAP_BACKGROUND 
trace:  ----------HomePickerState::ManageBackgroundBitmapping----------
trace:  ----------HomePickerState::MakeUpperTabBitmap----------
trace:  ----------HomePickerState::CheckIfCurrentPageIsLoaded----------
trace:  ----------HomePickerState::EnableButtons----------
[0x200] SystemPlugin::ResetTouchscreenSampleRate(): false
trace:  ----------HomePickerState::EnableArrows----------
[0x200] SystemPlugin::ResetTouchscreenSampleRate(): false
trace:  MODE_BITMAP_BACKGROUND 
trace:  ----------HomePickerState::ManageBackgroundBitmapping----------
trace:  ----------SoundManager::StopMusic----------
trace:  ----------SoundManager::PlayMusic----------
trace:  MODE_INITIALIZE_PET 
trace:  ----------HomePickerState::ManagePetInitialization----------
trace:  ----------HomePickerState::InitializePet----------
trace:  ----------UIPetLPAD::LoadPet----------
trace:  ----------LF.LPAD.Pet.com.frimastudio.emerald.utils.SaveManager::ReadSavedData----------
trace:  About to AddAvatar
trace:  
READ SCRIPT
trace:  READ SCRIPT DONE

trace:  ----------PetAccelerometerManager::PetAccelerometerManager----------
[0x200] AccelerometerPlugin::setAccelerometerRate, rate = 10
trace:  ----------PetAccelerometerManager::Deactivate----------
[0x6] RemoveListener: could not find listener 0x457e2530, total number 4
trace:  ----------PetAccelerometerManager::Init----------
trace:  mAvatar._name = _UIPetLPAD
trace:  mIsActive = true
trace:  ----------UIPetLPAD::ChangeStateToJumpIn----------
trace:  ----------UIPetLPAD::ResumePet----------
trace:  ----------PetAccelerometerManager::Activate----------
[0x6] AddListener: added listener 0x457e2530, total number 5
trace:  MODE_PLAY_INITIAL_AUDIO_PROMPTS 
trace:  ----------HomePickerState::PlayInitialAudioPrompts----------
trace:  ----------IdlePrompts::GetInstance----------
trace:  ----------IdlePrompts::IdlePrompts----------
trace:  ----------IdlePrompts::PullData----------
trace:  ----------IdlePrompts::SetAllPrompts----------
trace:  ----------IdlePrompts::StartPromptTimer----------
trace:  MODE_JUMP_PET_IN 
trace:  ----------HomePickerState::ManagePetJumpingIn----------
trace:  ----------UIPetLPAD::SuspendPet----------
trace:  ----------PetAccelerometerManager::Deactivate----------
[0x6] RemoveListener: removed listener 0x457e2530, total number 4
trace:  MODE_LOAD_ICONS 
trace:  ----------HomePickerState::ManageIconLoading----------
trace:  MODE_LOAD_ICON_HIGHLIGHT_BITMAPS 
trace:  ----------HomePickerState::ManageIconHighlightBitmapLoading----------
trace:  ----------HomePickerState::MakeIconHighlightBitmap----------icon9
trace:  MODE_LOAD_ICON_HIGHLIGHT_BITMAPS 
trace:  ----------HomePickerState::ManageIconHighlightBitmapLoading----------
trace:  ----------HomePickerState::MakeIconHighlightBitmap----------icon10
trace:  MODE_LOAD_ICON_HIGHLIGHT_BITMAPS 
trace:  ----------HomePickerState::ManageIconHighlightBitmapLoading----------
trace:  ----------HomePickerState::MakeIconHighlightBitmap----------icon11
trace:  MODE_LOAD_ICON_HIGHLIGHT_BITMAPS 
trace:  ----------HomePickerState::ManageIconHighlightBitmapLoading----------
trace:  ----------HomePickerState::MakeIconHighlightBitmap----------icon12
trace:  MODE_LOAD_ICON_HIGHLIGHT_BITMAPS 
trace:  ----------HomePickerState::ManageIconHighlightBitmapLoading----------
trace:  ----------HomePickerState::MakeIconHighlightBitmap----------icon13
trace:  MODE_LOAD_ICON_HIGHLIGHT_BITMAPS 
trace:  ----------HomePickerState::ManageIconHighlightBitmapLoading----------
trace:  ----------HomePickerState::MakeIconHighlightBitmap----------icon14
trace:  MODE_LOAD_ICON_HIGHLIGHT_BITMAPS 
trace:  ----------HomePickerState::ManageIconHighlightBitmapLoading----------
trace:  MODE_LOAD_ICON_BITMAPS 
trace:  ----------HomePickerState::ManageIconBitmapLoading----------
trace:  ----------HomePickerState::MakeIconBitmap----------icon9
trace:  MODE_LOAD_ICON_BITMAPS 
trace:  ----------HomePickerState::ManageIconBitmapLoading----------
trace:  ----------HomePickerState::MakeIconBitmap----------icon10
trace:  MODE_LOAD_ICON_BITMAPS 
trace:  ----------HomePickerState::ManageIconBitmapLoading----------
trace:  ----------HomePickerState::MakeIconBitmap----------icon11
trace:  MODE_LOAD_ICON_BITMAPS 
trace:  ----------HomePickerState::ManageIconBitmapLoading----------
trace:  ----------HomePickerState::MakeIconBitmap----------icon12
trace:  MODE_LOAD_ICON_BITMAPS 
trace:  ----------HomePickerState::ManageIconBitmapLoading----------
trace:  ----------HomePickerState::MakeIconBitmap----------icon13
trace:  MODE_LOAD_ICON_BITMAPS 
trace:  ----------HomePickerState::ManageIconBitmapLoading----------
trace:  ----------HomePickerState::MakeIconBitmap----------icon14
trace:  MODE_LOAD_ICON_BITMAPS 
trace:  ----------HomePickerState::ManageIconBitmapLoading----------
trace:  MODE_BITMAP_BACKGROUND 
trace:  ----------HomePickerState::ManageBackgroundBitmapping----------
trace:  MODE_INITIALIZE_PET 
trace:  ----------HomePickerState::ManagePetInitialization----------
trace:  MODE_RESUME_PET 
trace:  ----------HomePickerState::ManagePetResume----------
trace:  ----------UIPetLPAD::ResumePet----------
trace:  ----------PetAccelerometerManager::Activate----------
[0x6] AddListener: added listener 0x457e2530, total number 5
trace:  ----------UIPetLPAD::EnableButtons----------
trace:  ----------IdlePrompts::PlayPrompt----------
trace:  ----------IdlePrompts::GetNextPromptToPlay----------Home_Idle_Badge
trace:  profile.GetBadges() and _global._uiData._currProfileUIData.BadgeNumber 11 and 11
trace:  ----------IdlePrompts::PlaySubsequentPrompt----------rightAway = true
trace:  ----------IdlePrompts::PlayPrompt----------
trace:  ----------IdlePrompts::GetNextPromptToPlay----------Home_Idle_Connect
trace:  _profile.GetBadges() and _global._uiData._currProfileUIData.BadgeNumber 11 and 11
[0x200] AppManagerPlugin::isBaseAppRelaunch, FALSE
trace:  ----------IdlePrompts::PlaySubsequentPrompt----------rightAway = true
trace:  ----------IdlePrompts::PlayPrompt----------
trace:  ----------IdlePrompts::GetNextPromptToPlay----------Home_Idle_nav
trace:  _mainPicker._numPages = 2
trace:  --------SoundManager::PlaySequence-----
trace:  --------SoundManager::StopSequence-----
trace:  _sequenceSound = [object Object]
trace:  _sequenceIntervalId = undefined
trace:  --------SoundManager::ClearEndOfSeqCallback-----
trace:  loadSound : sound = /LF/Base/LpadAssets_en/Audio/LPAD_BN0041.mp3
trace:  --------SoundManager::HandleLoad-----
trace:  --------SoundManager::HandleSequence-----
trace:  ----------SoundManager::onSequenceDelay----------
trace:  --------SoundManager::DoEndOfSeqCallback-----[object Object]
trace:  -----Callback.PrintDebugInfo-----
trace:       _cbFunc:  [type Function]
trace:       _cbScope: [object Object]
trace:       _cbArgs:  false
trace:  ----------IdlePrompts::PlaySubsequentPrompt----------rightAway = false
trace:  --------SoundManager::ClearEndOfSeqCallback-----
trace:  ----------IdlePrompts::PlayPrompt----------
trace:  ----------IdlePrompts::GetNextPromptToPlay----------Home_Idle_pet
trace:  _profile.GetPetOnUI() = true
trace:  _global._uiData._currProfileUIData.HasLaunchedPetApp = true
trace:  ----------IdlePrompts::PlaySubsequentPrompt----------rightAway = true
trace:  ----------IdlePrompts::PlayPrompt----------
trace:  ----------IdlePrompts::GetNextPromptToPlay----------Home_Idle_profile
trace:  _global._uiData._currProfileUIData.HasProfileBeenViewed = true
trace:  ----------IdlePrompts::PlaySubsequentPrompt----------rightAway = true
trace:  ----------IdlePrompts::PlayPrompt----------
trace:  ----------IdlePrompts::GetNextPromptToPlay----------Home_IconSwapAudio
trace:  ----------IdlePrompts::PlaySubsequentPrompt----------rightAway = true
trace:  ----------IdlePrompts::PlayPrompt----------
trace:  ----------IdlePrompts::GetNextPromptToPlay----------Home_BatteryAudio
trace:  LF.Power.GetPowerState() = 1
trace:  ----------IdlePrompts::PlaySubsequentPrompt----------rightAway = true
trace:  ----------UIPetLPAD::StartRandomAnim----------
trace:   -------ob._currState--Tricks_RollOver
trace:  ----------HomePickerState::ProcessMouseDown----------
trace:  ----------HomePickerState::OnNavPress----------1
trace:  ----------HomePickerState::ProcessNavPress----------1
trace:  ----------HomePickerState::ChangePage( 1 )----------
trace:  ----------HomePickerState::DisableButtons----------
[0x200] SystemPlugin::SetTouchscreenSampleRate( 1 ): false
trace:  ----------HomePickerState::DisableArrows----------
trace:  ----------HomePickerState::SetNumberOfIconsOnCurrentPage----------
trace:  ----------HomePickerState::SwapAnimatingIconsToBitmap----------
trace:  ----------HomePickerState::ProcessMouseUp----------
trace:  ----------HomePickerState::EnableButtons----------
[0x200] SystemPlugin::ResetTouchscreenSampleRate(): false
trace:  ----------HomePickerState::EnableArrows----------
[0x200] SystemPlugin::ResetTouchscreenSampleRate(): false
trace:  ----------HomePickerState::EnableArrows----------
[0x200] SystemPlugin::ResetTouchscreenSampleRate(): false
trace:  ----------HomePickerState::SwapAnimatingIconsToBitmap----------
trace:  MODE_RESUME_PET 
trace:  ----------HomePickerState::ManagePetResume----------
trace:  ----------UIPetLPAD::EnableButtons----------
trace:  -----Callback.PrintDebugInfo-----
trace:       _cbFunc:  null
trace:       _cbScope: _level0.mcContent.HomePicker_mc.main_mc
trace:       _cbArgs:  undefined
trace:  ----------HomePickerState::ProcessMouseDown----------
trace:  ----------BaseIconButton::onPress()---------- icon10
trace:  ----------HomePickerState::ProcessIconOnPress----------
trace:  game_info._title = Mr. Pencil              Saves Doodleburg
trace:  ----------HomePickerState::ProcessMouseUp----------
trace:  ----------BaseIconButton::onRelease()---------- icon10
trace:  ----------HomePickerState::ProcessIconOnRelease----------
trace:  ----------HomePickerState::DisableButtons----------
[0x200] SystemPlugin::SetTouchscreenSampleRate( 1 ): false
trace:  ----------HomePickerState::DisableArrows----------
trace:  ----------UIPetLPAD::SuspendPet----------
trace:  ----------PetAccelerometerManager::Deactivate----------
[0x6] RemoveListener: removed listener 0x457e2530, total number 4
trace:  ----------HomePickerState::PausePrompts----------
trace:  ----------IdlePrompts::PausePrompts----------
trace:  ----------IdlePrompts::SavePromptData----------
trace:  --------SoundManager::StopSequence-----
trace:  _sequenceSound = [object Object]
trace:  _sequenceIntervalId = 7
trace:  --------SoundManager::ClearEndOfSeqCallback-----
trace:  -----Callback.PrintDebugInfo-----
trace:       _cbFunc:  [type Function]
trace:       _cbScope: _level0.mcContent.HomePicker_mc.main_mc
trace:       _cbArgs:  [object Object]
trace:  ----------HomePickerState::PlayAppGameInfoSound----------
trace:  ----------HomePickerState::LaunchApp----------
trace:  ----------SoundManager::StopMusic----------
trace:  ------------TabsTransition::TabsTransition---------------
trace:  _bgToShow = undefined
trace:  _bgToHide = undefined
trace:  ----------StateMachine::ReplaceTopState----------- LaunchApp.swf
trace:  _currState._container = _level0.mcContent.HomePicker_mc
trace:  movieclip = _level0.mcContent.LaunchApp_mc
[0x6] RemoveListener: could not find listener 0x457e2a1c, total number 4
trace:  ----------StateMachine::_mcListener.onLoadInit( _level0.mcContent.LaunchApp_mc )----------
trace:  ------------TabsTransition::Init---------------
trace:   _incrementUpper : 97.55
trace:   _incrementLower : 52
trace:  ----------HomePickerState::Exit----------
trace:  ----------HomePickerState::ClearIconBitmaps----------
trace:  ----------HomePickerState::ClearUpperTabBitmap----------
[0x6] RemoveListener: removed listener 0x66960, total number 3
[0x6] RemoveListener: could not find listener 0x66960, total number 3
trace:  ----------HomePickerState::PausePrompts----------
trace:  ----------IdlePrompts::PausePrompts----------
trace:  ----------IdlePrompts::SavePromptData----------
trace:  --------SoundManager::StopSequence-----
trace:  _sequenceSound = [object Object]
trace:  _sequenceIntervalId = 7
trace:  --------SoundManager::ClearEndOfSeqCallback-----
trace:  ----------SoundManager::FadeOutMusic----------
trace:  _music.position = 39288
trace:  ----------UIPetLPAD::RemovePet----------
trace:  ----------UIPetLPAD::Dispose----------
trace:  ----------PetAccelerometerManager::Dispose----------
[0x6] RemoveListener: could not find listener 0x457e2530, total number 3
trace:  ----------UIPetLPAD::Exit----------
[0x200] SystemPlugin::ResetTouchscreenSampleRate(): false
trace:  ------------TabsTransition::Update-------------- 0
trace:   .... animating prev ... 
trace:  ------------TabsTransition::Update-------------- 0
trace:   .... animating prev ... 
trace:  ------------TabsTransition::Update-------------- 0
trace:   .... animating prev ... 
trace:  ------------TabsTransition::Update-------------- 0
trace:   .... animating prev ... 
trace:   ... done animating previous, now start animating next
trace:  ------------TabsTransition::Update-------------- 12
trace:  ------------TabsTransition::Update-------------- 11
trace:  ------------TabsTransition::Update-------------- 10
trace:  ------------TabsTransition::Update-------------- 9
trace:  ------------TabsTransition::Update-------------- 8
trace:  ------------TabsTransition::Update-------------- 7
trace:  ------------TabsTransition::Update-------------- 6
trace:  ------------TabsTransition::Update-------------- 5
trace:  ------------TabsTransition::Update-------------- 4
trace:  ------------TabsTransition::Update-------------- 3
trace:  ------------TabsTransition::Update-------------- 2
trace:  ------------TabsTransition::Update-------------- 1
trace:  _animRefNext._tabWaitForLoad = undefined
trace:   .... animating next ....upper NaN lower NaN
trace:   ... done animating next, done with transition
trace:  ------------TabsTransition::Update-------------- 6
trace:  ------------TabsTransition::Update-------------- 5
trace:  ------------TabsTransition::Update-------------- 4
trace:  ------------TabsTransition::Update-------------- 3
trace:  ------------TabsTransition::Update-------------- 2
trace:  ------------TabsTransition::Update-------------- 1
[0x200] SystemPlugin::SetDidjLegacyFlag( 0 )
[0x280] ReplaceTopApp: 1 DATA IS  NULL ..... 
[0x280] LoadNewApp path = /LF/Bulk/ProgramFiles/LST3-0x00180015-000000/App.so
[0x280] LoadNewApp: before; /LF/Bulk/ProgramFiles/LST3-0x00180015-000000/App.so; 1706; 3448932
[0x280] LoadNewApp: after ; /LF/Bulk/ProgramFiles/LST3-0x00180015-000000/App.so; 1812; 3497532
[0x280] LoadNewApp: loading ViewFrame /LF/Base//EmeraldTitles/LST3-0x00180015-000000/ViewFrame.json
[0x280] mCurrentTransition = kReplaceTopApp !
[0x280] CAppManager::ExitPopUnloadApp()
trace:  ------------TabsTransition::TabsTransition---------------
trace:  _bgToShow = undefined
trace:  _bgToHide = undefined
trace:  ----------StateMachine::ReplaceTopState----------- HomePicker.swf
trace:  _currState._container = _level0.mcContent.LaunchApp_mc
trace:  movieclip = _level0.mcContent.HomePicker_mc
[0x6] RemoveListener: could not find listener 0x457e2a1c, total number 3
[0x6] RemoveListener: could not find listener 0x457e2530, total number 3
[0x6] RemoveListener: removed listener 0x44cdc, total number 2
[0x6] RemoveListener: removed listener 0x44c98, total number 1
[0x5] UnRegisterLayer: 0x44f40: 480x272 (1920) @ 0x8217e800
[0x5] DestroyHandle: 0x44f40: 480x272 (1920) @ 0x8217e800
[0x5] UnRegisterLayer: 0x44f40: 480x272 (1920) @ 0x8217e800
[0x5] DeAllocBuffer: remove offset 0017E800, length 0007F800
[0x5] UnRegisterLayer: 0x44fb8: 480x272 (1920) @ 0x4554c008
[0x5] DestroyHandle: 0x44fb8: 480x272 (1920) @ 0x4554c008
[0x5] UnRegisterLayer: 0x44fb8: 480x272 (1920) @ 0x4554c008
[0x6] RemoveListener: could not find listener 0x44ed0, total number 1
MPCriticalSection::~MPCriticalSection() error 22
[0x6] RemoveListener: could not find listener 0x44cdc, total number 1
[0x6] RemoveListener: could not find listener 0x44c98, total number 1
[0x280] ExitPopUnloadApp: before; /LF/Base/LPAD/; 1943; 3622460
[0x280] ExitPopUnloadApp: before UnloadModule /LF/Base/LPAD/
[0x280] ExitPopUnloadApp: module unloaded 120480
[0x280] ExitPopUnloadApp: after ; /LF/Base/LPAD/; 1949; 3620028
[0x280] ExitPopUnloadApp: OGL context still active after unloading
[0x280] ExitPopUnloadApp: aborting all Atomic I/O with fabortAllAtomic
[0xf] fabortAllAtomic: aborted 0 files
[0x280] CGameViewFrame::Enter
[0x0] DaemonControl socket connect failed ret=-1
[0x6] AddListener: added listener 0x96390, total number 2
[0x5] CreateHandle: 0xa36e8: 320x240 (1920) @ 0x82400000
[0x5] RegisterLayer: 0xa36e8: 320x240 (1920) @ 0x82400000
[0x5] SetWindowPosition: 0xa36e8: 0,0 .. 320,240
[0x5] SetWindowPosition: 0xa36e8: 0,0 .. 320,240
[0x5] eglInitialize()
[0x5] eglInitialize(): success = 1, version = 1.4
[0x5] OpenGL ES vendor = Tadpole
[0x5] OpenGL ES version = 1.4 Tadpole
[0x5] OpenGL ES extensions = 
[0x5] eglChooseConfig()
[0x5] eglCreateWindowSurface()
[0x5] eglCreateContext()
[0x5] eglMakeCurrent()
[0x5] eglSwapBuffers()
[0x5] RegisterLayer: 0xa36e8: 320x240 (1920) @ 0x82400000
[0x5] SetWindowPosition: 0xa36e8: 0,0 .. 320,240
[0x5] display handle = 0xa36e8
[0x281] WARNING:  Use of a deprecated function: LeapFrog::Brio::CPath CSystemData::GetUniversalAudioPath()
[0x6] AddListener: added listener 0x65370, total number 3
[0x6] AddListener: added listener 0x653b4, total number 4
[0x6] RemoveListener: removed listener 0x65370, total number 3
[0x6] RemoveListener: removed listener 0x653b4, total number 2
[0x281] WARNING:  Use of a deprecated function: LeapFrog::Brio::CPath CSystemData::GetUniversalAudioPath()
[0x6] AddListener: added listener 0x84280, total number 3
[0x6] AddListener: added listener 0x842c4, total number 4
[0xf] fopenAtomic(/LF/Bulk/Data/Local/0/LST3-0x00180015-000000/data.bin): mkstemp failed us!
[0xf] fopenAtomic(/LF/Bulk/Data/Local/0/LST3-0x00180015-000000/lesson.bin): mkstemp failed us!
[0xf] fopenAtomic(/LF/Bulk/Data/Local/0/LST3-0x00180015-000000/animation.bin): mkstemp failed us!
[0xf] fopenAtomic(/LF/Bulk/Data/Local/0/LST3-0x00180015-000000/achievements.bin): mkstemp failed us!
[0x6] RemoveListener: removed listener 0x84280, total number 3
[0x6] RemoveListener: removed listener 0x842c4, total number 2
[0x281] WARNING:  Use of a deprecated function: LeapFrog::Brio::CPath CSystemData::GetUniversalAudioPath()
[0x1] StartAudio: priority=201, volume=25 swapped
[0x6] AddListener: added listener 0xccf80, total number 3
[0x6] AddListener: added listener 0xccfc4, total number 4
[0x6] RemoveListener: removed listener 0xccf80, total number 3
[0x6] RemoveListener: removed listener 0xccfc4, total number 2
[0x281] WARNING:  Use of a deprecated function: LeapFrog::Brio::CPath CSystemData::GetUniversalAudioPath()
[0x1] StartAudio: priority=201, volume=46 swapped
[0x6] AddListener: added listener 0x1950c0, total number 3
[0x6] AddListener: added listener 0x195104, total number 4
[0x6] RemoveListener: removed listener 0x1950c0, total number 3
[0x6] RemoveListener: removed listener 0x195104, total number 2
[0x6] RemoveListener: could not find listener 0x1bc9b0, total number 2
[0x6] RemoveListener: could not find listener 0x195104, total number 2
[0x6] RemoveListener: could not find listener 0x1950c0, total number 2
[0x1] StartAudio: priority=201, volume=46 swapped
[0x6] AddListener: added listener 0xccf80, total number 3
[0x6] AddListener: added listener 0xccfc4, total number 4
[0xf] fopenAtomic(/LF/Bulk/Data/Local/0/LST3-0x00180015-000000/data.bin): mkstemp failed us!
[0xf] fopenAtomic(/LF/Bulk/Data/Local/0/LST3-0x00180015-000000/lesson.bin): mkstemp failed us!
[0xf] fopenAtomic(/LF/Bulk/Data/Local/0/LST3-0x00180015-000000/animation.bin): mkstemp failed us!
[0xf] fopenAtomic(/LF/Bulk/Data/Local/0/LST3-0x00180015-000000/achievements.bin): mkstemp failed us!
[0xf] fopenAtomic(/LF/Bulk/Data/Local/0/LST3-0x00180015-000000/data.bin): mkstemp failed us!
[0xf] fopenAtomic(/LF/Bulk/Data/Local/0/LST3-0x00180015-000000/lesson.bin): mkstemp failed us!
[0xf] fopenAtomic(/LF/Bulk/Data/Local/0/LST3-0x00180015-000000/animation.bin): mkstemp failed us!
[0xf] fopenAtomic(/LF/Bulk/Data/Local/0/LST3-0x00180015-000000/achievements.bin): mkstemp failed us!
[0x6] RemoveListener: removed listener 0xccf80, total number 3
[0x6] RemoveListener: removed listener 0xccfc4, total number 2
[0x281] WARNING:  Use of a deprecated function: LeapFrog::Brio::CPath CSystemData::GetUniversalAudioPath()
[0x6] AddListener: added listener 0x1015b0, total number 3
[0x6] AddListener: added listener 0x1015f4, total number 4
[0x280] LoadNewApp path = /LF/Bulk/ProgramFiles/LST3-0x00180015-000000/flash/ActionNews_Intro.swf
[0x280] LoadNewApp: before; /LF/Bulk/ProgramFiles/LST3-0x00180015-000000/flash/ActionNews_Intro.swf; 1706; 501768
[0x280] LoadNewApp: after ; /LF/Bulk/ProgramFiles/LST3-0x00180015-000000/flash/ActionNews_Intro.swf; 1812; 492160
[0x280] mCurrentTransition = kPushApp !
[0x280] CGameViewFrame::Suspend
[0x6] RemoveListener: removed listener 0x1015b0, total number 3
[0x6] RemoveListener: removed listener 0x1015f4, total number 2
[0x280] CGameViewFrame::Enter
[0x6] AddListener: added listener 0x160f10, total number 3
[0x6] AddListener: added listener 0x160f54, total number 4
+++ AppManager: Flash: End Construct DidjPlayer: 185247.80 12161403.58
[0x5] AllocBuffer: new buf offset 0017E800, length 00070800
[0x5] CreateHandle: 0x160a80: 320x240 (1920) @ 0x8217e800
[0x5] RegisterLayer: 0x160a80: 320x240 (1920) @ 0x8217e800
[0x5] SetWindowPosition: 0x160a80: 0,0 .. 320,240
[0x5] CreateHandle: 0x160af8: 320x240 (1280) @ 0x4573c008
[0x5] RegisterLayer: 0x160af8: 320x240 (1280) @ 0x4573c008
[0x5] UnRegisterLayer: 0x160af8: 320x240 (1280) @ 0x4573c008
+++ AppManager: Flash: Bgn LoadMovie: 185247.81 12161404.19
+++ AppManager: Flash: Bgn CreatePlayer: 185247.83 12161405.71
[0x281] CSystemData::FindFont( LFCurry.ttf )
[0x281] CSystemData::FindFont( LFCurry.ttf )
+++ AppManager: Flash: End CreatePlayer: 185247.97 12161414.50
+++ AppManager: Flash: End SetFrameBuffer: 185248.03 12161418.30
+++ AppManager: Flash: End LoadMovie: 185248.03 12161418.41
[0x280] mCurrentTransition = kPopApp !
[0x280] CAppManager::ExitPopUnloadApp()
[0x280] CGameViewFrame::Exit
[0x6] RemoveListener: could not find listener 0x45823a1c, total number 4
[0x6] RemoveListener: could not find listener 0x45823530, total number 4
[0x6] RemoveListener: removed listener 0x160f54, total number 3
[0x6] RemoveListener: removed listener 0x160f10, total number 2
[0x5] UnRegisterLayer: 0x160a80: 320x240 (1920) @ 0x8217e800
[0x5] DestroyHandle: 0x160a80: 320x240 (1920) @ 0x8217e800
[0x5] UnRegisterLayer: 0x160a80: 320x240 (1920) @ 0x8217e800
[0x5] DeAllocBuffer: remove offset 0017E800, length 00070800
[0x5] UnRegisterLayer: 0x160af8: 320x240 (1280) @ 0x4573c008
[0x5] DestroyHandle: 0x160af8: 320x240 (1280) @ 0x4573c008
[0x5] UnRegisterLayer: 0x160af8: 320x240 (1280) @ 0x4573c008
[0x6] RemoveListener: could not find listener 0x161048, total number 2
MPCriticalSection::~MPCriticalSection() error 22
[0x6] RemoveListener: could not find listener 0x160f54, total number 2
[0x6] RemoveListener: could not find listener 0x160f10, total number 2
[0x280] ExitPopUnloadApp: before; /LF/Bulk/ProgramFiles/LST3-0x00180015-000000/flash/; 1943; 3665400
[0x280] ExitPopUnloadApp: before UnloadModule /LF/Bulk/ProgramFiles/LST3-0x00180015-000000/flash/
[0x280] ExitPopUnloadApp: module unloaded 696984
[0x280] ExitPopUnloadApp: after ; /LF/Bulk/ProgramFiles/LST3-0x00180015-000000/flash/; 1949; 3664028
[0x280] CGameViewFrame::Resume
[0x6] AddListener: added listener 0x1015b0, total number 3
[0x6] AddListener: added listener 0x1015f4, total number 4
[0x6] RemoveListener: removed listener 0x1015b0, total number 3
[0x6] RemoveListener: removed listener 0x1015f4, total number 2
[0x6] RemoveListener: could not find listener 0x183408, total number 2
[0x6] RemoveListener: could not find listener 0x1015f4, total number 2
[0x6] RemoveListener: could not find listener 0x1015b0, total number 2
[0x281] WARNING:  Use of a deprecated function: LeapFrog::Brio::CPath CSystemData::GetUniversalAudioPath()
[0x1] StartAudio: priority=201, volume=46 swapped
[0x6] AddListener: added listener 0x101268, total number 3
[0x6] AddListener: added listener 0x1012ac, total number 4
[0xf] fopenAtomic(/LF/Bulk/Data/Local/0/LST3-0x00180015-000000/data.bin): mkstemp failed us!
[0xf] fopenAtomic(/LF/Bulk/Data/Local/0/LST3-0x00180015-000000/lesson.bin): mkstemp failed us!
[0xf] fopenAtomic(/LF/Bulk/Data/Local/0/LST3-0x00180015-000000/animation.bin): mkstemp failed us!
[0xf] fopenAtomic(/LF/Bulk/Data/Local/0/LST3-0x00180015-000000/achievements.bin): mkstemp failed us!
[0x4] TASK="LOCATION" VALUE="FIREHOUSE" TYPE="" [0x6] RemoveListener: removed listener 0x101268, total number 3
[0x6] RemoveListener: removed listener 0x1012ac, total number 2
[0x281] WARNING:  Use of a deprecated function: LeapFrog::Brio::CPath CSystemData::GetUniversalAudioPath()
[0x1] StartAudio: priority=201, volume=46 swapped
[0x6] AddListener: added listener 0x161e98, total number 3
[0x6] AddListener: added listener 0x161edc, total number 4
[0xf] fopenAtomic(/LF/Bulk/Data/Local/0/LST3-0x00180015-000000/data.bin): mkstemp failed us!
[0xf] fopenAtomic(/LF/Bulk/Data/Local/0/LST3-0x00180015-000000/lesson.bin): mkstemp failed us!
[0xf] fopenAtomic(/LF/Bulk/Data/Local/0/LST3-0x00180015-000000/animation.bin): mkstemp failed us!
[0xf] fopenAtomic(/LF/Bulk/Data/Local/0/LST3-0x00180015-000000/achievements.bin): mkstemp failed us!
[0x4] STATE_CHANGED NEW_STATE=TaskIntro[0x6] RemoveListener: removed listener 0x161e98, total number 3
[0x6] RemoveListener: removed listener 0x161edc, total number 2
[0x281] WARNING:  Use of a deprecated function: LeapFrog::Brio::CPath CSystemData::GetUniversalAudioPath()
[0x6] AddListener: added listener 0x58cc50, total number 3
[0x6] AddListener: added listener 0x58cc94, total number 4
[0x6] RemoveListener: removed listener 0x58cc50, total number 3
[0x6] RemoveListener: removed listener 0x58cc94, total number 2
[0x281] WARNING:  Use of a deprecated function: LeapFrog::Brio::CPath CSystemData::GetUniversalAudioPath()
[0x6] AddListener: added listener 0x174e68, total number 3
[0x6] AddListener: added listener 0x174eac, total number 4
[0x280] LoadNewApp path = /LF/Bulk/ProgramFiles/LST3-0x00180015-000000/flash/Lines_Intro.swf
[0x280] LoadNewApp: before; /LF/Bulk/ProgramFiles/LST3-0x00180015-000000/flash/Lines_Intro.swf; 1706; 3529512
[0x280] LoadNewApp: after ; /LF/Bulk/ProgramFiles/LST3-0x00180015-000000/flash/Lines_Intro.swf; 1812; 3529568
[0x280] mCurrentTransition = kPushApp !
[0x280] CGameViewFrame::Suspend
[0x6] RemoveListener: removed listener 0x174e68, total number 3
[0x6] RemoveListener: removed listener 0x174eac, total number 2
[0x280] CGameViewFrame::Enter
[0x6] AddListener: added listener 0x4d640, total number 3
[0x6] AddListener: added listener 0x4d684, total number 4
+++ AppManager: Flash: End Construct DidjPlayer: 185457.83 12175005.90
[0x5] AllocBuffer: new buf offset 0017E800, length 00070800
[0x5] CreateHandle: 0xa1ec8: 320x240 (1920) @ 0x8217e800
[0x5] RegisterLayer: 0xa1ec8: 320x240 (1920) @ 0x8217e800
[0x5] SetWindowPosition: 0xa1ec8: 0,0 .. 320,240
[0x5] CreateHandle: 0xa1f40: 320x240 (1280) @ 0x1cb118
[0x5] RegisterLayer: 0xa1f40: 320x240 (1280) @ 0x1cb118
[0x5] UnRegisterLayer: 0xa1f40: 320x240 (1280) @ 0x1cb118
+++ AppManager: Flash: Bgn LoadMovie: 185457.84 12175006.53
+++ AppManager: Flash: Bgn CreatePlayer: 185457.84 12175006.69
[0x281] CSystemData::FindFont( LFCurry.ttf )
[0x281] CSystemData::FindFont( LFCurry.ttf )
+++ AppManager: Flash: End CreatePlayer: 185458.00 12175016.74
+++ AppManager: Flash: End SetFrameBuffer: 185458.01 12175017.49
+++ AppManager: Flash: End LoadMovie: 185458.01 12175017.58
[0x280] mCurrentTransition = kPopApp !
[0x280] CAppManager::ExitPopUnloadApp()
[0x280] CGameViewFrame::Exit
[0x6] RemoveListener: could not find listener 0x45796a1c, total number 4
[0x6] RemoveListener: could not find listener 0x45796530, total number 4
[0x6] RemoveListener: removed listener 0x4d684, total number 3
[0x6] RemoveListener: removed listener 0x4d640, total number 2
[0x5] UnRegisterLayer: 0xa1ec8: 320x240 (1920) @ 0x8217e800
[0x5] DestroyHandle: 0xa1ec8: 320x240 (1920) @ 0x8217e800
[0x5] UnRegisterLayer: 0xa1ec8: 320x240 (1920) @ 0x8217e800
[0x5] DeAllocBuffer: remove offset 0017E800, length 00070800
[0x5] UnRegisterLayer: 0xa1f40: 320x240 (1280) @ 0x1cb118
[0x5] DestroyHandle: 0xa1f40: 320x240 (1280) @ 0x1cb118
[0x5] UnRegisterLayer: 0xa1f40: 320x240 (1280) @ 0x1cb118
[0x6] RemoveListener: could not find listener 0xa1df8, total number 2
MPCriticalSection::~MPCriticalSection() error 22
[0x6] RemoveListener: could not find listener 0x4d684, total number 2
[0x6] RemoveListener: could not find listener 0x4d640, total number 2
[0x280] ExitPopUnloadApp: before; /LF/Bulk/ProgramFiles/LST3-0x00180015-000000/flash/; 1943; 3546952
[0x280] ExitPopUnloadApp: before UnloadModule /LF/Bulk/ProgramFiles/LST3-0x00180015-000000/flash/
[0x280] ExitPopUnloadApp: module unloaded 1115104
[0x280] ExitPopUnloadApp: after ; /LF/Bulk/ProgramFiles/LST3-0x00180015-000000/flash/; 1949; 3546700
[0x280] CGameViewFrame::Resume
[0x6] AddListener: added listener 0x174e68, total number 3
[0x6] AddListener: added listener 0x174eac, total number 4
[0x6] RemoveListener: removed listener 0x174e68, total number 3
[0x6] RemoveListener: removed listener 0x174eac, total number 2
[0x6] RemoveListener: could not find listener 0x17de70, total number 2
[0x6] RemoveListener: could not find listener 0x174eac, total number 2
[0x6] RemoveListener: could not find listener 0x174e68, total number 2
[0x6] AddListener: added listener 0x58cc50, total number 3
[0x6] AddListener: added listener 0x58cc94, total number 4
[0x6] RemoveListener: removed listener 0x58cc50, total number 3
[0x6] RemoveListener: removed listener 0x58cc94, total number 2
[0x281] WARNING:  Use of a deprecated function: LeapFrog::Brio::CPath CSystemData::GetUniversalAudioPath()
[0x6] AddListener: added listener 0x174e68, total number 3
[0x6] AddListener: added listener 0x174eac, total number 4
[0x280] LoadNewApp path = /LF/Bulk/ProgramFiles/LST3-0x00180015-000000/flash/Horizontal_Lines_p1.swf
[0x280] LoadNewApp: before; /LF/Bulk/ProgramFiles/LST3-0x00180015-000000/flash/Horizontal_Lines_p1.swf; 1706; 3549504
[0x280] LoadNewApp: after ; /LF/Bulk/ProgramFiles/LST3-0x00180015-000000/flash/Horizontal_Lines_p1.swf; 1812; 3539332
[0x280] mCurrentTransition = kPushApp !
[0x280] CGameViewFrame::Suspend
[0x6] RemoveListener: removed listener 0x174e68, total number 3
[0x6] RemoveListener: removed listener 0x174eac, total number 2
[0x280] CGameViewFrame::Enter
[0x6] AddListener: added listener 0x4d630, total number 3
[0x6] AddListener: added listener 0x4d674, total number 4
+++ AppManager: Flash: End Construct DidjPlayer: 185471.06 12175825.09
[0x5] AllocBuffer: new buf offset 0017E800, length 00070800
[0x5] CreateHandle: 0x160700: 320x240 (1920) @ 0x8217e800
[0x5] RegisterLayer: 0x160700: 320x240 (1920) @ 0x8217e800
[0x5] SetWindowPosition: 0x160700: 0,0 .. 320,240
[0x5] CreateHandle: 0xa1df8: 320x240 (1280) @ 0x1cb118
[0x5] RegisterLayer: 0xa1df8: 320x240 (1280) @ 0x1cb118
[0x5] UnRegisterLayer: 0xa1df8: 320x240 (1280) @ 0x1cb118
+++ AppManager: Flash: Bgn LoadMovie: 185471.07 12175825.71
+++ AppManager: Flash: Bgn CreatePlayer: 185471.09 12175826.79
[0x281] CSystemData::FindFont( LFCurry.ttf )
[0x281] CSystemData::FindFont( LFCurry.ttf )
+++ AppManager: Flash: End CreatePlayer: 185471.23 12175836.17
+++ AppManager: Flash: End SetFrameBuffer: 185471.25 12175837.18
+++ AppManager: Flash: End LoadMovie: 185471.25 12175837.27
[0x280] mCurrentTransition = kPopApp !
[0x280] CAppManager::ExitPopUnloadApp()
[0x280] CGameViewFrame::Exit
[0x6] RemoveListener: could not find listener 0x45796a1c, total number 4
[0x6] RemoveListener: could not find listener 0x45796530, total number 4
[0x6] RemoveListener: removed listener 0x4d674, total number 3
[0x6] RemoveListener: removed listener 0x4d630, total number 2
[0x5] UnRegisterLayer: 0x160700: 320x240 (1920) @ 0x8217e800
[0x5] DestroyHandle: 0x160700: 320x240 (1920) @ 0x8217e800
[0x5] UnRegisterLayer: 0x160700: 320x240 (1920) @ 0x8217e800
[0x5] DeAllocBuffer: remove offset 0017E800, length 00070800
[0x5] UnRegisterLayer: 0xa1df8: 320x240 (1280) @ 0x1cb118
[0x5] DestroyHandle: 0xa1df8: 320x240 (1280) @ 0x1cb118
[0x5] UnRegisterLayer: 0xa1df8: 320x240 (1280) @ 0x1cb118
[0x6] RemoveListener: could not find listener 0x160650, total number 2
MPCriticalSection::~MPCriticalSection() error 22
[0x6] RemoveListener: could not find listener 0x4d674, total number 2
[0x6] RemoveListener: could not find listener 0x4d630, total number 2
[0x280] ExitPopUnloadApp: before; /LF/Bulk/ProgramFiles/LST3-0x00180015-000000/flash/; 1943; 3489256
[0x280] ExitPopUnloadApp: before UnloadModule /LF/Bulk/ProgramFiles/LST3-0x00180015-000000/flash/
[0x280] ExitPopUnloadApp: module unloaded 1108728
[0x280] ExitPopUnloadApp: after ; /LF/Bulk/ProgramFiles/LST3-0x00180015-000000/flash/; 1949; 3489256
[0x280] CGameViewFrame::Resume
[0x6] AddListener: added listener 0x174e68, total number 3
[0x6] AddListener: added listener 0x174eac, total number 4
[0x6] RemoveListener: removed listener 0x174e68, total number 3
[0x6] RemoveListener: removed listener 0x174eac, total number 2
[0x6] RemoveListener: could not find listener 0xa4090, total number 2
[0x6] RemoveListener: could not find listener 0x174eac, total number 2
[0x6] RemoveListener: could not find listener 0x174e68, total number 2
[0x4] TASK="" VALUE="" TYPE="" [0x6] AddListener: added listener 0x58cc50, total number 3
[0x6] AddListener: added listener 0x58cc94, total number 4
[0x6] RemoveListener: removed listener 0x58cc50, total number 3
[0x6] RemoveListener: removed listener 0x58cc94, total number 2
[0x281] WARNING:  Use of a deprecated function: LeapFrog::Brio::CPath CSystemData::GetUniversalAudioPath()
[0x6] AddListener: added listener 0xa1eb0, total number 3
[0x6] AddListener: added listener 0xa1ef4, total number 4
[0x4] STATE_CHANGED NEW_STATE=TaskIntro[0x4] STRAIGHT LINE START=[43,190] END=[204,189][0x4] STATE_CHANGED NEW_STATE=TaskDrawNEW ANSWER
[0x6] ButtonPowerUSBTask: Use tslib
[0x6] ButtonPowerUSBTask: tslib: ts_config failed
[0x6] LoadTSLib: use_tslib=0, handle=0x181388, tsl=(nil), fd=0
[0x6] ButtonPowerUSBTask: Use tslib
[0x6] ButtonPowerUSBTask: tslib: ts_config failed
[0x6] LoadTSLib: use_tslib=0, handle=0x193698, tsl=(nil), fd=0
[0x6] ButtonPowerUSBTask: Use tslib
[0x6] ButtonPowerUSBTask: tslib: ts_config failed
[0x6] LoadTSLib: use_tslib=0, handle=0x181370, tsl=(nil), fd=0
[0x6] ButtonPowerUSBTask: Use tslib
[0x6] ButtonPowerUSBTask: tslib: ts_config failed
[0x6] LoadTSLib: use_tslib=0, handle=0x181370, tsl=(nil), fd=0
[0x6] ButtonPowerUSBTask: Use tslib
[0x6] ButtonPowerUSBTask: tslib: ts_config failed
[0x6] LoadTSLib: use_tslib=0, handle=0x1813b0, tsl=(nil), fd=0
[0x6] ButtonPowerUSBTask: Use tslib
[0x6] ButtonPowerUSBTask: tslib: ts_config failed
[0x6] LoadTSLib: use_tslib=0, handle=0x1813b0, tsl=(nil), fd=0
[0x6] ButtonPowerUSBTask: Use tslib
[0x6] ButtonPowerUSBTask: tslib: ts_config failed
[0x6] LoadTSLib: use_tslib=0, handle=0x1813b0, tsl=(nil), fd=0
[0x6] ButtonPowerUSBTask: Use tslib
[0x6] ButtonPowerUSBTask: tslib: ts_config failed
[0x6] LoadTSLib: use_tslib=0, handle=0x1813b0, tsl=(nil), fd=0
[0x6] ButtonPowerUSBTask: Use tslib
[0x6] ButtonPowerUSBTask: tslib: ts_config failed
[0x6] LoadTSLib: use_tslib=0, handle=0x181248, tsl=(nil), fd=0
[0x6] ButtonPowerUSBTask: Use tslib
[0x6] ButtonPowerUSBTask: tslib: ts_config failed
[0x6] LoadTSLib: use_tslib=0, handle=0x181200, tsl=(nil), fd=0
[0x6] ButtonPowerUSBTask: Use tslib
[0x6] ButtonPowerUSBTask: tslib: ts_config failed
[0x6] LoadTSLib: use_tslib=0, handle=0x1814b8, tsl=(nil), fd=0
[0x6] ButtonPowerUSBTask: Use tslib
[0x6] ButtonPowerUSBTask: tslib: ts_config failed
[0x6] LoadTSLib: use_tslib=0, handle=0x181260, tsl=(nil), fd=0
[0x6] ButtonPowerUSBTask: Use tslib
[0x6] ButtonPowerUSBTask: tslib: ts_config failed
[0x6] LoadTSLib: use_tslib=0, handle=0x1814b8, tsl=(nil), fd=0
[0x6] ButtonPowerUSBTask: Use tslib
[0x6] ButtonPowerUSBTask: tslib: ts_config failed
[0x6] LoadTSLib: use_tslib=0, handle=0x1814b8, tsl=(nil), fd=0
[0x6] ButtonPowerUSBTask: Use tslib
[0x6] ButtonPowerUSBTask: tslib: ts_config failed
[0x6] LoadTSLib: use_tslib=0, handle=0x181260, tsl=(nil), fd=0
[0x6] ButtonPowerUSBTask: Use tslib
[0x6] ButtonPowerUSBTask: tslib: ts_config failed
[0x6] LoadTSLib: use_tslib=0, handle=0x1814b8, tsl=(nil), fd=0
[0x6] ButtonPowerUSBTask: Use tslib
[0x6] ButtonPowerUSBTask: tslib: ts_config failed
[0x6] LoadTSLib: use_tslib=0, handle=0x181370, tsl=(nil), fd=0
[0x6] ButtonPowerUSBTask: Use tslib
[0x6] ButtonPowerUSBTask: tslib: ts_config failed
[0x6] LoadTSLib: use_tslib=0, handle=0x181328, tsl=(nil), fd=0
[0x6] ButtonPowerUSBTask: Use tslib
[0x6] ButtonPowerUSBTask: tslib: ts_config failed
[0x6] LoadTSLib: use_tslib=0, handle=0x181328, tsl=(nil), fd=0
[0x1] StartAudio: file doesn't exist='/LF/Bulk/ProgramFiles/LST3-0x00180015-000000/audio/h_BROM_WrongAnswerSfx_6.ogg
[0x6] ButtonPowerUSBTask: Use tslib
[0x6] ButtonPowerUSBTask: tslib: ts_config failed
[0x6] LoadTSLib: use_tslib=0, handle=0x181328, tsl=(nil), fd=0
INVALID - TRIGGER: WRONG START PT
[0x6] ButtonPowerUSBTask: Use tslib
[0x6] ButtonPowerUSBTask: tslib: ts_config failed
[0x6] LoadTSLib: use_tslib=0, handle=0x7f510, tsl=(nil), fd=0
[0x6] ButtonPowerUSBTask: Use tslib
[0x4] STATE_CHANGED NEW_STATE=TaskHelp[0x6] ButtonPowerUSBTask: tslib: ts_config failed
[0x6] LoadTSLib: use_tslib=0, handle=0x181628, tsl=(nil), fd=0
[0x6] ButtonPowerUSBTask: Use tslib
[0x6] ButtonPowerUSBTask: tslib: ts_config failed
[0x6] LoadTSLib: use_tslib=0, handle=0x181fd8, tsl=(nil), fd=0
[0x6] ButtonPowerUSBTask: Use tslib
[0x6] ButtonPowerUSBTask: tslib: ts_config failed
[0x6] LoadTSLib: use_tslib=0, handle=0x181628, tsl=(nil), fd=0
[0x6] ButtonPowerUSBTask: Use tslib
[0x6] ButtonPowerUSBTask: tslib: ts_config failed
[0x6] LoadTSLib: use_tslib=0, handle=0x1ca770, tsl=(nil), fd=0
[0x6] ButtonPowerUSBTask: Use tslib
[0x6] ButtonPowerUSBTask: tslib: ts_config failed
[0x6] LoadTSLib: use_tslib=0, handle=0x181628, tsl=(nil), fd=0
[0x6] ButtonPowerUSBTask: Use tslib
[0x6] ButtonPowerUSBTask: tslib: ts_config failed
[0x6] LoadTSLib: use_tslib=0, handle=0x181fd8, tsl=(nil), fd=0
[0x6] ButtonPowerUSBTask: Use tslib
[0x6] ButtonPowerUSBTask: tslib: ts_config failed
[0x6] LoadTSLib: use_tslib=0, handle=0x7fbb8, tsl=(nil), fd=0
[0x6] ButtonPowerUSBTask: Use tslib
[0x6] ButtonPowerUSBTask: tslib: ts_config failed
[0x6] LoadTSLib: use_tslib=0, handle=0x7fbb8, tsl=(nil), fd=0
[0x6] ButtonPowerUSBTask: Use tslib
[0x6] ButtonPowerUSBTask: tslib: ts_config failed
[0x6] LoadTSLib: use_tslib=0, handle=0x181628, tsl=(nil), fd=0
[0x6] ButtonPowerUSBTask: Use tslib
[0x6] ButtonPowerUSBTask: tslib: ts_config failed
[0x6] LoadTSLib: use_tslib=0, handle=0x181fd8, tsl=(nil), fd=0
[0x6] ButtonPowerUSBTask: Use tslib
[0x6] ButtonPowerUSBTask: tslib: ts_config failed
[0x6] LoadTSLib: use_tslib=0, handle=0x181fd8, tsl=(nil), fd=0
[0x6] ButtonPowerUSBTask: Use tslib
[0x6] ButtonPowerUSBTask: tslib: ts_config failed
[0x6] LoadTSLib: use_tslib=0, handle=0x5a5cb8, tsl=(nil), fd=0
[0x6] ButtonPowerUSBTask: Use tslib
[0x6] ButtonPowerUSBTask: tslib: ts_config failed
[0x6] LoadTSLib: use_tslib=0, handle=0x5a5cb8, tsl=(nil), fd=0
[0x6] ButtonPowerUSBTask: Use tslib
[0x6] ButtonPowerUSBTask: tslib: ts_config failed
[0x6] LoadTSLib: use_tslib=0, handle=0x5a5588, tsl=(nil), fd=0
[0x6] ButtonPowerUSBTask: Use tslib
[0x6] ButtonPowerUSBTask: tslib: ts_config failed
[0x6] LoadTSLib: use_tslib=0, handle=0x7fbb8, tsl=(nil), fd=0
[0x6] ButtonPowerUSBTask: Use tslib
[0x6] ButtonPowerUSBTask: tslib: ts_config failed
[0x6] LoadTSLib: use_tslib=0, handle=0x7fbb8, tsl=(nil), fd=0
[0x6] ButtonPowerUSBTask: Use tslib
[0x6] ButtonPowerUSBTask: tslib: ts_config failed
[0x6] LoadTSLib: use_tslib=0, handle=0x5a5bc8, tsl=(nil), fd=0
[0x6] ButtonPowerUSBTask: Use tslib
[0x6] ButtonPowerUSBTask: tslib: ts_config failed
[0x6] LoadTSLib: use_tslib=0, handle=0x5a5bc8, tsl=(nil), fd=0
[0x6] ButtonPowerUSBTask: Use tslib
[0x6] ButtonPowerUSBTask: tslib: ts_config failed
[0x6] LoadTSLib: use_tslib=0, handle=0x5a5cb8, tsl=(nil), fd=0
[0x6] ButtonPowerUSBTask: Use tslib
[0x6] ButtonPowerUSBTask: tslib: ts_config failed
[0x6] LoadTSLib: use_tslib=0, handle=0x5a5cb8, tsl=(nil), fd=0
[0x6] ButtonPowerUSBTask: Use tslib
[0x6] ButtonPowerUSBTask: tslib: ts_config failed
[0x6] LoadTSLib: use_tslib=0, handle=0x181fd8, tsl=(nil), fd=0
[0x6] ButtonPowerUSBTask: Use tslib
[0x6] ButtonPowerUSBTask: tslib: ts_config failed
[0x6] LoadTSLib: use_tslib=0, handle=0x181fd8, tsl=(nil), fd=0
[0x6] ButtonPowerUSBTask: Use tslib
[0x6] ButtonPowerUSBTask: tslib: ts_config failed
[0x6] LoadTSLib: use_tslib=0, handle=0x181628, tsl=(nil), fd=0
[0x6] ButtonPowerUSBTask: Use tslib
[0x6] ButtonPowerUSBTask: tslib: ts_config failed
[0x6] LoadTSLib: use_tslib=0, handle=0x181628, tsl=(nil), fd=0
[0x6] ButtonPowerUSBTask: Use tslib
[0x6] ButtonPowerUSBTask: tslib: ts_config failed
[0x6] LoadTSLib: use_tslib=0, handle=0x46cf8, tsl=(nil), fd=0
[0x6] ButtonPowerUSBTask: Use tslib
[0x6] ButtonPowerUSBTask: tslib: ts_config failed
[0x6] LoadTSLib: use_tslib=0, handle=0x46cf8, tsl=(nil), fd=0
[0x6] ButtonPowerUSBTask: Use tslib
[0x6] ButtonPowerUSBTask: tslib: ts_config failed
[0x6] LoadTSLib: use_tslib=0, handle=0x7fbb8, tsl=(nil), fd=0
[0x6] ButtonPowerUSBTask: Use tslib
[0x6] ButtonPowerUSBTask: tslib: ts_config failed
[0x6] LoadTSLib: use_tslib=0, handle=0x7fbb8, tsl=(nil), fd=0
[0x6] ButtonPowerUSBTask: Use tslib
[0x6] ButtonPowerUSBTask: tslib: ts_config failed
[0x6] LoadTSLib: use_tslib=0, handle=0x5a5bc8, tsl=(nil), fd=0
[0x6] ButtonPowerUSBTask: Use tslib
[0x6] ButtonPowerUSBTask: tslib: ts_config failed
[0x6] LoadTSLib: use_tslib=0, handle=0x5a5bc8, tsl=(nil), fd=0
[0x6] ButtonPowerUSBTask: Use tslib
[0x6] ButtonPowerUSBTask: tslib: ts_config failed
[0x6] LoadTSLib: use_tslib=0, handle=0x181fd8, tsl=(nil), fd=0
[0x6] ButtonPowerUSBTask: Use tslib
[0x6] ButtonPowerUSBTask: tslib: ts_config failed
[0x6] LoadTSLib: use_tslib=0, handle=0x181fd8, tsl=(nil), fd=0
[0x6] ButtonPowerUSBTask: Use tslib
[0x6] ButtonPowerUSBTask: tslib: ts_config failed
[0x6] LoadTSLib: use_tslib=0, handle=0x181628, tsl=(nil), fd=0
[0x6] ButtonPowerUSBTask: Use tslib
[0x6] ButtonPowerUSBTask: tslib: ts_config failed
[0x6] LoadTSLib: use_tslib=0, handle=0x181628, tsl=(nil), fd=0
[0x6] ButtonPowerUSBTask: Use tslib
[0x6] ButtonPowerUSBTask: tslib: ts_config failed
[0x6] LoadTSLib: use_tslib=0, handle=0x46cf8, tsl=(nil), fd=0
[0x6] ButtonPowerUSBTask: Use tslib
[0x6] ButtonPowerUSBTask: tslib: ts_config failed
[0x6] LoadTSLib: use_tslib=0, handle=0x46cf8, tsl=(nil), fd=0
[0x6] ButtonPowerUSBTask: Use tslib
[0x6] ButtonPowerUSBTask: tslib: ts_config failed
[0x6] LoadTSLib: use_tslib=0, handle=0x5a5bc8, tsl=(nil), fd=0
[0x6] ButtonPowerUSBTask: Use tslib
[0x6] ButtonPowerUSBTask: tslib: ts_config failed
[0x6] LoadTSLib: use_tslib=0, handle=0x5a5bc8, tsl=(nil), fd=0
[0x6] ButtonPowerUSBTask: Use tslib
[0x6] ButtonPowerUSBTask: tslib: ts_config failed
[0x6] LoadTSLib: use_tslib=0, handle=0x7fbb8, tsl=(nil), fd=0
[0x6] ButtonPowerUSBTask: Use tslib
[0x6] ButtonPowerUSBTask: tslib: ts_config failed
[0x6] LoadTSLib: use_tslib=0, handle=0x7fbb8, tsl=(nil), fd=0
[0x6] ButtonPowerUSBTask: Use tslib
[0x6] ButtonPowerUSBTask: tslib: ts_config failed
[0x6] LoadTSLib: use_tslib=0, handle=0x5a5cb8, tsl=(nil), fd=0
[0x6] ButtonPowerUSBTask: Use tslib
[0x6] ButtonPowerUSBTask: tslib: ts_config failed
[0x6] LoadTSLib: use_tslib=0, handle=0x5a5cb8, tsl=(nil), fd=0
[0x6] ButtonPowerUSBTask: Use tslib
[0x6] ButtonPowerUSBTask: tslib: ts_config failed
[0x6] LoadTSLib: use_tslib=0, handle=0x181fd8, tsl=(nil), fd=0
[0x6] ButtonPowerUSBTask: Use tslib
[0x6] ButtonPowerUSBTask: tslib: ts_config failed
[0x6] LoadTSLib: use_tslib=0, handle=0x181fd8, tsl=(nil), fd=0
[0x6] ButtonPowerUSBTask: Use tslib
[0x6] ButtonPowerUSBTask: tslib: ts_config failed
[0x6] LoadTSLib: use_tslib=0, handle=0x5a5cb8, tsl=(nil), fd=0
[0x6] ButtonPowerUSBTask: Use tslib
[0x6] ButtonPowerUSBTask: tslib: ts_config failed
[0x6] LoadTSLib: use_tslib=0, handle=0x1c9c48, tsl=(nil), fd=0
[0x6] ButtonPowerUSBTask: Use tslib
[0x6] ButtonPowerUSBTask: tslib: ts_config failed
[0x6] LoadTSLib: use_tslib=0, handle=0x181628, tsl=(nil), fd=0
[0x6] ButtonPowerUSBTask: Use tslib
[0x6] ButtonPowerUSBTask: tslib: ts_config failed
[0x6] LoadTSLib: use_tslib=0, handle=0x1c9c48, tsl=(nil), fd=0
[0x6] ButtonPowerUSBTask: Use tslib
[0x6] ButtonPowerUSBTask: tslib: ts_config failed
[0x6] LoadTSLib: use_tslib=0, handle=0x46cf8, tsl=(nil), fd=0
[0x6] ButtonPowerUSBTask: Use tslib
[0x6] ButtonPowerUSBTask: tslib: ts_config failed
[0x6] LoadTSLib: use_tslib=0, handle=0x1c9c48, tsl=(nil), fd=0
[0x6] ButtonPowerUSBTask: Use tslib
[0x6] ButtonPowerUSBTask: tslib: ts_config failed
[0x6] LoadTSLib: use_tslib=0, handle=0x5a5bc8, tsl=(nil), fd=0
[0x6] ButtonPowerUSBTask: Use tslib
[0x6] ButtonPowerUSBTask: tslib: ts_config failed
[0x6] LoadTSLib: use_tslib=0, handle=0x1c9c48, tsl=(nil), fd=0
[0x6] ButtonPowerUSBTask: Use tslib
[0x6] ButtonPowerUSBTask: tslib: ts_config failed
[0x6] LoadTSLib: use_tslib=0, handle=0x7fbb8, tsl=(nil), fd=0
[0x6] ButtonPowerUSBTask: Use tslib
[0x6] ButtonPowerUSBTask: tslib: ts_config failed
[0x6] LoadTSLib: use_tslib=0, handle=0x1c9c48, tsl=(nil), fd=0
[0x6] ButtonPowerUSBTask: Use tslib
[0x6] ButtonPowerUSBTask: tslib: ts_config failed
[0x6] LoadTSLib: use_tslib=0, handle=0x5a5cb8, tsl=(nil), fd=0
[0x6] ButtonPowerUSBTask: Use tslib
[0x6] ButtonPowerUSBTask: tslib: ts_config failed
[0x6] LoadTSLib: use_tslib=0, handle=0x1c9c48, tsl=(nil), fd=0
[0x6] ButtonPowerUSBTask: Use tslib
[0x6] ButtonPowerUSBTask: tslib: ts_config failed
[0x6] LoadTSLib: use_tslib=0, handle=0x181628, tsl=(nil), fd=0
[0x6] ButtonPowerUSBTask: Use tslib
[0x6] ButtonPowerUSBTask: tslib: ts_config failed
[0x6] LoadTSLib: use_tslib=0, handle=0x1c9c48, tsl=(nil), fd=0
[0x6] ButtonPowerUSBTask: Use tslib
[0x6] ButtonPowerUSBTask: tslib: ts_config failed
[0x6] LoadTSLib: use_tslib=0, handle=0x46cf8, tsl=(nil), fd=0
[0x6] ButtonPowerUSBTask: Use tslib
[0x6] ButtonPowerUSBTask: tslib: ts_config failed
[0x6] LoadTSLib: use_tslib=0, handle=0x1c9c48, tsl=(nil), fd=0
[0x6] ButtonPowerUSBTask: Use tslib
[0x6] ButtonPowerUSBTask: tslib: ts_config failed
[0x6] LoadTSLib: use_tslib=0, handle=0x5a5bc8, tsl=(nil), fd=0
[0x6] ButtonPowerUSBTask: Use tslib
[0x6] ButtonPowerUSBTask: tslib: ts_config failed
[0x6] LoadTSLib: use_tslib=0, handle=0x1c9c48, tsl=(nil), fd=0
[0x6] ButtonPowerUSBTask: Use tslib
[0x6] ButtonPowerUSBTask: tslib: ts_config failed
[0x6] LoadTSLib: use_tslib=0, handle=0x46cf8, tsl=(nil), fd=0
[0x6] ButtonPowerUSBTask: Use tslib
[0x6] ButtonPowerUSBTask: tslib: ts_config failed
[0x6] LoadTSLib: use_tslib=0, handle=0x46cf8, tsl=(nil), fd=0
[0x6] ButtonPowerUSBTask: Use tslib
[0x6] ButtonPowerUSBTask: tslib: ts_config failed
[0x6] LoadTSLib: use_tslib=0, handle=0x46cf8, tsl=(nil), fd=0
[0x6] ButtonPowerUSBTask: Use tslib
[0x6] ButtonPowerUSBTask: tslib: ts_config failed
[0x6] LoadTSLib: use_tslib=0, handle=0x1c9d18, tsl=(nil), fd=0
[0x6] ButtonPowerUSBTask: Use tslib
[0x6] ButtonPowerUSBTask: tslib: ts_config failed
[0x6] LoadTSLib: use_tslib=0, handle=0x181628, tsl=(nil), fd=0
[0x6] ButtonPowerUSBTask: Use tslib
[0x6] ButtonPowerUSBTask: tslib: ts_config failed
[0x6] LoadTSLib: use_tslib=0, handle=0x1c9d50, tsl=(nil), fd=0
[0x6] ButtonPowerUSBTask: Use tslib
[0x6] ButtonPowerUSBTask: tslib: ts_config failed
[0x6] LoadTSLib: use_tslib=0, handle=0x5a5bc8, tsl=(nil), fd=0
[0x6] ButtonPowerUSBTask: Use tslib
[0x6] ButtonPowerUSBTask: tslib: ts_config failed
[0x6] LoadTSLib: use_tslib=0, handle=0x1c9d18, tsl=(nil), fd=0
[0x6] ButtonPowerUSBTask: Use tslib
[0x6] ButtonPowerUSBTask: tslib: ts_config failed
[0x6] LoadTSLib: use_tslib=0, handle=0x5a5cb8, tsl=(nil), fd=0
[0x6] ButtonPowerUSBTask: Use tslib
[0x6] ButtonPowerUSBTask: tslib: ts_config failed
[0x6] LoadTSLib: use_tslib=0, handle=0x1c9d50, tsl=(nil), fd=0
[0x6] ButtonPowerUSBTask: Use tslib
[0x6] ButtonPowerUSBTask: tslib: ts_config failed
[0x6] LoadTSLib: use_tslib=0, handle=0x7fbb8, tsl=(nil), fd=0
[0x6] ButtonPowerUSBTask: Use tslib
[0x6] ButtonPowerUSBTask: tslib: ts_config failed
[0x6] LoadTSLib: use_tslib=0, handle=0x7fbb8, tsl=(nil), fd=0
[0x6] ButtonPowerUSBTask: Use tslib
[0x6] ButtonPowerUSBTask: tslib: ts_config failed
[0x6] LoadTSLib: use_tslib=0, handle=0x46cf8, tsl=(nil), fd=0
[0x6] ButtonPowerUSBTask: Use tslib
[0x6] ButtonPowerUSBTask: tslib: ts_config failed
[0x6] LoadTSLib: use_tslib=0, handle=0x46cf8, tsl=(nil), fd=0
[0x6] ButtonPowerUSBTask: Use tslib
[0x6] ButtonPowerUSBTask: tslib: ts_config failed
[0x6] LoadTSLib: use_tslib=0, handle=0x181628, tsl=(nil), fd=0
[0x6] ButtonPowerUSBTask: Use tslib
[0x6] ButtonPowerUSBTask: tslib: ts_config failed
[0x6] LoadTSLib: use_tslib=0, handle=0x181628, tsl=(nil), fd=0
[0x6] ButtonPowerUSBTask: Use tslib
[0x6] ButtonPowerUSBTask: tslib: ts_config failed
[0x6] LoadTSLib: use_tslib=0, handle=0x5a5bc8, tsl=(nil), fd=0
[0x6] ButtonPowerUSBTask: Use tslib
[0x6] ButtonPowerUSBTask: tslib: ts_config failed
[0x6] LoadTSLib: use_tslib=0, handle=0x1c9c48, tsl=(nil), fd=0
[0x6] ButtonPowerUSBTask: Use tslib
[0x6] ButtonPowerUSBTask: tslib: ts_config failed
[0x6] LoadTSLib: use_tslib=0, handle=0x5a5cb8, tsl=(nil), fd=0
[0x6] ButtonPowerUSBTask: Use tslib
[0x6] ButtonPowerUSBTask: tslib: ts_config failed
[0x6] LoadTSLib: use_tslib=0, handle=0x5a5cb8, tsl=(nil), fd=0
[0x6] ButtonPowerUSBTask: Use tslib
[0x6] ButtonPowerUSBTask: tslib: ts_config failed
[0x6] LoadTSLib: use_tslib=0, handle=0x1c9d18, tsl=(nil), fd=0
[0x6] ButtonPowerUSBTask: Use tslib
[0x6] ButtonPowerUSBTask: tslib: ts_config failed
[0x6] LoadTSLib: use_tslib=0, handle=0x1c9d18, tsl=(nil), fd=0
[0x6] ButtonPowerUSBTask: Use tslib
[0x6] ButtonPowerUSBTask: tslib: ts_config failed
[0x6] LoadTSLib: use_tslib=0, handle=0x1c9d50, tsl=(nil), fd=0
[0x6] ButtonPowerUSBTask: Use tslib
[0x6] ButtonPowerUSBTask: tslib: ts_config failed
[0x6] LoadTSLib: use_tslib=0, handle=0x1c9d50, tsl=(nil), fd=0
[0x6] ButtonPowerUSBTask: Use tslib
[0x6] ButtonPowerUSBTask: tslib: ts_config failed
[0x6] LoadTSLib: use_tslib=0, handle=0x7fbb8, tsl=(nil), fd=0
[0x6] ButtonPowerUSBTask: Use tslib
[0x6] ButtonPowerUSBTask: tslib: ts_config failed
[0x6] LoadTSLib: use_tslib=0, handle=0x7fbb8, tsl=(nil), fd=0
[0x6] ButtonPowerUSBTask: Use tslib
[0x6] ButtonPowerUSBTask: tslib: ts_config failed
[0x6] LoadTSLib: use_tslib=0, handle=0x5a5bc8, tsl=(nil), fd=0
[0x6] ButtonPowerUSBTask: Use tslib
[0x6] ButtonPowerUSBTask: tslib: ts_config failed
[0x6] LoadTSLib: use_tslib=0, handle=0x5a5bc8, tsl=(nil), fd=0
[0x6] ButtonPowerUSBTask: Use tslib
[0x6] ButtonPowerUSBTask: tslib: ts_config failed
[0x6] LoadTSLib: use_tslib=0, handle=0x46cf8, tsl=(nil), fd=0
[0x6] ButtonPowerUSBTask: Use tslib
[0x6] ButtonPowerUSBTask: tslib: ts_config failed
[0x6] LoadTSLib: use_tslib=0, handle=0x46cf8, tsl=(nil), fd=0
[0x6] ButtonPowerUSBTask: Use tslib
[0x6] ButtonPowerUSBTask: tslib: ts_config failed
[0x6] LoadTSLib: use_tslib=0, handle=0x181628, tsl=(nil), fd=0
[0x6] ButtonPowerUSBTask: Use tslib
[0x6] ButtonPowerUSBTask: tslib: ts_config failed
[0x6] LoadTSLib: use_tslib=0, handle=0x181628, tsl=(nil), fd=0
[0x6] ButtonPowerUSBTask: Use tslib
[0x6] ButtonPowerUSBTask: tslib: ts_config failed
[0x6] LoadTSLib: use_tslib=0, handle=0x5a5cb8, tsl=(nil), fd=0
[0x6] ButtonPowerUSBTask: Use tslib
[0x6] ButtonPowerUSBTask: tslib: ts_config failed
[0x6] LoadTSLib: use_tslib=0, handle=0x5a5cb8, tsl=(nil), fd=0
[0x6] ButtonPowerUSBTask: Use tslib
[0x6] ButtonPowerUSBTask: tslib: ts_config failed
[0x6] LoadTSLib: use_tslib=0, handle=0x1c9d18, tsl=(nil), fd=0
[0x6] ButtonPowerUSBTask: Use tslib
[0x6] ButtonPowerUSBTask: tslib: ts_config failed
[0x6] LoadTSLib: use_tslib=0, handle=0x1c9d18, tsl=(nil), fd=0
[0x6] ButtonPowerUSBTask: Use tslib
[0x6] ButtonPowerUSBTask: tslib: ts_config failed
[0x6] LoadTSLib: use_tslib=0, handle=0x1c9d50, tsl=(nil), fd=0
[0x6] ButtonPowerUSBTask: Use tslib
[0x6] ButtonPowerUSBTask: tslib: ts_config failed
[0x6] LoadTSLib: use_tslib=0, handle=0x1c9d50, tsl=(nil), fd=0
[0x6] ButtonPowerUSBTask: Use tslib
[0x6] ButtonPowerUSBTask: tslib: ts_config failed
[0x6] LoadTSLib: use_tslib=0, handle=0x7fbb8, tsl=(nil), fd=0
[0x6] ButtonPowerUSBTask: Use tslib
[0x6] ButtonPowerUSBTask: tslib: ts_config failed
[0x6] LoadTSLib: use_tslib=0, handle=0x7fbb8, tsl=(nil), fd=0
[0x6] ButtonPowerUSBTask: Use tslib
[0x6] ButtonPowerUSBTask: tslib: ts_config failed
[0x6] LoadTSLib: use_tslib=0, handle=0x5a5bc8, tsl=(nil), fd=0
[0x6] ButtonPowerUSBTask: Use tslib
[0x6] ButtonPowerUSBTask: tslib: ts_config failed
[0x6] LoadTSLib: use_tslib=0, handle=0x5a5bc8, tsl=(nil), fd=0
[0x6] ButtonPowerUSBTask: Use tslib
[0x6] ButtonPowerUSBTask: tslib: ts_config failed
[0x6] LoadTSLib: use_tslib=0, handle=0x46cf8, tsl=(nil), fd=0
[0x6] ButtonPowerUSBTask: Use tslib
[0x6] ButtonPowerUSBTask: tslib: ts_config failed
[0x6] LoadTSLib: use_tslib=0, handle=0x46cf8, tsl=(nil), fd=0
[0x6] ButtonPowerUSBTask: Use tslib
[0x6] ButtonPowerUSBTask: tslib: ts_config failed
[0x6] LoadTSLib: use_tslib=0, handle=0x181628, tsl=(nil), fd=0
[0x6] ButtonPowerUSBTask: Use tslib
[0x6] ButtonPowerUSBTask: tslib: ts_config failed
[0x6] LoadTSLib: use_tslib=0, handle=0x181628, tsl=(nil), fd=0
[0x6] ButtonPowerUSBTask: Use tslib
[0x6] ButtonPowerUSBTask: tslib: ts_config failed
[0x6] LoadTSLib: use_tslib=0, handle=0x5a5cb8, tsl=(nil), fd=0
[0x6] ButtonPowerUSBTask: Use tslib
[0x6] ButtonPowerUSBTask: tslib: ts_config failed
[0x6] LoadTSLib: use_tslib=0, handle=0x5a5cb8, tsl=(nil), fd=0
[0x6] ButtonPowerUSBTask: Use tslib
[0x6] ButtonPowerUSBTask: tslib: ts_config failed
[0x6] LoadTSLib: use_tslib=0, handle=0x1c9d18, tsl=(nil), fd=0
[0x6] ButtonPowerUSBTask: Use tslib
[0x6] ButtonPowerUSBTask: tslib: ts_config failed
[0x6] LoadTSLib: use_tslib=0, handle=0x1c9d18, tsl=(nil), fd=0
[0x6] ButtonPowerUSBTask: Use tslib
[0x6] ButtonPowerUSBTask: tslib: ts_config failed
[0x6] LoadTSLib: use_tslib=0, handle=0x7fbb8, tsl=(nil), fd=0
[0x6] ButtonPowerUSBTask: Use tslib
[0x6] ButtonPowerUSBTask: tslib: ts_config failed
[0x6] LoadTSLib: use_tslib=0, handle=0x7fbb8, tsl=(nil), fd=0
[0x6] ButtonPowerUSBTask: Use tslib
[0x6] ButtonPowerUSBTask: tslib: ts_config failed
[0x6] LoadTSLib: use_tslib=0, handle=0x5a5bc8, tsl=(nil), fd=0
[0x6] ButtonPowerUSBTask: Use tslib
[0x6] ButtonPowerUSBTask: tslib: ts_config failed
[0x6] LoadTSLib: use_tslib=0, handle=0x5a5bc8, tsl=(nil), fd=0
[0x6] ButtonPowerUSBTask: Use tslib
[0x6] ButtonPowerUSBTask: tslib: ts_config failed
[0x6] LoadTSLib: use_tslib=0, handle=0x46cf8, tsl=(nil), fd=0
[0x6] ButtonPowerUSBTask: Use tslib
[0x6] ButtonPowerUSBTask: tslib: ts_config failed
[0x6] LoadTSLib: use_tslib=0, handle=0x46cf8, tsl=(nil), fd=0
[0x6] ButtonPowerUSBTask: Use tslib
[0x6] ButtonPowerUSBTask: tslib: ts_config failed
[0x6] LoadTSLib: use_tslib=0, handle=0x181628, tsl=(nil), fd=0
[0x6] ButtonPowerUSBTask: Use tslib
[0x6] ButtonPowerUSBTask: tslib: ts_config failed
[0x6] LoadTSLib: use_tslib=0, handle=0x181628, tsl=(nil), fd=0
[0x6] ButtonPowerUSBTask: Use tslib
[0x6] ButtonPowerUSBTask: tslib: ts_config failed
[0x6] LoadTSLib: use_tslib=0, handle=0x1c9d18, tsl=(nil), fd=0
[0x6] ButtonPowerUSBTask: Use tslib
[0x6] ButtonPowerUSBTask: tslib: ts_config failed
[0x6] LoadTSLib: use_tslib=0, handle=0x1c9d18, tsl=(nil), fd=0
[0x6] ButtonPowerUSBTask: Use tslib
[0x6] ButtonPowerUSBTask: tslib: ts_config failed
[0x6] LoadTSLib: use_tslib=0, handle=0x5a5cb8, tsl=(nil), fd=0
[0x6] ButtonPowerUSBTask: Use tslib
[0x6] ButtonPowerUSBTask: tslib: ts_config failed
[0x6] LoadTSLib: use_tslib=0, handle=0x5a5cb8, tsl=(nil), fd=0
[0x6] ButtonPowerUSBTask: Use tslib
[0x6] ButtonPowerUSBTask: tslib: ts_config failed
[0x6] LoadTSLib: use_tslib=0, handle=0x1c9d50, tsl=(nil), fd=0
[0x6] ButtonPowerUSBTask: Use tslib
[0x6] ButtonPowerUSBTask: tslib: ts_config failed
[0x6] LoadTSLib: use_tslib=0, handle=0x1c9d50, tsl=(nil), fd=0
[0x6] ButtonPowerUSBTask: Use tslib
[0x6] ButtonPowerUSBTask: tslib: ts_config failed
[0x6] LoadTSLib: use_tslib=0, handle=0x7fbb8, tsl=(nil), fd=0
[0x6] ButtonPowerUSBTask: Use tslib
[0x6] ButtonPowerUSBTask: tslib: ts_config failed
[0x6] LoadTSLib: use_tslib=0, handle=0x7fbb8, tsl=(nil), fd=0
[0x6] ButtonPowerUSBTask: Use tslib
[0x6] ButtonPowerUSBTask: tslib: ts_config failed
[0x6] LoadTSLib: use_tslib=0, handle=0x5a5bc8, tsl=(nil), fd=0
[0x6] ButtonPowerUSBTask: Use tslib
[0x6] ButtonPowerUSBTask: tslib: ts_config failed
[0x6] LoadTSLib: use_tslib=0, handle=0x5a5bc8, tsl=(nil), fd=0
[0x6] ButtonPowerUSBTask: Use tslib
[0x6] ButtonPowerUSBTask: tslib: ts_config failed
[0x6] LoadTSLib: use_tslib=0, handle=0x46cf8, tsl=(nil), fd=0
[0x6] ButtonPowerUSBTask: Use tslib
[0x6] ButtonPowerUSBTask: tslib: ts_config failed
[0x6] LoadTSLib: use_tslib=0, handle=0x46cf8, tsl=(nil), fd=0
[0x6] ButtonPowerUSBTask: Use tslib
[0x6] ButtonPowerUSBTask: tslib: ts_config failed
[0x6] LoadTSLib: use_tslib=0, handle=0x181628, tsl=(nil), fd=0
[0x6] ButtonPowerUSBTask: Use tslib
[0x6] ButtonPowerUSBTask: tslib: ts_config failed
[0x6] LoadTSLib: use_tslib=0, handle=0x181628, tsl=(nil), fd=0
[0x6] ButtonPowerUSBTask: Use tslib
[0x6] ButtonPowerUSBTask: tslib: ts_config failed
[0x6] LoadTSLib: use_tslib=0, handle=0x1c9d18, tsl=(nil), fd=0
[0x6] ButtonPowerUSBTask: Use tslib
[0x6] ButtonPowerUSBTask: tslib: ts_config failed
[0x6] LoadTSLib: use_tslib=0, handle=0x1c9d18, tsl=(nil), fd=0
[0x6] ButtonPowerUSBTask: Use tslib
[0x6] ButtonPowerUSBTask: tslib: ts_config failed
[0x6] LoadTSLib: use_tslib=0, handle=0x5a5cb8, tsl=(nil), fd=0
[0x6] ButtonPowerUSBTask: Use tslib
[0x6] ButtonPowerUSBTask: tslib: ts_config failed
[0x6] LoadTSLib: use_tslib=0, handle=0x5a5cb8, tsl=(nil), fd=0
[0x6] ButtonPowerUSBTask: Use tslib
[0x6] ButtonPowerUSBTask: tslib: ts_config failed
[0x6] LoadTSLib: use_tslib=0, handle=0x1c9d50, tsl=(nil), fd=0
[0x6] ButtonPowerUSBTask: Use tslib
[0x6] ButtonPowerUSBTask: tslib: ts_config failed
[0x6] LoadTSLib: use_tslib=0, handle=0x1c9d50, tsl=(nil), fd=0
[0x6] ButtonPowerUSBTask: Use tslib
[0x6] ButtonPowerUSBTask: tslib: ts_config failed
[0x6] LoadTSLib: use_tslib=0, handle=0x7fbb8, tsl=(nil), fd=0
[0x6] ButtonPowerUSBTask: Use tslib
[0x6] ButtonPowerUSBTask: tslib: ts_config failed
[0x6] LoadTSLib: use_tslib=0, handle=0x7fbb8, tsl=(nil), fd=0
[0x6] ButtonPowerUSBTask: Use tslib
[0x6] ButtonPowerUSBTask: tslib: ts_config failed
[0x6] LoadTSLib: use_tslib=0, handle=0x5a5bc8, tsl=(nil), fd=0
[0x4] STATE_CHANGED NEW_STATE=TaskDraw[0x6] ButtonPowerUSBTask: Use tslib
[0x6] ButtonPowerUSBTask: tslib: ts_config failed
[0x6] LoadTSLib: use_tslib=0, handle=0x1c9d18, tsl=(nil), fd=0
[0x6] ButtonPowerUSBTask: Use tslib
[0x6] ButtonPowerUSBTask: tslib: ts_config failed
[0x6] LoadTSLib: use_tslib=0, handle=0x1c9d18, tsl=(nil), fd=0
[0x6] ButtonPowerUSBTask: Use tslib
[0x6] ButtonPowerUSBTask: tslib: ts_config failed
[0x6] LoadTSLib: use_tslib=0, handle=0x181628, tsl=(nil), fd=0
[0x6] ButtonPowerUSBTask: Use tslib
[0x6] ButtonPowerUSBTask: tslib: ts_config failed
[0x6] LoadTSLib: use_tslib=0, handle=0x181628, tsl=(nil), fd=0
[0x6] ButtonPowerUSBTask: Use tslib
[0x6] ButtonPowerUSBTask: tslib: ts_config failed
[0x6] LoadTSLib: use_tslib=0, handle=0x46cf8, tsl=(nil), fd=0
[0x6] ButtonPowerUSBTask: Use tslib
[0x6] ButtonPowerUSBTask: tslib: ts_config failed
[0x6] LoadTSLib: use_tslib=0, handle=0x46cf8, tsl=(nil), fd=0
[0x6] ButtonPowerUSBTask: Use tslib
[0x6] ButtonPowerUSBTask: tslib: ts_config failed
[0x6] LoadTSLib: use_tslib=0, handle=0x7fbb8, tsl=(nil), fd=0
[0x6] ButtonPowerUSBTask: Use tslib
[0x6] ButtonPowerUSBTask: tslib: ts_config failed
[0x6] LoadTSLib: use_tslib=0, handle=0x7fbb8, tsl=(nil), fd=0
[0x6] ButtonPowerUSBTask: Use tslib
[0x6] ButtonPowerUSBTask: tslib: ts_config failed
[0x6] LoadTSLib: use_tslib=0, handle=0x1c9d50, tsl=(nil), fd=0
[0x6] ButtonPowerUSBTask: Use tslib
[0x6] ButtonPowerUSBTask: tslib: ts_config failed
[0x6] LoadTSLib: use_tslib=0, handle=0x1c9d50, tsl=(nil), fd=0
[0x6] ButtonPowerUSBTask: Use tslib
[0x6] ButtonPowerUSBTask: tslib: ts_config failed
[0x6] LoadTSLib: use_tslib=0, handle=0x5a5bc8, tsl=(nil), fd=0
[0x6] ButtonPowerUSBTask: Use tslib
[0x6] ButtonPowerUSBTask: tslib: ts_config failed
[0x6] LoadTSLib: use_tslib=0, handle=0x5a5bc8, tsl=(nil), fd=0
[0x6] ButtonPowerUSBTask: Use tslib
[0x6] ButtonPowerUSBTask: tslib: ts_config failed
[0x6] LoadTSLib: use_tslib=0, handle=0x5a5cb8, tsl=(nil), fd=0
[0x6] ButtonPowerUSBTask: Use tslib
[0x6] ButtonPowerUSBTask: tslib: ts_config failed
[0x6] LoadTSLib: use_tslib=0, handle=0x5a5cb8, tsl=(nil), fd=0
[0x6] ButtonPowerUSBTask: Use tslib
[0x6] ButtonPowerUSBTask: tslib: ts_config failed
[0x6] LoadTSLib: use_tslib=0, handle=0x1c9d18, tsl=(nil), fd=0
[0x6] ButtonPowerUSBTask: Use tslib
[0x6] ButtonPowerUSBTask: tslib: ts_config failed
[0x6] LoadTSLib: use_tslib=0, handle=0x1c9d18, tsl=(nil), fd=0
[0x6] ButtonPowerUSBTask: Use tslib
[0x6] ButtonPowerUSBTask: tslib: ts_config failed
[0x6] LoadTSLib: use_tslib=0, handle=0x181628, tsl=(nil), fd=0
[0x6] ButtonPowerUSBTask: Use tslib
[0x6] ButtonPowerUSBTask: tslib: ts_config failed
[0x6] LoadTSLib: use_tslib=0, handle=0x181628, tsl=(nil), fd=0
[0x6] ButtonPowerUSBTask: Use tslib
[0x6] ButtonPowerUSBTask: tslib: ts_config failed
[0x6] LoadTSLib: use_tslib=0, handle=0x46cf8, tsl=(nil), fd=0
[0x6] ButtonPowerUSBTask: Use tslib
[0x6] ButtonPowerUSBTask: tslib: ts_config failed
[0x6] LoadTSLib: use_tslib=0, handle=0x46cf8, tsl=(nil), fd=0
[0x6] ButtonPowerUSBTask: Use tslib
[0x6] ButtonPowerUSBTask: tslib: ts_config failed
[0x6] LoadTSLib: use_tslib=0, handle=0x7fbb8, tsl=(nil), fd=0
[0x6] ButtonPowerUSBTask: Use tslib
[0x6] ButtonPowerUSBTask: tslib: ts_config failed
[0x6] LoadTSLib: use_tslib=0, handle=0x7fbb8, tsl=(nil), fd=0
[0x6] ButtonPowerUSBTask: Use tslib
[0x6] ButtonPowerUSBTask: tslib: ts_config failed
[0x6] LoadTSLib: use_tslib=0, handle=0x1c9d50, tsl=(nil), fd=0
[0x6] ButtonPowerUSBTask: Use tslib
[0x6] ButtonPowerUSBTask: tslib: ts_config failed
[0x6] LoadTSLib: use_tslib=0, handle=0x1c9d50, tsl=(nil), fd=0
[0x6] ButtonPowerUSBTask: Use tslib
[0x6] ButtonPowerUSBTask: tslib: ts_config failed
[0x6] LoadTSLib: use_tslib=0, handle=0x5a5bc8, tsl=(nil), fd=0
[0x6] ButtonPowerUSBTask: Use tslib
[0x6] ButtonPowerUSBTask: tslib: ts_config failed
[0x6] LoadTSLib: use_tslib=0, handle=0x5a5bc8, tsl=(nil), fd=0
[0x6] ButtonPowerUSBTask: Use tslib
[0x6] ButtonPowerUSBTask: tslib: ts_config failed
[0x6] LoadTSLib: use_tslib=0, handle=0x5a5cb8, tsl=(nil), fd=0
[0x6] ButtonPowerUSBTask: Use tslib
[0x6] ButtonPowerUSBTask: tslib: ts_config failed
[0x6] LoadTSLib: use_tslib=0, handle=0x5a5cb8, tsl=(nil), fd=0
[0x6] ButtonPowerUSBTask: Use tslib
[0x6] ButtonPowerUSBTask: tslib: ts_config failed
[0x6] LoadTSLib: use_tslib=0, handle=0x1c9d18, tsl=(nil), fd=0
[0x6] ButtonPowerUSBTask: Use tslib
[0x6] ButtonPowerUSBTask: tslib: ts_config failed
[0x6] LoadTSLib: use_tslib=0, handle=0x1c9d18, tsl=(nil), fd=0
[0x6] ButtonPowerUSBTask: Use tslib
[0x6] ButtonPowerUSBTask: tslib: ts_config failed
[0x6] LoadTSLib: use_tslib=0, handle=0x181628, tsl=(nil), fd=0
[0x6] ButtonPowerUSBTask: Use tslib
[0x6] ButtonPowerUSBTask: tslib: ts_config failed
[0x6] LoadTSLib: use_tslib=0, handle=0x181628, tsl=(nil), fd=0
[0x6] ButtonPowerUSBTask: Use tslib
[0x6] ButtonPowerUSBTask: tslib: ts_config failed
[0x6] LoadTSLib: use_tslib=0, handle=0x46cf8, tsl=(nil), fd=0
[0x6] ButtonPowerUSBTask: Use tslib
[0x6] ButtonPowerUSBTask: tslib: ts_config failed
[0x6] LoadTSLib: use_tslib=0, handle=0x46cf8, tsl=(nil), fd=0
[0x6] ButtonPowerUSBTask: Use tslib
[0x6] ButtonPowerUSBTask: tslib: ts_config failed
[0x6] LoadTSLib: use_tslib=0, handle=0x7fbb8, tsl=(nil), fd=0
[0x6] ButtonPowerUSBTask: Use tslib
[0x6] ButtonPowerUSBTask: tslib: ts_config failed
[0x6] LoadTSLib: use_tslib=0, handle=0x7fbb8, tsl=(nil), fd=0
[0x6] ButtonPowerUSBTask: Use tslib
[0x6] ButtonPowerUSBTask: tslib: ts_config failed
[0x6] LoadTSLib: use_tslib=0, handle=0x1c9d50, tsl=(nil), fd=0
[0x6] ButtonPowerUSBTask: Use tslib
[0x6] ButtonPowerUSBTask: tslib: ts_config failed
[0x6] LoadTSLib: use_tslib=0, handle=0x1c9d50, tsl=(nil), fd=0
[0x6] ButtonPowerUSBTask: Use tslib
[0x6] ButtonPowerUSBTask: tslib: ts_config failed
[0x6] LoadTSLib: use_tslib=0, handle=0x5a5bc8, tsl=(nil), fd=0
[0x6] ButtonPowerUSBTask: Use tslib
[0x6] ButtonPowerUSBTask: tslib: ts_config failed
[0x6] LoadTSLib: use_tslib=0, handle=0x5a5bc8, tsl=(nil), fd=0
[0x6] ButtonPowerUSBTask: Use tslib
[0x6] ButtonPowerUSBTask: tslib: ts_config failed
[0x6] LoadTSLib: use_tslib=0, handle=0x5a5cb8, tsl=(nil), fd=0
[0x6] ButtonPowerUSBTask: Use tslib
[0x6] ButtonPowerUSBTask: tslib: ts_config failed
[0x6] LoadTSLib: use_tslib=0, handle=0x5a5cb8, tsl=(nil), fd=0
[0x6] ButtonPowerUSBTask: Use tslib
[0x6] ButtonPowerUSBTask: tslib: ts_config failed
[0x6] LoadTSLib: use_tslib=0, handle=0x1c9d18, tsl=(nil), fd=0
[0x6] ButtonPowerUSBTask: Use tslib
[0x6] ButtonPowerUSBTask: tslib: ts_config failed
[0x6] LoadTSLib: use_tslib=0, handle=0x1c9d18, tsl=(nil), fd=0
[0x6] ButtonPowerUSBTask: Use tslib
[0x6] ButtonPowerUSBTask: tslib: ts_config failed
[0x6] LoadTSLib: use_tslib=0, handle=0x181628, tsl=(nil), fd=0
[0x6] ButtonPowerUSBTask: Use tslib
[0x6] ButtonPowerUSBTask: tslib: ts_config failed
[0x6] LoadTSLib: use_tslib=0, handle=0x181628, tsl=(nil), fd=0
[0x6] ButtonPowerUSBTask: Use tslib
[0x6] ButtonPowerUSBTask: tslib: ts_config failed
[0x6] LoadTSLib: use_tslib=0, handle=0x46cf8, tsl=(nil), fd=0
[0x6] ButtonPowerUSBTask: Use tslib
[0x6] ButtonPowerUSBTask: tslib: ts_config failed
NEW ANSWER
[0x6] LoadTSLib: use_tslib=0, handle=0x46cf8, tsl=(nil), fd=0
[0x6] ButtonPowerUSBTask: Use tslib
[0x6] ButtonPowerUSBTask: tslib: ts_config failed
[0x6] LoadTSLib: use_tslib=0, handle=0x7fbb8, tsl=(nil), fd=0
[0x6] ButtonPowerUSBTask: Use tslib
[0x6] ButtonPowerUSBTask: tslib: ts_config failed
[0x6] LoadTSLib: use_tslib=0, handle=0x7fbb8, tsl=(nil), fd=0
[0x6] ButtonPowerUSBTask: Use tslib
[0x6] ButtonPowerUSBTask: tslib: ts_config failed
[0x6] LoadTSLib: use_tslib=0, handle=0x1c9d50, tsl=(nil), fd=0
[0x6] ButtonPowerUSBTask: Use tslib
[0x6] ButtonPowerUSBTask: tslib: ts_config failed
[0x6] LoadTSLib: use_tslib=0, handle=0x1c9d50, tsl=(nil), fd=0
[0x6] ButtonPowerUSBTask: Use tslib
[0x6] ButtonPowerUSBTask: tslib: ts_config failed
[0x6] LoadTSLib: use_tslib=0, handle=0x5a5bc8, tsl=(nil), fd=0
[0x6] ButtonPowerUSBTask: Use tslib
[0x6] ButtonPowerUSBTask: tslib: ts_config failed
[0x6] LoadTSLib: use_tslib=0, handle=0x5a5bc8, tsl=(nil), fd=0
[0x6] ButtonPowerUSBTask: Use tslib
[0x6] ButtonPowerUSBTask: tslib: ts_config failed
[0x6] LoadTSLib: use_tslib=0, handle=0x5a5cb8, tsl=(nil), fd=0
[0x6] ButtonPowerUSBTask: Use tslib
[0x6] ButtonPowerUSBTask: tslib: ts_config failed
[0x6] LoadTSLib: use_tslib=0, handle=0x5a5cb8, tsl=(nil), fd=0
[0x6] ButtonPowerUSBTask: Use tslib
[0x6] ButtonPowerUSBTask: tslib: ts_config failed
[0x6] LoadTSLib: use_tslib=0, handle=0x1c9d18, tsl=(nil), fd=0
[0x6] ButtonPowerUSBTask: Use tslib
[0x6] ButtonPowerUSBTask: tslib: ts_config failed
[0x6] LoadTSLib: use_tslib=0, handle=0x1c9d18, tsl=(nil), fd=0
[0x6] ButtonPowerUSBTask: Use tslib
[0x6] ButtonPowerUSBTask: tslib: ts_config failed
[0x6] LoadTSLib: use_tslib=0, handle=0x181628, tsl=(nil), fd=0
[0x6] ButtonPowerUSBTask: Use tslib
[0x6] ButtonPowerUSBTask: tslib: ts_config failed
[0x6] LoadTSLib: use_tslib=0, handle=0x181628, tsl=(nil), fd=0
[0x6] ButtonPowerUSBTask: Use tslib
[0x6] ButtonPowerUSBTask: tslib: ts_config failed
[0x6] LoadTSLib: use_tslib=0, handle=0x46cf8, tsl=(nil), fd=0
[0x6] ButtonPowerUSBTask: Use tslib
[0x6] ButtonPowerUSBTask: tslib: ts_config failed
[0x6] LoadTSLib: use_tslib=0, handle=0x46cf8, tsl=(nil), fd=0
[0x6] ButtonPowerUSBTask: Use tslib
[0x6] ButtonPowerUSBTask: tslib: ts_config failed
[0x6] LoadTSLib: use_tslib=0, handle=0x7fbb8, tsl=(nil), fd=0
[0x6] ButtonPowerUSBTask: Use tslib
[0x6] ButtonPowerUSBTask: tslib: ts_config failed
[0x6] LoadTSLib: use_tslib=0, handle=0x7fbb8, tsl=(nil), fd=0
[0x6] ButtonPowerUSBTask: Use tslib
[0x6] ButtonPowerUSBTask: tslib: ts_config failed
[0x6] LoadTSLib: use_tslib=0, handle=0x1c9d50, tsl=(nil), fd=0
[0x6] ButtonPowerUSBTask: Use tslib
[0x6] ButtonPowerUSBTask: tslib: ts_config failed
[0x6] LoadTSLib: use_tslib=0, handle=0x1c9d50, tsl=(nil), fd=0
[0x6] ButtonPowerUSBTask: Use tslib
[0x6] ButtonPowerUSBTask: tslib: ts_config failed
[0x6] LoadTSLib: use_tslib=0, handle=0x5a5bc8, tsl=(nil), fd=0
[0x6] ButtonPowerUSBTask: Use tslib
[0x6] ButtonPowerUSBTask: tslib: ts_config failed
[0x6] LoadTSLib: use_tslib=0, handle=0x5a5bc8, tsl=(nil), fd=0
[0x6] ButtonPowerUSBTask: Use tslib
[0x6] ButtonPowerUSBTask: tslib: ts_config failed
[0x6] LoadTSLib: use_tslib=0, handle=0x5a5cb8, tsl=(nil), fd=0
[0x6] ButtonPowerUSBTask: Use tslib
[0x6] ButtonPowerUSBTask: tslib: ts_config failed
[0x6] LoadTSLib: use_tslib=0, handle=0x5a5cb8, tsl=(nil), fd=0
[0x6] ButtonPowerUSBTask: Use tslib
[0x6] ButtonPowerUSBTask: tslib: ts_config failed
[0x6] LoadTSLib: use_tslib=0, handle=0x1c9d18, tsl=(nil), fd=0
[0x6] ButtonPowerUSBTask: Use tslib
[0x6] ButtonPowerUSBTask: tslib: ts_config failed
[0x6] LoadTSLib: use_tslib=0, handle=0x1c9d18, tsl=(nil), fd=0
[0x6] ButtonPowerUSBTask: Use tslib
[0x6] ButtonPowerUSBTask: tslib: ts_config failed
[0x6] LoadTSLib: use_tslib=0, handle=0x181628, tsl=(nil), fd=0
[0x6] ButtonPowerUSBTask: Use tslib
[0x6] ButtonPowerUSBTask: tslib: ts_config failed
[0x6] LoadTSLib: use_tslib=0, handle=0x181628, tsl=(nil), fd=0
[0x6] ButtonPowerUSBTask: Use tslib
[0x6] ButtonPowerUSBTask: tslib: ts_config failed
[0x6] LoadTSLib: use_tslib=0, handle=0x46cf8, tsl=(nil), fd=0
[0x6] ButtonPowerUSBTask: Use tslib
[0x6] ButtonPowerUSBTask: tslib: ts_config failed
[0x6] LoadTSLib: use_tslib=0, handle=0x46cf8, tsl=(nil), fd=0
[0x6] ButtonPowerUSBTask: Use tslib
[0x6] ButtonPowerUSBTask: tslib: ts_config failed
[0x6] LoadTSLib: use_tslib=0, handle=0x7fbb8, tsl=(nil), fd=0
[0x6] ButtonPowerUSBTask: Use tslib
[0x6] ButtonPowerUSBTask: tslib: ts_config failed
[0x6] LoadTSLib: use_tslib=0, handle=0x7fbb8, tsl=(nil), fd=0
[0x6] ButtonPowerUSBTask: Use tslib
[0x6] ButtonPowerUSBTask: tslib: ts_config failed
[0x6] LoadTSLib: use_tslib=0, handle=0x1c9d50, tsl=(nil), fd=0
[0x6] ButtonPowerUSBTask: Use tslib
[0x6] ButtonPowerUSBTask: tslib: ts_config failed
[0x6] LoadTSLib: use_tslib=0, handle=0x1c9d50, tsl=(nil), fd=0
[0x6] ButtonPowerUSBTask: Use tslib
[0x6] ButtonPowerUSBTask: tslib: ts_config failed
[0x6] LoadTSLib: use_tslib=0, handle=0x5a5bc8, tsl=(nil), fd=0
[0x6] ButtonPowerUSBTask: Use tslib
[0x6] ButtonPowerUSBTask: tslib: ts_config failed
[0x6] LoadTSLib: use_tslib=0, handle=0x5a5bc8, tsl=(nil), fd=0
[0x6] ButtonPowerUSBTask: Use tslib
[0x6] ButtonPowerUSBTask: tslib: ts_config failed
[0x6] LoadTSLib: use_tslib=0, handle=0x5a5cb8, tsl=(nil), fd=0
[0x6] ButtonPowerUSBTask: Use tslib
[0x6] ButtonPowerUSBTask: tslib: ts_config failed
[0x6] LoadTSLib: use_tslib=0, handle=0x5a5cb8, tsl=(nil), fd=0
[0x6] ButtonPowerUSBTask: Use tslib
[0x6] ButtonPowerUSBTask: tslib: ts_config failed
[0x6] LoadTSLib: use_tslib=0, handle=0x1c9d18, tsl=(nil), fd=0
[0x6] ButtonPowerUSBTask: Use tslib
[0x6] ButtonPowerUSBTask: tslib: ts_config failed
[0x6] LoadTSLib: use_tslib=0, handle=0x1c9d18, tsl=(nil), fd=0
[0x6] ButtonPowerUSBTask: Use tslib
[0x6] ButtonPowerUSBTask: tslib: ts_config failed
[0x6] LoadTSLib: use_tslib=0, handle=0x181628, tsl=(nil), fd=0
[0x6] ButtonPowerUSBTask: Use tslib
[0x6] ButtonPowerUSBTask: tslib: ts_config failed
[0x6] LoadTSLib: use_tslib=0, handle=0x181628, tsl=(nil), fd=0
[0x6] ButtonPowerUSBTask: Use tslib
[0x6] ButtonPowerUSBTask: tslib: ts_config failed
[0x6] LoadTSLib: use_tslib=0, handle=0x46cf8, tsl=(nil), fd=0
[0x6] ButtonPowerUSBTask: Use tslib
[0x6] ButtonPowerUSBTask: tslib: ts_config failed
[0x6] LoadTSLib: use_tslib=0, handle=0x46cf8, tsl=(nil), fd=0
[0x6] ButtonPowerUSBTask: Use tslib
[0x6] ButtonPowerUSBTask: tslib: ts_config failed
[0x6] LoadTSLib: use_tslib=0, handle=0x7fbb8, tsl=(nil), fd=0
[0x6] ButtonPowerUSBTask: Use tslib
[0x6] ButtonPowerUSBTask: tslib: ts_config failed
[0x6] LoadTSLib: use_tslib=0, handle=0x7fbb8, tsl=(nil), fd=0
[0x6] ButtonPowerUSBTask: Use tslib
[0x6] ButtonPowerUSBTask: tslib: ts_config failed
[0x6] LoadTSLib: use_tslib=0, handle=0x1c9d50, tsl=(nil), fd=0
[0x6] ButtonPowerUSBTask: Use tslib
[0x6] ButtonPowerUSBTask: tslib: ts_config failed
[0x6] LoadTSLib: use_tslib=0, handle=0x1c9d50, tsl=(nil), fd=0
[0x6] ButtonPowerUSBTask: Use tslib
[0x6] ButtonPowerUSBTask: tslib: ts_config failed
[0x6] LoadTSLib: use_tslib=0, handle=0x5a5bc8, tsl=(nil), fd=0
[0x6] ButtonPowerUSBTask: Use tslib
[0x6] ButtonPowerUSBTask: tslib: ts_config failed
[0x6] LoadTSLib: use_tslib=0, handle=0x5a5bc8, tsl=(nil), fd=0
[0x6] ButtonPowerUSBTask: Use tslib
[0x6] ButtonPowerUSBTask: tslib: ts_config failed
[0x6] LoadTSLib: use_tslib=0, handle=0x5a5cb8, tsl=(nil), fd=0
[0x6] ButtonPowerUSBTask: Use tslib
[0x6] ButtonPowerUSBTask: tslib: ts_config failed
[0x6] LoadTSLib: use_tslib=0, handle=0x5a5cb8, tsl=(nil), fd=0
[0x6] ButtonPowerUSBTask: Use tslib
[0x6] ButtonPowerUSBTask: tslib: ts_config failed
[0x6] LoadTSLib: use_tslib=0, handle=0x1c9d18, tsl=(nil), fd=0
[0x6] ButtonPowerUSBTask: Use tslib
[0x6] ButtonPowerUSBTask: tslib: ts_config failed
[0x6] LoadTSLib: use_tslib=0, handle=0x1c9d18, tsl=(nil), fd=0
[0x6] ButtonPowerUSBTask: Use tslib
[0x6] ButtonPowerUSBTask: tslib: ts_config failed
[0x6] LoadTSLib: use_tslib=0, handle=0x181628, tsl=(nil), fd=0
[0x6] ButtonPowerUSBTask: Use tslib
[0x6] ButtonPowerUSBTask: tslib: ts_config failed
[0x6] LoadTSLib: use_tslib=0, handle=0x181628, tsl=(nil), fd=0
[0x6] ButtonPowerUSBTask: Use tslib
[0x6] ButtonPowerUSBTask: tslib: ts_config failed
[0x6] LoadTSLib: use_tslib=0, handle=0x46cf8, tsl=(nil), fd=0
[0x6] ButtonPowerUSBTask: Use tslib
[0x6] ButtonPowerUSBTask: tslib: ts_config failed
[0x6] LoadTSLib: use_tslib=0, handle=0x46cf8, tsl=(nil), fd=0
[0x6] ButtonPowerUSBTask: Use tslib
[0x6] ButtonPowerUSBTask: tslib: ts_config failed
[0x6] LoadTSLib: use_tslib=0, handle=0x7fbb8, tsl=(nil), fd=0
[0x6] ButtonPowerUSBTask: Use tslib
[0x6] ButtonPowerUSBTask: tslib: ts_config failed
[0x6] LoadTSLib: use_tslib=0, handle=0x7fbb8, tsl=(nil), fd=0
[0x6] ButtonPowerUSBTask: Use tslib
[0x6] ButtonPowerUSBTask: tslib: ts_config failed
[0x6] LoadTSLib: use_tslib=0, handle=0x1c9d50, tsl=(nil), fd=0
[0x6] ButtonPowerUSBTask: Use tslib
[0x6] ButtonPowerUSBTask: tslib: ts_config failed
[0x6] LoadTSLib: use_tslib=0, handle=0x1c9d50, tsl=(nil), fd=0
[0x6] ButtonPowerUSBTask: Use tslib
[0x6] ButtonPowerUSBTask: tslib: ts_config failed
[0x6] LoadTSLib: use_tslib=0, handle=0x5a5bc8, tsl=(nil), fd=0
[0x6] ButtonPowerUSBTask: Use tslib
[0x6] ButtonPowerUSBTask: tslib: ts_config failed
[0x6] LoadTSLib: use_tslib=0, handle=0x5a5bc8, tsl=(nil), fd=0
[0x6] ButtonPowerUSBTask: Use tslib
[0x6] ButtonPowerUSBTask: tslib: ts_config failed
[0x6] LoadTSLib: use_tslib=0, handle=0x5a5cb8, tsl=(nil), fd=0
[0x6] ButtonPowerUSBTask: Use tslib
[0x6] ButtonPowerUSBTask: tslib: ts_config failed
[0x6] LoadTSLib: use_tslib=0, handle=0x5a5cb8, tsl=(nil), fd=0
[0x6] ButtonPowerUSBTask: Use tslib
[0x6] ButtonPowerUSBTask: tslib: ts_config failed
[0x6] LoadTSLib: use_tslib=0, handle=0x181628, tsl=(nil), fd=0
[0x6] ButtonPowerUSBTask: Use tslib
[0x6] ButtonPowerUSBTask: tslib: ts_config failed
[0x6] LoadTSLib: use_tslib=0, handle=0x181628, tsl=(nil), fd=0
[0x6] ButtonPowerUSBTask: Use tslib
[0x6] ButtonPowerUSBTask: tslib: ts_config failed
[0x6] LoadTSLib: use_tslib=0, handle=0x46cf8, tsl=(nil), fd=0
[0x6] ButtonPowerUSBTask: Use tslib
[0x6] ButtonPowerUSBTask: tslib: ts_config failed
[0x6] LoadTSLib: use_tslib=0, handle=0x46cf8, tsl=(nil), fd=0
[0x6] ButtonPowerUSBTask: Use tslib
[0x6] ButtonPowerUSBTask: tslib: ts_config failed
[0x6] LoadTSLib: use_tslib=0, handle=0x7fbb8, tsl=(nil), fd=0
[0x6] ButtonPowerUSBTask: Use tslib
[0x6] ButtonPowerUSBTask: tslib: ts_config failed
[0x6] LoadTSLib: use_tslib=0, handle=0x7fbb8, tsl=(nil), fd=0
[0x6] ButtonPowerUSBTask: Use tslib
[0x6] ButtonPowerUSBTask: tslib: ts_config failed
[0x6] LoadTSLib: use_tslib=0, handle=0x1c9d50, tsl=(nil), fd=0
[0x6] ButtonPowerUSBTask: Use tslib
[0x6] ButtonPowerUSBTask: tslib: ts_config failed
[0x6] LoadTSLib: use_tslib=0, handle=0x1c9d50, tsl=(nil), fd=0
[0x6] ButtonPowerUSBTask: Use tslib
[0x6] ButtonPowerUSBTask: tslib: ts_config failed
[0x6] LoadTSLib: use_tslib=0, handle=0x5a5cb8, tsl=(nil), fd=0
[0x6] ButtonPowerUSBTask: Use tslib
[0x6] ButtonPowerUSBTask: tslib: ts_config failed
[0x6] LoadTSLib: use_tslib=0, handle=0x5a5cb8, tsl=(nil), fd=0
[0x6] ButtonPowerUSBTask: Use tslib
[0x6] ButtonPowerUSBTask: tslib: ts_config failed
[0x6] LoadTSLib: use_tslib=0, handle=0x5a5bc8, tsl=(nil), fd=0
[0x6] ButtonPowerUSBTask: Use tslib
[0x6] ButtonPowerUSBTask: tslib: ts_config failed
[0x6] LoadTSLib: use_tslib=0, handle=0x5a5bc8, tsl=(nil), fd=0
[0x6] ButtonPowerUSBTask: Use tslib
[0x6] ButtonPowerUSBTask: tslib: ts_config failed
[0x6] LoadTSLib: use_tslib=0, handle=0x1c9d18, tsl=(nil), fd=0
[0x6] ButtonPowerUSBTask: Use tslib
[0x6] ButtonPowerUSBTask: tslib: ts_config failed
[0x6] LoadTSLib: use_tslib=0, handle=0x1c9d18, tsl=(nil), fd=0
[0x6] ButtonPowerUSBTask: Use tslib
[0x6] ButtonPowerUSBTask: tslib: ts_config failed
[0x6] LoadTSLib: use_tslib=0, handle=0x181628, tsl=(nil), fd=0
[0x6] ButtonPowerUSBTask: Use tslib
[0x6] ButtonPowerUSBTask: tslib: ts_config failed
[0x6] LoadTSLib: use_tslib=0, handle=0x181628, tsl=(nil), fd=0
[0x6] ButtonPowerUSBTask: Use tslib
[0x6] ButtonPowerUSBTask: tslib: ts_config failed
[0x6] LoadTSLib: use_tslib=0, handle=0x46cf8, tsl=(nil), fd=0
[0x6] ButtonPowerUSBTask: Use tslib
[0x6] ButtonPowerUSBTask: tslib: ts_config failed
[0x6] LoadTSLib: use_tslib=0, handle=0x46cf8, tsl=(nil), fd=0
[0x6] ButtonPowerUSBTask: Use tslib
[0x6] ButtonPowerUSBTask: tslib: ts_config failed
[0x6] LoadTSLib: use_tslib=0, handle=0x7fbb8, tsl=(nil), fd=0
[0x6] ButtonPowerUSBTask: Use tslib
[0x6] ButtonPowerUSBTask: tslib: ts_config failed
[0x6] LoadTSLib: use_tslib=0, handle=0x7fbb8, tsl=(nil), fd=0
[0x6] ButtonPowerUSBTask: Use tslib
[0x6] ButtonPowerUSBTask: tslib: ts_config failed
[0x6] LoadTSLib: use_tslib=0, handle=0x1c9d50, tsl=(nil), fd=0
[0x6] ButtonPowerUSBTask: Use tslib
[0x6] ButtonPowerUSBTask: tslib: ts_config failed
[0x6] LoadTSLib: use_tslib=0, handle=0x1c9d50, tsl=(nil), fd=0
[0x6] ButtonPowerUSBTask: Use tslib
[0x6] ButtonPowerUSBTask: tslib: ts_config failed
[0x6] LoadTSLib: use_tslib=0, handle=0x5a5cb8, tsl=(nil), fd=0
[0x6] ButtonPowerUSBTask: Use tslib
[0x6] ButtonPowerUSBTask: tslib: ts_config failed
[0x6] LoadTSLib: use_tslib=0, handle=0x5a5cb8, tsl=(nil), fd=0
[0x6] ButtonPowerUSBTask: Use tslib
[0x1] StartAudio: file doesn't exist='/LF/Bulk/ProgramFiles/LST3-0x00180015-000000/audio/h_BROM_WrongAnswerSfx_6.ogg
[0x6] ButtonPowerUSBTask: tslib: ts_config failed
[0x6] LoadTSLib: use_tslib=0, handle=0x5a5bc8, tsl=(nil), fd=0
INVALID - TRIGGER: WRONG START PT
[0x6] ButtonPowerUSBTask: Use tslib
[0x4] STATE_CHANGED NEW_STATE=TaskHelp[0x6] ButtonPowerUSBTask: tslib: ts_config failed
[0x6] LoadTSLib: use_tslib=0, handle=0x1815d8, tsl=(nil), fd=0
[0x6] ButtonPowerUSBTask: Use tslib
[0x6] ButtonPowerUSBTask: tslib: ts_config failed
[0x6] LoadTSLib: use_tslib=0, handle=0x1815d8, tsl=(nil), fd=0
[0x6] ButtonPowerUSBTask: Use tslib
[0x6] ButtonPowerUSBTask: tslib: ts_config failed
[0x6] LoadTSLib: use_tslib=0, handle=0x80458, tsl=(nil), fd=0
[0x6] ButtonPowerUSBTask: Use tslib
[0x6] ButtonPowerUSBTask: tslib: ts_config failed
[0x6] LoadTSLib: use_tslib=0, handle=0x80458, tsl=(nil), fd=0
[0x6] ButtonPowerUSBTask: Use tslib
[0x6] ButtonPowerUSBTask: tslib: ts_config failed
[0x6] LoadTSLib: use_tslib=0, handle=0x80458, tsl=(nil), fd=0
[0x6] ButtonPowerUSBTask: Use tslib
[0x6] ButtonPowerUSBTask: tslib: ts_config failed
[0x6] LoadTSLib: use_tslib=0, handle=0x80458, tsl=(nil), fd=0
[0x6] ButtonPowerUSBTask: Use tslib
[0x6] ButtonPowerUSBTask: tslib: ts_config failed
[0x6] LoadTSLib: use_tslib=0, handle=0x80458, tsl=(nil), fd=0
[0x6] ButtonPowerUSBTask: Use tslib
[0x6] ButtonPowerUSBTask: tslib: ts_config failed
[0x6] LoadTSLib: use_tslib=0, handle=0x80458, tsl=(nil), fd=0
[0x6] ButtonPowerUSBTask: Use tslib
[0x6] ButtonPowerUSBTask: tslib: ts_config failed
[0x6] LoadTSLib: use_tslib=0, handle=0x80458, tsl=(nil), fd=0
[0x6] ButtonPowerUSBTask: Use tslib
[0x6] ButtonPowerUSBTask: tslib: ts_config failed
[0x6] LoadTSLib: use_tslib=0, handle=0x80458, tsl=(nil), fd=0
[0x6] ButtonPowerUSBTask: Use tslib
[0x6] ButtonPowerUSBTask: tslib: ts_config failed
[0x6] LoadTSLib: use_tslib=0, handle=0x80458, tsl=(nil), fd=0
[0x6] ButtonPowerUSBTask: Use tslib
[0x6] ButtonPowerUSBTask: tslib: ts_config failed
[0x6] LoadTSLib: use_tslib=0, handle=0x80458, tsl=(nil), fd=0
[0x6] ButtonPowerUSBTask: Use tslib
[0x6] ButtonPowerUSBTask: tslib: ts_config failed
[0x6] LoadTSLib: use_tslib=0, handle=0x80458, tsl=(nil), fd=0
[0x6] ButtonPowerUSBTask: Use tslib
[0x6] ButtonPowerUSBTask: tslib: ts_config failed
[0x6] LoadTSLib: use_tslib=0, handle=0x80458, tsl=(nil), fd=0
[0x6] ButtonPowerUSBTask: Use tslib
[0x6] ButtonPowerUSBTask: tslib: ts_config failed
[0x6] LoadTSLib: use_tslib=0, handle=0x80458, tsl=(nil), fd=0
[0x6] ButtonPowerUSBTask: Use tslib
[0x6] ButtonPowerUSBTask: tslib: ts_config failed
[0x6] LoadTSLib: use_tslib=0, handle=0x1734a0, tsl=(nil), fd=0
[0x6] ButtonPowerUSBTask: Use tslib
[0x6] ButtonPowerUSBTask: tslib: ts_config failed
[0x6] LoadTSLib: use_tslib=0, handle=0x1734a0, tsl=(nil), fd=0
[0x6] ButtonPowerUSBTask: Use tslib
[0x6] ButtonPowerUSBTask: tslib: ts_config failed
[0x6] LoadTSLib: use_tslib=0, handle=0x1815d8, tsl=(nil), fd=0
[0x6] ButtonPowerUSBTask: Use tslib
[0x6] ButtonPowerUSBTask: tslib: ts_config failed
[0x6] LoadTSLib: use_tslib=0, handle=0x1815d8, tsl=(nil), fd=0
[0x6] ButtonPowerUSBTask: Use tslib
[0x6] ButtonPowerUSBTask: tslib: ts_config failed
[0x6] LoadTSLib: use_tslib=0, handle=0x181128, tsl=(nil), fd=0
[0x6] ButtonPowerUSBTask: Use tslib
[0x6] ButtonPowerUSBTask: tslib: ts_config failed
[0x6] LoadTSLib: use_tslib=0, handle=0x181128, tsl=(nil), fd=0
[0x6] ButtonPowerUSBTask: Use tslib
[0x6] ButtonPowerUSBTask: tslib: ts_config failed
[0x6] LoadTSLib: use_tslib=0, handle=0x193530, tsl=(nil), fd=0
[0x6] ButtonPowerUSBTask: Use tslib
[0x6] ButtonPowerUSBTask: tslib: ts_config failed
[0x6] LoadTSLib: use_tslib=0, handle=0x193530, tsl=(nil), fd=0
[0x6] ButtonPowerUSBTask: Use tslib
[0x6] ButtonPowerUSBTask: tslib: ts_config failed
[0x6] LoadTSLib: use_tslib=0, handle=0x181670, tsl=(nil), fd=0
[0x6] ButtonPowerUSBTask: Use tslib
[0x6] ButtonPowerUSBTask: tslib: ts_config failed
[0x6] LoadTSLib: use_tslib=0, handle=0x181670, tsl=(nil), fd=0
[0x6] ButtonPowerUSBTask: Use tslib
[0x6] ButtonPowerUSBTask: tslib: ts_config failed
[0x6] LoadTSLib: use_tslib=0, handle=0xff880, tsl=(nil), fd=0
[0x6] ButtonPowerUSBTask: Use tslib
[0x6] ButtonPowerUSBTask: tslib: ts_config failed
[0x6] LoadTSLib: use_tslib=0, handle=0xff880, tsl=(nil), fd=0
[0x6] ButtonPowerUSBTask: Use tslib
[0x6] ButtonPowerUSBTask: tslib: ts_config failed
[0x6] LoadTSLib: use_tslib=0, handle=0x46c50, tsl=(nil), fd=0
[0x6] ButtonPowerUSBTask: Use tslib
[0x6] ButtonPowerUSBTask: tslib: ts_config failed
[0x6] LoadTSLib: use_tslib=0, handle=0x46c50, tsl=(nil), fd=0
[0x6] ButtonPowerUSBTask: Use tslib
[0x6] ButtonPowerUSBTask: tslib: ts_config failed
[0x6] LoadTSLib: use_tslib=0, handle=0x1a00c0, tsl=(nil), fd=0
[0x6] ButtonPowerUSBTask: Use tslib
[0x6] ButtonPowerUSBTask: tslib: ts_config failed
[0x6] LoadTSLib: use_tslib=0, handle=0x1a00c0, tsl=(nil), fd=0
[0x6] ButtonPowerUSBTask: Use tslib
[0x6] ButtonPowerUSBTask: tslib: ts_config failed
[0x6] LoadTSLib: use_tslib=0, handle=0x1734a0, tsl=(nil), fd=0
[0x6] ButtonPowerUSBTask: Use tslib
[0x6] ButtonPowerUSBTask: tslib: ts_config failed
[0x6] LoadTSLib: use_tslib=0, handle=0x1734a0, tsl=(nil), fd=0
[0x6] ButtonPowerUSBTask: Use tslib
[0x6] ButtonPowerUSBTask: tslib: ts_config failed
[0x6] LoadTSLib: use_tslib=0, handle=0x1734a0, tsl=(nil), fd=0
[0x6] ButtonPowerUSBTask: Use tslib
[0x6] ButtonPowerUSBTask: tslib: ts_config failed
[0x6] LoadTSLib: use_tslib=0, handle=0xff880, tsl=(nil), fd=0
[0x6] ButtonPowerUSBTask: Use tslib
[0x6] ButtonPowerUSBTask: tslib: ts_config failed
[0x6] LoadTSLib: use_tslib=0, handle=0xff880, tsl=(nil), fd=0
[0x6] ButtonPowerUSBTask: Use tslib
[0x6] ButtonPowerUSBTask: tslib: ts_config failed
[0x6] LoadTSLib: use_tslib=0, handle=0x181670, tsl=(nil), fd=0
[0x6] ButtonPowerUSBTask: Use tslib
[0x6] ButtonPowerUSBTask: tslib: ts_config failed
[0x6] LoadTSLib: use_tslib=0, handle=0x181670, tsl=(nil), fd=0
[0x6] ButtonPowerUSBTask: Use tslib
[0x6] ButtonPowerUSBTask: tslib: ts_config failed
[0x6] LoadTSLib: use_tslib=0, handle=0x181128, tsl=(nil), fd=0
[0x6] ButtonPowerUSBTask: Use tslib
[0x6] ButtonPowerUSBTask: tslib: ts_config failed
[0x6] LoadTSLib: use_tslib=0, handle=0x181128, tsl=(nil), fd=0
[0x6] ButtonPowerUSBTask: Use tslib
[0x6] ButtonPowerUSBTask: tslib: ts_config failed
[0x6] LoadTSLib: use_tslib=0, handle=0x1815d8, tsl=(nil), fd=0
[0x6] ButtonPowerUSBTask: Use tslib
[0x6] ButtonPowerUSBTask: tslib: ts_config failed
[0x6] LoadTSLib: use_tslib=0, handle=0x1815d8, tsl=(nil), fd=0
[0x6] ButtonPowerUSBTask: Use tslib
[0x6] ButtonPowerUSBTask: tslib: ts_config failed
[0x6] LoadTSLib: use_tslib=0, handle=0x193698, tsl=(nil), fd=0
[0x6] ButtonPowerUSBTask: Use tslib
[0x6] ButtonPowerUSBTask: tslib: ts_config failed
[0x6] LoadTSLib: use_tslib=0, handle=0x193698, tsl=(nil), fd=0
[0x6] ButtonPowerUSBTask: Use tslib
[0x6] ButtonPowerUSBTask: tslib: ts_config failed
[0x6] LoadTSLib: use_tslib=0, handle=0x1a00c0, tsl=(nil), fd=0
[0x6] ButtonPowerUSBTask: Use tslib
[0x6] ButtonPowerUSBTask: tslib: ts_config failed
[0x6] LoadTSLib: use_tslib=0, handle=0x1a00c0, tsl=(nil), fd=0
[0x6] ButtonPowerUSBTask: Use tslib
[0x6] ButtonPowerUSBTask: tslib: ts_config failed
[0x6] LoadTSLib: use_tslib=0, handle=0x1a00c0, tsl=(nil), fd=0
[0x6] ButtonPowerUSBTask: Use tslib
[0x6] ButtonPowerUSBTask: tslib: ts_config failed
[0x6] LoadTSLib: use_tslib=0, handle=0x181128, tsl=(nil), fd=0
[0x6] ButtonPowerUSBTask: Use tslib
[0x6] ButtonPowerUSBTask: tslib: ts_config failed
[0x6] LoadTSLib: use_tslib=0, handle=0x181128, tsl=(nil), fd=0
[0x6] ButtonPowerUSBTask: Use tslib
[0x6] ButtonPowerUSBTask: tslib: ts_config failed
[0x6] LoadTSLib: use_tslib=0, handle=0x181670, tsl=(nil), fd=0
[0x6] ButtonPowerUSBTask: Use tslib
[0x6] ButtonPowerUSBTask: tslib: ts_config failed
[0x6] LoadTSLib: use_tslib=0, handle=0x181670, tsl=(nil), fd=0
[0x6] ButtonPowerUSBTask: Use tslib
[0x6] ButtonPowerUSBTask: tslib: ts_config failed
[0x6] LoadTSLib: use_tslib=0, handle=0xff880, tsl=(nil), fd=0
[0x6] ButtonPowerUSBTask: Use tslib
[0x6] ButtonPowerUSBTask: tslib: ts_config failed
[0x6] LoadTSLib: use_tslib=0, handle=0x1a00c0, tsl=(nil), fd=0
[0x6] ButtonPowerUSBTask: Use tslib
[0x6] ButtonPowerUSBTask: tslib: ts_config failed
[0x6] LoadTSLib: use_tslib=0, handle=0x181670, tsl=(nil), fd=0
[0x6] ButtonPowerUSBTask: Use tslib
[0x6] ButtonPowerUSBTask: tslib: ts_config failed
[0x6] LoadTSLib: use_tslib=0, handle=0xff880, tsl=(nil), fd=0
[0x6] ButtonPowerUSBTask: Use tslib
[0x6] ButtonPowerUSBTask: tslib: ts_config failed
[0x6] LoadTSLib: use_tslib=0, handle=0x1a00c0, tsl=(nil), fd=0
[0x6] ButtonPowerUSBTask: Use tslib
[0x6] ButtonPowerUSBTask: tslib: ts_config failed
[0x6] LoadTSLib: use_tslib=0, handle=0x181670, tsl=(nil), fd=0
[0x6] ButtonPowerUSBTask: Use tslib
[0x6] ButtonPowerUSBTask: tslib: ts_config failed
[0x6] LoadTSLib: use_tslib=0, handle=0x181670, tsl=(nil), fd=0
[0x6] ButtonPowerUSBTask: Use tslib
[0x6] ButtonPowerUSBTask: tslib: ts_config failed
[0x6] LoadTSLib: use_tslib=0, handle=0x1815d8, tsl=(nil), fd=0
[0x6] ButtonPowerUSBTask: Use tslib
[0x6] ButtonPowerUSBTask: tslib: ts_config failed
[0x6] LoadTSLib: use_tslib=0, handle=0x1815d8, tsl=(nil), fd=0
[0x6] ButtonPowerUSBTask: Use tslib
[0x6] ButtonPowerUSBTask: tslib: ts_config failed
[0x6] LoadTSLib: use_tslib=0, handle=0x1a0448, tsl=(nil), fd=0
[0x6] ButtonPowerUSBTask: Use tslib
[0x6] ButtonPowerUSBTask: tslib: ts_config failed
[0x6] LoadTSLib: use_tslib=0, handle=0x1a0448, tsl=(nil), fd=0
[0x6] ButtonPowerUSBTask: Use tslib
[0x6] ButtonPowerUSBTask: tslib: ts_config failed
[0x6] LoadTSLib: use_tslib=0, handle=0x193698, tsl=(nil), fd=0
[0x6] ButtonPowerUSBTask: Use tslib
[0x6] ButtonPowerUSBTask: tslib: ts_config failed
[0x6] LoadTSLib: use_tslib=0, handle=0x181670, tsl=(nil), fd=0
[0x6] ButtonPowerUSBTask: Use tslib
[0x6] ButtonPowerUSBTask: tslib: ts_config failed
[0x6] LoadTSLib: use_tslib=0, handle=0x181670, tsl=(nil), fd=0
[0x6] ButtonPowerUSBTask: Use tslib
[0x6] ButtonPowerUSBTask: tslib: ts_config failed
[0x6] LoadTSLib: use_tslib=0, handle=0x1a00c0, tsl=(nil), fd=0
[0x6] ButtonPowerUSBTask: Use tslib
[0x6] ButtonPowerUSBTask: tslib: ts_config failed
[0x6] LoadTSLib: use_tslib=0, handle=0x1a00c0, tsl=(nil), fd=0
[0x6] ButtonPowerUSBTask: Use tslib
[0x6] ButtonPowerUSBTask: tslib: ts_config failed
[0x6] LoadTSLib: use_tslib=0, handle=0x1a03e0, tsl=(nil), fd=0
[0x6] ButtonPowerUSBTask: Use tslib
[0x6] ButtonPowerUSBTask: tslib: ts_config failed
[0x6] LoadTSLib: use_tslib=0, handle=0x1a03e0, tsl=(nil), fd=0
[0x6] ButtonPowerUSBTask: Use tslib
[0x6] ButtonPowerUSBTask: tslib: ts_config failed
[0x6] LoadTSLib: use_tslib=0, handle=0xff880, tsl=(nil), fd=0
[0x6] ButtonPowerUSBTask: Use tslib
[0x6] ButtonPowerUSBTask: tslib: ts_config failed
[0x6] LoadTSLib: use_tslib=0, handle=0xff880, tsl=(nil), fd=0
[0x6] ButtonPowerUSBTask: Use tslib
[0x6] ButtonPowerUSBTask: tslib: ts_config failed
[0x6] LoadTSLib: use_tslib=0, handle=0x46c50, tsl=(nil), fd=0
[0x6] ButtonPowerUSBTask: Use tslib
[0x6] ButtonPowerUSBTask: tslib: ts_config failed
[0x6] LoadTSLib: use_tslib=0, handle=0x46c50, tsl=(nil), fd=0
[0x6] ButtonPowerUSBTask: Use tslib
[0x6] ButtonPowerUSBTask: tslib: ts_config failed
[0x6] LoadTSLib: use_tslib=0, handle=0x46c50, tsl=(nil), fd=0
[0x6] ButtonPowerUSBTask: Use tslib
[0x6] ButtonPowerUSBTask: tslib: ts_config failed
[0x6] LoadTSLib: use_tslib=0, handle=0x1a00c0, tsl=(nil), fd=0
[0x6] ButtonPowerUSBTask: Use tslib
[0x6] ButtonPowerUSBTask: tslib: ts_config failed
[0x6] LoadTSLib: use_tslib=0, handle=0x1a00c0, tsl=(nil), fd=0
[0x6] ButtonPowerUSBTask: Use tslib
[0x6] ButtonPowerUSBTask: tslib: ts_config failed
[0x6] LoadTSLib: use_tslib=0, handle=0x1a00c0, tsl=(nil), fd=0
[0x6] ButtonPowerUSBTask: Use tslib
[0x6] ButtonPowerUSBTask: tslib: ts_config failed
[0x6] LoadTSLib: use_tslib=0, handle=0xff880, tsl=(nil), fd=0
[0x6] ButtonPowerUSBTask: Use tslib
[0x6] ButtonPowerUSBTask: tslib: ts_config failed
[0x6] LoadTSLib: use_tslib=0, handle=0xff880, tsl=(nil), fd=0
[0x6] ButtonPowerUSBTask: Use tslib
[0x6] ButtonPowerUSBTask: tslib: ts_config failed
[0x6] LoadTSLib: use_tslib=0, handle=0xff880, tsl=(nil), fd=0
[0x6] ButtonPowerUSBTask: Use tslib
[0x6] ButtonPowerUSBTask: tslib: ts_config failed
[0x6] LoadTSLib: use_tslib=0, handle=0x46c50, tsl=(nil), fd=0
[0x6] ButtonPowerUSBTask: Use tslib
[0x6] ButtonPowerUSBTask: tslib: ts_config failed
[0x6] LoadTSLib: use_tslib=0, handle=0x46c50, tsl=(nil), fd=0
[0x6] ButtonPowerUSBTask: Use tslib
[0x6] ButtonPowerUSBTask: tslib: ts_config failed
[0x6] LoadTSLib: use_tslib=0, handle=0x46c50, tsl=(nil), fd=0
[0x6] ButtonPowerUSBTask: Use tslib
[0x6] ButtonPowerUSBTask: tslib: ts_config failed
[0x6] LoadTSLib: use_tslib=0, handle=0x1a00c0, tsl=(nil), fd=0
[0x6] ButtonPowerUSBTask: Use tslib
[0x6] ButtonPowerUSBTask: tslib: ts_config failed
[0x6] LoadTSLib: use_tslib=0, handle=0x1a00c0, tsl=(nil), fd=0
[0x6] ButtonPowerUSBTask: Use tslib
[0x6] ButtonPowerUSBTask: tslib: ts_config failed
[0x6] LoadTSLib: use_tslib=0, handle=0x1a00c0, tsl=(nil), fd=0
[0x6] ButtonPowerUSBTask: Use tslib
[0x6] ButtonPowerUSBTask: tslib: ts_config failed
[0x6] LoadTSLib: use_tslib=0, handle=0xff880, tsl=(nil), fd=0
[0x6] ButtonPowerUSBTask: Use tslib
[0x6] ButtonPowerUSBTask: tslib: ts_config failed
[0x6] LoadTSLib: use_tslib=0, handle=0xff880, tsl=(nil), fd=0
[0x6] ButtonPowerUSBTask: Use tslib
[0x6] ButtonPowerUSBTask: tslib: ts_config failed
[0x6] LoadTSLib: use_tslib=0, handle=0xff880, tsl=(nil), fd=0
[0x6] ButtonPowerUSBTask: Use tslib
[0x6] ButtonPowerUSBTask: tslib: ts_config failed
[0x6] LoadTSLib: use_tslib=0, handle=0x46c50, tsl=(nil), fd=0
[0x6] ButtonPowerUSBTask: Use tslib
[0x6] ButtonPowerUSBTask: tslib: ts_config failed
[0x6] LoadTSLib: use_tslib=0, handle=0x46c50, tsl=(nil), fd=0
[0x6] ButtonPowerUSBTask: Use tslib
[0x6] ButtonPowerUSBTask: tslib: ts_config failed
[0x6] LoadTSLib: use_tslib=0, handle=0x46c50, tsl=(nil), fd=0
[0x6] ButtonPowerUSBTask: Use tslib
[0x6] ButtonPowerUSBTask: tslib: ts_config failed
[0x6] LoadTSLib: use_tslib=0, handle=0x1a00c0, tsl=(nil), fd=0
[0x6] ButtonPowerUSBTask: Use tslib
[0x6] ButtonPowerUSBTask: tslib: ts_config failed
[0x6] LoadTSLib: use_tslib=0, handle=0x1a00c0, tsl=(nil), fd=0
[0x6] ButtonPowerUSBTask: Use tslib
[0x6] ButtonPowerUSBTask: tslib: ts_config failed
[0x6] LoadTSLib: use_tslib=0, handle=0x1a00c0, tsl=(nil), fd=0
[0x6] ButtonPowerUSBTask: Use tslib
[0x6] ButtonPowerUSBTask: tslib: ts_config failed
[0x6] LoadTSLib: use_tslib=0, handle=0xff880, tsl=(nil), fd=0
[0x6] ButtonPowerUSBTask: Use tslib
[0x6] ButtonPowerUSBTask: tslib: ts_config failed
[0x6] LoadTSLib: use_tslib=0, handle=0xff880, tsl=(nil), fd=0
[0x6] ButtonPowerUSBTask: Use tslib
[0x6] ButtonPowerUSBTask: tslib: ts_config failed
[0x6] LoadTSLib: use_tslib=0, handle=0xff880, tsl=(nil), fd=0
[0x6] ButtonPowerUSBTask: Use tslib
[0x6] ButtonPowerUSBTask: tslib: ts_config failed
[0x6] LoadTSLib: use_tslib=0, handle=0x46c50, tsl=(nil), fd=0
[0x6] ButtonPowerUSBTask: Use tslib
[0x6] ButtonPowerUSBTask: tslib: ts_config failed
[0x6] LoadTSLib: use_tslib=0, handle=0x46c50, tsl=(nil), fd=0
[0x6] ButtonPowerUSBTask: Use tslib
[0x6] ButtonPowerUSBTask: tslib: ts_config failed
[0x6] LoadTSLib: use_tslib=0, handle=0x46c50, tsl=(nil), fd=0
[0x6] ButtonPowerUSBTask: Use tslib
[0x6] ButtonPowerUSBTask: tslib: ts_config failed
[0x6] LoadTSLib: use_tslib=0, handle=0x1a00c0, tsl=(nil), fd=0
[0x6] ButtonPowerUSBTask: Use tslib
[0x6] ButtonPowerUSBTask: tslib: ts_config failed
[0x6] LoadTSLib: use_tslib=0, handle=0x1a00c0, tsl=(nil), fd=0
[0x6] ButtonPowerUSBTask: Use tslib
[0x6] ButtonPowerUSBTask: tslib: ts_config failed
[0x6] LoadTSLib: use_tslib=0, handle=0x1a00c0, tsl=(nil), fd=0
[0x6] ButtonPowerUSBTask: Use tslib
[0x6] ButtonPowerUSBTask: tslib: ts_config failed
[0x6] LoadTSLib: use_tslib=0, handle=0xff880, tsl=(nil), fd=0
[0x6] ButtonPowerUSBTask: Use tslib
[0x6] ButtonPowerUSBTask: tslib: ts_config failed
[0x6] LoadTSLib: use_tslib=0, handle=0xff880, tsl=(nil), fd=0
[0x6] ButtonPowerUSBTask: Use tslib
[0x6] ButtonPowerUSBTask: tslib: ts_config failed
[0x6] LoadTSLib: use_tslib=0, handle=0xff880, tsl=(nil), fd=0
[0x6] ButtonPowerUSBTask: Use tslib
[0x6] ButtonPowerUSBTask: tslib: ts_config failed
[0x6] LoadTSLib: use_tslib=0, handle=0x46c50, tsl=(nil), fd=0
[0x6] ButtonPowerUSBTask: Use tslib
[0x6] ButtonPowerUSBTask: tslib: ts_config failed
[0x6] LoadTSLib: use_tslib=0, handle=0x46c50, tsl=(nil), fd=0
[0x6] ButtonPowerUSBTask: Use tslib
[0x6] ButtonPowerUSBTask: tslib: ts_config failed
[0x6] LoadTSLib: use_tslib=0, handle=0x46c50, tsl=(nil), fd=0
[0x6] ButtonPowerUSBTask: Use tslib
[0x6] ButtonPowerUSBTask: tslib: ts_config failed
[0x6] LoadTSLib: use_tslib=0, handle=0x1a00c0, tsl=(nil), fd=0
[0x6] ButtonPowerUSBTask: Use tslib
[0x6] ButtonPowerUSBTask: tslib: ts_config failed
[0x6] LoadTSLib: use_tslib=0, handle=0x1a00c0, tsl=(nil), fd=0
[0x6] ButtonPowerUSBTask: Use tslib
[0x6] ButtonPowerUSBTask: tslib: ts_config failed
[0x6] LoadTSLib: use_tslib=0, handle=0x1a00c0, tsl=(nil), fd=0
[0x6] ButtonPowerUSBTask: Use tslib
[0x6] ButtonPowerUSBTask: tslib: ts_config failed
[0x6] LoadTSLib: use_tslib=0, handle=0xff880, tsl=(nil), fd=0
[0x6] ButtonPowerUSBTask: Use tslib
[0x6] ButtonPowerUSBTask: tslib: ts_config failed
[0x6] LoadTSLib: use_tslib=0, handle=0xff880, tsl=(nil), fd=0
[0x6] ButtonPowerUSBTask: Use tslib
[0x6] ButtonPowerUSBTask: tslib: ts_config failed
[0x6] LoadTSLib: use_tslib=0, handle=0xff880, tsl=(nil), fd=0
[0x6] ButtonPowerUSBTask: Use tslib
[0x6] ButtonPowerUSBTask: tslib: ts_config failed
[0x6] LoadTSLib: use_tslib=0, handle=0x46c50, tsl=(nil), fd=0
[0x6] ButtonPowerUSBTask: Use tslib
[0x6] ButtonPowerUSBTask: tslib: ts_config failed
[0x6] LoadTSLib: use_tslib=0, handle=0x46c50, tsl=(nil), fd=0
[0x6] ButtonPowerUSBTask: Use tslib
[0x6] ButtonPowerUSBTask: tslib: ts_config failed
[0x6] LoadTSLib: use_tslib=0, handle=0x46c50, tsl=(nil), fd=0
[0x6] ButtonPowerUSBTask: Use tslib
[0x6] ButtonPowerUSBTask: tslib: ts_config failed
[0x6] LoadTSLib: use_tslib=0, handle=0x1a00c0, tsl=(nil), fd=0
[0x6] ButtonPowerUSBTask: Use tslib
[0x6] ButtonPowerUSBTask: tslib: ts_config failed
[0x6] LoadTSLib: use_tslib=0, handle=0x1a00c0, tsl=(nil), fd=0
[0x6] ButtonPowerUSBTask: Use tslib
[0x6] ButtonPowerUSBTask: tslib: ts_config failed
[0x6] LoadTSLib: use_tslib=0, handle=0x1a00c0, tsl=(nil), fd=0
[0x6] ButtonPowerUSBTask: Use tslib
[0x6] ButtonPowerUSBTask: tslib: ts_config failed
[0x6] LoadTSLib: use_tslib=0, handle=0xff880, tsl=(nil), fd=0
[0x6] ButtonPowerUSBTask: Use tslib
[0x6] ButtonPowerUSBTask: tslib: ts_config failed
[0x6] LoadTSLib: use_tslib=0, handle=0xff880, tsl=(nil), fd=0
[0x6] ButtonPowerUSBTask: Use tslib
[0x6] ButtonPowerUSBTask: tslib: ts_config failed
[0x6] LoadTSLib: use_tslib=0, handle=0xff880, tsl=(nil), fd=0
[0x6] ButtonPowerUSBTask: Use tslib
[0x6] ButtonPowerUSBTask: tslib: ts_config failed
[0x6] LoadTSLib: use_tslib=0, handle=0x46c50, tsl=(nil), fd=0
[0x6] ButtonPowerUSBTask: Use tslib
[0x6] ButtonPowerUSBTask: tslib: ts_config failed
[0x6] LoadTSLib: use_tslib=0, handle=0x46c50, tsl=(nil), fd=0
[0x6] ButtonPowerUSBTask: Use tslib
[0x6] ButtonPowerUSBTask: tslib: ts_config failed
[0x6] LoadTSLib: use_tslib=0, handle=0x46c50, tsl=(nil), fd=0
[0x6] ButtonPowerUSBTask: Use tslib
[0x6] ButtonPowerUSBTask: tslib: ts_config failed
[0x6] LoadTSLib: use_tslib=0, handle=0x1a00c0, tsl=(nil), fd=0
[0x6] ButtonPowerUSBTask: Use tslib
[0x6] ButtonPowerUSBTask: tslib: ts_config failed
[0x6] LoadTSLib: use_tslib=0, handle=0x1a00c0, tsl=(nil), fd=0
[0x6] ButtonPowerUSBTask: Use tslib
[0x6] ButtonPowerUSBTask: tslib: ts_config failed
[0x6] LoadTSLib: use_tslib=0, handle=0x1a00c0, tsl=(nil), fd=0
[0x6] ButtonPowerUSBTask: Use tslib
[0x6] ButtonPowerUSBTask: tslib: ts_config failed
[0x6] LoadTSLib: use_tslib=0, handle=0xff880, tsl=(nil), fd=0
[0x6] ButtonPowerUSBTask: Use tslib
[0x6] ButtonPowerUSBTask: tslib: ts_config failed
[0x6] LoadTSLib: use_tslib=0, handle=0xff880, tsl=(nil), fd=0
[0x6] ButtonPowerUSBTask: Use tslib
[0x6] ButtonPowerUSBTask: tslib: ts_config failed
[0x6] LoadTSLib: use_tslib=0, handle=0xff880, tsl=(nil), fd=0
[0x6] ButtonPowerUSBTask: Use tslib
[0x6] ButtonPowerUSBTask: tslib: ts_config failed
[0x6] LoadTSLib: use_tslib=0, handle=0x46c50, tsl=(nil), fd=0
[0x6] ButtonPowerUSBTask: Use tslib
[0x6] ButtonPowerUSBTask: tslib: ts_config failed
[0x6] LoadTSLib: use_tslib=0, handle=0x46c50, tsl=(nil), fd=0
[0x6] ButtonPowerUSBTask: Use tslib
[0x6] ButtonPowerUSBTask: tslib: ts_config failed
[0x6] LoadTSLib: use_tslib=0, handle=0x46c50, tsl=(nil), fd=0
[0x6] ButtonPowerUSBTask: Use tslib
[0x6] ButtonPowerUSBTask: tslib: ts_config failed
[0x6] LoadTSLib: use_tslib=0, handle=0x1a00c0, tsl=(nil), fd=0
[0x6] ButtonPowerUSBTask: Use tslib
[0x6] ButtonPowerUSBTask: tslib: ts_config failed
[0x6] LoadTSLib: use_tslib=0, handle=0x1a00c0, tsl=(nil), fd=0
[0x6] ButtonPowerUSBTask: Use tslib
[0x6] ButtonPowerUSBTask: tslib: ts_config failed
[0x6] LoadTSLib: use_tslib=0, handle=0x1a00c0, tsl=(nil), fd=0
[0x6] ButtonPowerUSBTask: Use tslib
[0x6] ButtonPowerUSBTask: tslib: ts_config failed
[0x6] LoadTSLib: use_tslib=0, handle=0xff880, tsl=(nil), fd=0
[0x6] ButtonPowerUSBTask: Use tslib
[0x6] ButtonPowerUSBTask: tslib: ts_config failed
[0x6] LoadTSLib: use_tslib=0, handle=0xff880, tsl=(nil), fd=0
[0x6] ButtonPowerUSBTask: Use tslib
[0x6] ButtonPowerUSBTask: tslib: ts_config failed
[0x6] LoadTSLib: use_tslib=0, handle=0xff880, tsl=(nil), fd=0
[0x6] ButtonPowerUSBTask: Use tslib
[0x6] ButtonPowerUSBTask: tslib: ts_config failed
[0x6] LoadTSLib: use_tslib=0, handle=0x46c50, tsl=(nil), fd=0
[0x6] ButtonPowerUSBTask: Use tslib
[0x6] ButtonPowerUSBTask: tslib: ts_config failed
[0x6] LoadTSLib: use_tslib=0, handle=0x46c50, tsl=(nil), fd=0
[0x6] ButtonPowerUSBTask: Use tslib
[0x6] ButtonPowerUSBTask: tslib: ts_config failed
[0x6] LoadTSLib: use_tslib=0, handle=0x46c50, tsl=(nil), fd=0
[0x6] ButtonPowerUSBTask: Use tslib
[0x6] ButtonPowerUSBTask: tslib: ts_config failed
[0x6] LoadTSLib: use_tslib=0, handle=0x1a00c0, tsl=(nil), fd=0
[0x6] ButtonPowerUSBTask: Use tslib
[0x6] ButtonPowerUSBTask: tslib: ts_config failed
[0x6] LoadTSLib: use_tslib=0, handle=0x1a00c0, tsl=(nil), fd=0
[0x6] ButtonPowerUSBTask: Use tslib
[0x6] ButtonPowerUSBTask: tslib: ts_config failed
[0x6] LoadTSLib: use_tslib=0, handle=0x1a00c0, tsl=(nil), fd=0
[0x6] ButtonPowerUSBTask: Use tslib
[0x6] ButtonPowerUSBTask: tslib: ts_config failed
[0x6] LoadTSLib: use_tslib=0, handle=0xff880, tsl=(nil), fd=0
[0x6] ButtonPowerUSBTask: Use tslib
[0x6] ButtonPowerUSBTask: tslib: ts_config failed
[0x6] LoadTSLib: use_tslib=0, handle=0xff880, tsl=(nil), fd=0
[0x6] ButtonPowerUSBTask: Use tslib
[0x6] ButtonPowerUSBTask: tslib: ts_config failed
[0x6] LoadTSLib: use_tslib=0, handle=0xff880, tsl=(nil), fd=0
[0x6] ButtonPowerUSBTask: Use tslib
[0x6] ButtonPowerUSBTask: tslib: ts_config failed
[0x6] LoadTSLib: use_tslib=0, handle=0x46c50, tsl=(nil), fd=0
[0x6] ButtonPowerUSBTask: Use tslib
[0x6] ButtonPowerUSBTask: tslib: ts_config failed
[0x6] LoadTSLib: use_tslib=0, handle=0x46c50, tsl=(nil), fd=0
[0x6] ButtonPowerUSBTask: Use tslib
[0x6] ButtonPowerUSBTask: tslib: ts_config failed
[0x6] LoadTSLib: use_tslib=0, handle=0x46c50, tsl=(nil), fd=0
[0x6] ButtonPowerUSBTask: Use tslib
[0x6] ButtonPowerUSBTask: tslib: ts_config failed
[0x6] LoadTSLib: use_tslib=0, handle=0x1a00c0, tsl=(nil), fd=0
[0x6] ButtonPowerUSBTask: Use tslib
[0x6] ButtonPowerUSBTask: tslib: ts_config failed
[0x6] LoadTSLib: use_tslib=0, handle=0x1a00c0, tsl=(nil), fd=0
[0x6] ButtonPowerUSBTask: Use tslib
[0x6] ButtonPowerUSBTask: tslib: ts_config failed
[0x6] LoadTSLib: use_tslib=0, handle=0x1a00c0, tsl=(nil), fd=0
[0x6] ButtonPowerUSBTask: Use tslib
[0x6] ButtonPowerUSBTask: tslib: ts_config failed
[0x4] STATE_CHANGED NEW_STATE=TaskDraw[0x6] LoadTSLib: use_tslib=0, handle=0xff880, tsl=(nil), fd=0
[0x6] ButtonPowerUSBTask: Use tslib
[0x6] ButtonPowerUSBTask: tslib: ts_config failed
[0x6] LoadTSLib: use_tslib=0, handle=0xff880, tsl=(nil), fd=0
[0x6] ButtonPowerUSBTask: Use tslib
[0x6] ButtonPowerUSBTask: tslib: ts_config failed
[0x6] LoadTSLib: use_tslib=0, handle=0xff880, tsl=(nil), fd=0
[0x6] ButtonPowerUSBTask: Use tslib
[0x6] ButtonPowerUSBTask: tslib: ts_config failed
[0x6] LoadTSLib: use_tslib=0, handle=0x46c50, tsl=(nil), fd=0
[0x6] ButtonPowerUSBTask: Use tslib
[0x6] ButtonPowerUSBTask: tslib: ts_config failed
[0x6] LoadTSLib: use_tslib=0, handle=0x46c50, tsl=(nil), fd=0
[0x6] ButtonPowerUSBTask: Use tslib
[0x6] ButtonPowerUSBTask: tslib: ts_config failed
[0x6] LoadTSLib: use_tslib=0, handle=0x46c50, tsl=(nil), fd=0
[0x6] ButtonPowerUSBTask: Use tslib
[0x6] ButtonPowerUSBTask: tslib: ts_config failed
[0x6] LoadTSLib: use_tslib=0, handle=0x1a00c0, tsl=(nil), fd=0
[0x6] ButtonPowerUSBTask: Use tslib
[0x6] ButtonPowerUSBTask: tslib: ts_config failed
[0x6] LoadTSLib: use_tslib=0, handle=0x1a00c0, tsl=(nil), fd=0
[0x6] ButtonPowerUSBTask: Use tslib
[0x6] ButtonPowerUSBTask: tslib: ts_config failed
[0x6] LoadTSLib: use_tslib=0, handle=0x1a00c0, tsl=(nil), fd=0
[0x6] ButtonPowerUSBTask: Use tslib
[0x6] ButtonPowerUSBTask: tslib: ts_config failed
[0x6] LoadTSLib: use_tslib=0, handle=0xff880, tsl=(nil), fd=0
[0x6] ButtonPowerUSBTask: Use tslib
[0x6] ButtonPowerUSBTask: tslib: ts_config failed
[0x6] LoadTSLib: use_tslib=0, handle=0xff880, tsl=(nil), fd=0
[0x6] ButtonPowerUSBTask: Use tslib
[0x6] ButtonPowerUSBTask: tslib: ts_config failed
[0x6] LoadTSLib: use_tslib=0, handle=0xff880, tsl=(nil), fd=0
[0x6] ButtonPowerUSBTask: Use tslib
[0x6] ButtonPowerUSBTask: tslib: ts_config failed
[0x6] LoadTSLib: use_tslib=0, handle=0x46c50, tsl=(nil), fd=0
[0x6] ButtonPowerUSBTask: Use tslib
[0x6] ButtonPowerUSBTask: tslib: ts_config failed
[0x6] LoadTSLib: use_tslib=0, handle=0x46c50, tsl=(nil), fd=0
[0x6] ButtonPowerUSBTask: Use tslib
[0x6] ButtonPowerUSBTask: tslib: ts_config failed
[0x6] LoadTSLib: use_tslib=0, handle=0x46c50, tsl=(nil), fd=0
[0x6] ButtonPowerUSBTask: Use tslib
[0x6] ButtonPowerUSBTask: tslib: ts_config failed
[0x6] LoadTSLib: use_tslib=0, handle=0x1a00c0, tsl=(nil), fd=0
[0x6] ButtonPowerUSBTask: Use tslib
[0x6] ButtonPowerUSBTask: tslib: ts_config failed
[0x6] LoadTSLib: use_tslib=0, handle=0x1a00c0, tsl=(nil), fd=0
[0x6] ButtonPowerUSBTask: Use tslib
[0x6] ButtonPowerUSBTask: tslib: ts_config failed
[0x6] LoadTSLib: use_tslib=0, handle=0x1a00c0, tsl=(nil), fd=0
[0x6] ButtonPowerUSBTask: Use tslib
[0x6] ButtonPowerUSBTask: tslib: ts_config failed
[0x6] LoadTSLib: use_tslib=0, handle=0xff880, tsl=(nil), fd=0
[0x6] ButtonPowerUSBTask: Use tslib
[0x6] ButtonPowerUSBTask: tslib: ts_config failed
[0x6] LoadTSLib: use_tslib=0, handle=0xff880, tsl=(nil), fd=0
[0x6] ButtonPowerUSBTask: Use tslib
[0x6] ButtonPowerUSBTask: tslib: ts_config failed
[0x6] LoadTSLib: use_tslib=0, handle=0xff880, tsl=(nil), fd=0
[0x6] ButtonPowerUSBTask: Use tslib
[0x6] ButtonPowerUSBTask: tslib: ts_config failed
[0x6] LoadTSLib: use_tslib=0, handle=0x46c50, tsl=(nil), fd=0
[0x6] ButtonPowerUSBTask: Use tslib
[0x6] ButtonPowerUSBTask: tslib: ts_config failed
[0x6] LoadTSLib: use_tslib=0, handle=0x46c50, tsl=(nil), fd=0
[0x6] ButtonPowerUSBTask: Use tslib
[0x6] ButtonPowerUSBTask: tslib: ts_config failed
[0x6] LoadTSLib: use_tslib=0, handle=0x46c50, tsl=(nil), fd=0
[0x6] ButtonPowerUSBTask: Use tslib
[0x6] ButtonPowerUSBTask: tslib: ts_config failed
[0x6] LoadTSLib: use_tslib=0, handle=0x1a00c0, tsl=(nil), fd=0
[0x6] ButtonPowerUSBTask: Use tslib
[0x6] ButtonPowerUSBTask: tslib: ts_config failed
[0x6] LoadTSLib: use_tslib=0, handle=0x1a00c0, tsl=(nil), fd=0
[0x6] ButtonPowerUSBTask: Use tslib
[0x6] ButtonPowerUSBTask: tslib: ts_config failed
[0x6] LoadTSLib: use_tslib=0, handle=0x1a00c0, tsl=(nil), fd=0
[0x6] ButtonPowerUSBTask: Use tslib
[0x6] ButtonPowerUSBTask: tslib: ts_config failed
[0x6] LoadTSLib: use_tslib=0, handle=0xff880, tsl=(nil), fd=0
[0x6] ButtonPowerUSBTask: Use tslib
[0x6] ButtonPowerUSBTask: tslib: ts_config failed
[0x6] LoadTSLib: use_tslib=0, handle=0xff880, tsl=(nil), fd=0
[0x6] ButtonPowerUSBTask: Use tslib
[0x6] ButtonPowerUSBTask: tslib: ts_config failed
[0x6] LoadTSLib: use_tslib=0, handle=0xff880, tsl=(nil), fd=0
[0x6] ButtonPowerUSBTask: Use tslib
[0x6] ButtonPowerUSBTask: tslib: ts_config failed
[0x6] LoadTSLib: use_tslib=0, handle=0x46c50, tsl=(nil), fd=0
[0x6] ButtonPowerUSBTask: Use tslib
[0x6] ButtonPowerUSBTask: tslib: ts_config failed
[0x6] LoadTSLib: use_tslib=0, handle=0x46c50, tsl=(nil), fd=0
[0x6] ButtonPowerUSBTask: Use tslib
[0x6] ButtonPowerUSBTask: tslib: ts_config failed
[0x6] LoadTSLib: use_tslib=0, handle=0x46c50, tsl=(nil), fd=0
[0x6] ButtonPowerUSBTask: Use tslib
[0x6] ButtonPowerUSBTask: tslib: ts_config failed
[0x6] LoadTSLib: use_tslib=0, handle=0x1a00c0, tsl=(nil), fd=0
[0x6] ButtonPowerUSBTask: Use tslib
[0x6] ButtonPowerUSBTask: tslib: ts_config failed
[0x6] LoadTSLib: use_tslib=0, handle=0x1a00c0, tsl=(nil), fd=0
[0x6] ButtonPowerUSBTask: Use tslib
[0x6] ButtonPowerUSBTask: tslib: ts_config failed
[0x6] LoadTSLib: use_tslib=0, handle=0x1a00c0, tsl=(nil), fd=0
[0x6] ButtonPowerUSBTask: Use tslib
[0x6] ButtonPowerUSBTask: tslib: ts_config failed
[0x6] LoadTSLib: use_tslib=0, handle=0xff880, tsl=(nil), fd=0
[0x6] ButtonPowerUSBTask: Use tslib
[0x6] ButtonPowerUSBTask: tslib: ts_config failed
[0x6] LoadTSLib: use_tslib=0, handle=0xff880, tsl=(nil), fd=0
[0x6] ButtonPowerUSBTask: Use tslib
[0x6] ButtonPowerUSBTask: tslib: ts_config failed
[0x6] LoadTSLib: use_tslib=0, handle=0xff880, tsl=(nil), fd=0
[0x6] ButtonPowerUSBTask: Use tslib
[0x6] ButtonPowerUSBTask: tslib: ts_config failed
[0x6] LoadTSLib: use_tslib=0, handle=0x46c50, tsl=(nil), fd=0
[0x6] ButtonPowerUSBTask: Use tslib
[0x6] ButtonPowerUSBTask: tslib: ts_config failed
[0x6] LoadTSLib: use_tslib=0, handle=0x46c50, tsl=(nil), fd=0
[0x6] ButtonPowerUSBTask: Use tslib
[0x6] ButtonPowerUSBTask: tslib: ts_config failed
[0x6] LoadTSLib: use_tslib=0, handle=0x46c50, tsl=(nil), fd=0
[0x6] ButtonPowerUSBTask: Use tslib
[0x6] ButtonPowerUSBTask: tslib: ts_config failed
[0x6] LoadTSLib: use_tslib=0, handle=0x1a00c0, tsl=(nil), fd=0
[0x6] ButtonPowerUSBTask: Use tslib
[0x6] ButtonPowerUSBTask: tslib: ts_config failed
[0x6] LoadTSLib: use_tslib=0, handle=0x1a00c0, tsl=(nil), fd=0
[0x6] ButtonPowerUSBTask: Use tslib
[0x6] ButtonPowerUSBTask: tslib: ts_config failed
[0x6] LoadTSLib: use_tslib=0, handle=0x1a00c0, tsl=(nil), fd=0
[0x6] ButtonPowerUSBTask: Use tslib
[0x6] ButtonPowerUSBTask: tslib: ts_config failed
[0x6] LoadTSLib: use_tslib=0, handle=0xff880, tsl=(nil), fd=0
[0x6] ButtonPowerUSBTask: Use tslib
[0x6] ButtonPowerUSBTask: tslib: ts_config failed
[0x6] LoadTSLib: use_tslib=0, handle=0xff880, tsl=(nil), fd=0
[0x6] ButtonPowerUSBTask: Use tslib
[0x6] ButtonPowerUSBTask: tslib: ts_config failed
[0x6] LoadTSLib: use_tslib=0, handle=0xff880, tsl=(nil), fd=0
[0x6] ButtonPowerUSBTask: Use tslib
[0x6] ButtonPowerUSBTask: tslib: ts_config failed
[0x6] LoadTSLib: use_tslib=0, handle=0x46c50, tsl=(nil), fd=0
[0x6] ButtonPowerUSBTask: Use tslib
[0x6] ButtonPowerUSBTask: tslib: ts_config failed
[0x6] LoadTSLib: use_tslib=0, handle=0x46c50, tsl=(nil), fd=0
[0x6] ButtonPowerUSBTask: Use tslib
[0x6] ButtonPowerUSBTask: tslib: ts_config failed
[0x6] LoadTSLib: use_tslib=0, handle=0x46c50, tsl=(nil), fd=0
[0x6] ButtonPowerUSBTask: Use tslib
[0x6] ButtonPowerUSBTask: tslib: ts_config failed
[0x6] LoadTSLib: use_tslib=0, handle=0x1a00c0, tsl=(nil), fd=0
[0x6] ButtonPowerUSBTask: Use tslib
[0x6] ButtonPowerUSBTask: tslib: ts_config failed
[0x6] LoadTSLib: use_tslib=0, handle=0x1a00c0, tsl=(nil), fd=0
[0x6] ButtonPowerUSBTask: Use tslib
[0x6] ButtonPowerUSBTask: tslib: ts_config failed
[0x6] LoadTSLib: use_tslib=0, handle=0x1a00c0, tsl=(nil), fd=0
[0x6] ButtonPowerUSBTask: Use tslib
[0x6] ButtonPowerUSBTask: tslib: ts_config failed
[0x6] LoadTSLib: use_tslib=0, handle=0xff880, tsl=(nil), fd=0
[0x6] ButtonPowerUSBTask: Use tslib
[0x6] ButtonPowerUSBTask: tslib: ts_config failed
[0x6] LoadTSLib: use_tslib=0, handle=0xff880, tsl=(nil), fd=0
[0x6] ButtonPowerUSBTask: Use tslib
[0x6] ButtonPowerUSBTask: tslib: ts_config failed
[0x6] LoadTSLib: use_tslib=0, handle=0xff880, tsl=(nil), fd=0
[0x6] ButtonPowerUSBTask: Use tslib
[0x6] ButtonPowerUSBTask: tslib: ts_config failed
[0x6] LoadTSLib: use_tslib=0, handle=0x46c50, tsl=(nil), fd=0
[0x6] ButtonPowerUSBTask: Use tslib
[0x6] ButtonPowerUSBTask: tslib: ts_config failed
[0x6] LoadTSLib: use_tslib=0, handle=0x46c50, tsl=(nil), fd=0
[0x6] ButtonPowerUSBTask: Use tslib
[0x6] ButtonPowerUSBTask: tslib: ts_config failed
[0x6] LoadTSLib: use_tslib=0, handle=0x46c50, tsl=(nil), fd=0
[0x6] ButtonPowerUSBTask: Use tslib
[0x6] ButtonPowerUSBTask: tslib: ts_config failed
[0x6] LoadTSLib: use_tslib=0, handle=0x1a00c0, tsl=(nil), fd=0
[0x6] ButtonPowerUSBTask: Use tslib
[0x6] ButtonPowerUSBTask: tslib: ts_config failed
[0x6] LoadTSLib: use_tslib=0, handle=0x1a00c0, tsl=(nil), fd=0
[0x6] ButtonPowerUSBTask: Use tslib
[0x6] ButtonPowerUSBTask: tslib: ts_config failed
[0x6] LoadTSLib: use_tslib=0, handle=0x1a00c0, tsl=(nil), fd=0
[0x6] ButtonPowerUSBTask: Use tslib
[0x6] ButtonPowerUSBTask: tslib: ts_config failed
[0x6] LoadTSLib: use_tslib=0, handle=0xff880, tsl=(nil), fd=0
[0x6] ButtonPowerUSBTask: Use tslib
[0x6] ButtonPowerUSBTask: tslib: ts_config failed
[0x6] LoadTSLib: use_tslib=0, handle=0xff880, tsl=(nil), fd=0
[0x6] ButtonPowerUSBTask: Use tslib
[0x6] ButtonPowerUSBTask: tslib: ts_config failed
[0x6] LoadTSLib: use_tslib=0, handle=0xff880, tsl=(nil), fd=0
[0x6] ButtonPowerUSBTask: Use tslib
[0x6] ButtonPowerUSBTask: tslib: ts_config failed
[0x6] LoadTSLib: use_tslib=0, handle=0x46c50, tsl=(nil), fd=0
[0x6] ButtonPowerUSBTask: Use tslib
[0x6] ButtonPowerUSBTask: tslib: ts_config failed
[0x6] LoadTSLib: use_tslib=0, handle=0x46c50, tsl=(nil), fd=0
[0x6] ButtonPowerUSBTask: Use tslib
[0x6] ButtonPowerUSBTask: tslib: ts_config failed
[0x6] LoadTSLib: use_tslib=0, handle=0x46c50, tsl=(nil), fd=0
[0x6] ButtonPowerUSBTask: Use tslib
[0x6] ButtonPowerUSBTask: tslib: ts_config failed
[0x6] LoadTSLib: use_tslib=0, handle=0x1a00c0, tsl=(nil), fd=0
[0x6] ButtonPowerUSBTask: Use tslib
[0x6] ButtonPowerUSBTask: tslib: ts_config failed
[0x6] LoadTSLib: use_tslib=0, handle=0x1a00c0, tsl=(nil), fd=0
[0x6] ButtonPowerUSBTask: Use tslib
[0x6] ButtonPowerUSBTask: tslib: ts_config failed
[0x6] LoadTSLib: use_tslib=0, handle=0x1a00c0, tsl=(nil), fd=0
[0x6] ButtonPowerUSBTask: Use tslib
[0x6] ButtonPowerUSBTask: tslib: ts_config failed
[0x6] LoadTSLib: use_tslib=0, handle=0xff880, tsl=(nil), fd=0
[0x6] ButtonPowerUSBTask: Use tslib
[0x6] ButtonPowerUSBTask: tslib: ts_config failed
[0x6] LoadTSLib: use_tslib=0, handle=0xff880, tsl=(nil), fd=0
[0x6] ButtonPowerUSBTask: Use tslib
[0x6] ButtonPowerUSBTask: tslib: ts_config failed
[0x6] LoadTSLib: use_tslib=0, handle=0xff880, tsl=(nil), fd=0
[0x6] ButtonPowerUSBTask: Use tslib
[0x6] ButtonPowerUSBTask: tslib: ts_config failed
[0x6] LoadTSLib: use_tslib=0, handle=0x46c50, tsl=(nil), fd=0
[0x6] ButtonPowerUSBTask: Use tslib
[0x6] ButtonPowerUSBTask: tslib: ts_config failed
[0x6] LoadTSLib: use_tslib=0, handle=0x46c50, tsl=(nil), fd=0
[0x6] ButtonPowerUSBTask: Use tslib
[0x6] ButtonPowerUSBTask: tslib: ts_config failed
[0x6] LoadTSLib: use_tslib=0, handle=0x46c50, tsl=(nil), fd=0
[0x6] ButtonPowerUSBTask: Use tslib
[0x6] ButtonPowerUSBTask: tslib: ts_config failed
[0x6] LoadTSLib: use_tslib=0, handle=0x1a00c0, tsl=(nil), fd=0
[0x6] ButtonPowerUSBTask: Use tslib
[0x6] ButtonPowerUSBTask: tslib: ts_config failed
[0x6] LoadTSLib: use_tslib=0, handle=0x1a00c0, tsl=(nil), fd=0
[0x6] ButtonPowerUSBTask: Use tslib
[0x6] ButtonPowerUSBTask: tslib: ts_config failed
[0x6] LoadTSLib: use_tslib=0, handle=0x1a00c0, tsl=(nil), fd=0
[0x6] ButtonPowerUSBTask: Use tslib
[0x6] ButtonPowerUSBTask: tslib: ts_config failed
[0x6] LoadTSLib: use_tslib=0, handle=0xff880, tsl=(nil), fd=0
[0x6] ButtonPowerUSBTask: Use tslib
[0x6] ButtonPowerUSBTask: tslib: ts_config failed
[0x6] LoadTSLib: use_tslib=0, handle=0xff880, tsl=(nil), fd=0
[0x6] ButtonPowerUSBTask: Use tslib
[0x6] ButtonPowerUSBTask: tslib: ts_config failed
NEW ANSWER
[0x6] LoadTSLib: use_tslib=0, handle=0xff880, tsl=(nil), fd=0
[0x6] ButtonPowerUSBTask: Use tslib
[0x6] ButtonPowerUSBTask: tslib: ts_config failed
[0x6] LoadTSLib: use_tslib=0, handle=0x46c50, tsl=(nil), fd=0
[0x6] ButtonPowerUSBTask: Use tslib
[0x6] ButtonPowerUSBTask: tslib: ts_config failed
[0x6] LoadTSLib: use_tslib=0, handle=0x46c50, tsl=(nil), fd=0
[0x6] ButtonPowerUSBTask: Use tslib
[0x6] ButtonPowerUSBTask: tslib: ts_config failed
[0x6] LoadTSLib: use_tslib=0, handle=0x46c50, tsl=(nil), fd=0
[0x6] ButtonPowerUSBTask: Use tslib
[0x6] ButtonPowerUSBTask: tslib: ts_config failed
[0x6] LoadTSLib: use_tslib=0, handle=0x1a00c0, tsl=(nil), fd=0
[0x6] ButtonPowerUSBTask: Use tslib
[0x6] ButtonPowerUSBTask: tslib: ts_config failed
[0x6] LoadTSLib: use_tslib=0, handle=0x1a00c0, tsl=(nil), fd=0
[0x6] ButtonPowerUSBTask: Use tslib
[0x6] ButtonPowerUSBTask: tslib: ts_config failed
[0x6] LoadTSLib: use_tslib=0, handle=0x1a00c0, tsl=(nil), fd=0
[0x6] ButtonPowerUSBTask: Use tslib
[0x6] ButtonPowerUSBTask: tslib: ts_config failed
[0x6] LoadTSLib: use_tslib=0, handle=0xff880, tsl=(nil), fd=0
[0x6] ButtonPowerUSBTask: Use tslib
[0x6] ButtonPowerUSBTask: tslib: ts_config failed
[0x6] LoadTSLib: use_tslib=0, handle=0xff880, tsl=(nil), fd=0
[0x6] ButtonPowerUSBTask: Use tslib
[0x6] ButtonPowerUSBTask: tslib: ts_config failed
[0x6] LoadTSLib: use_tslib=0, handle=0xff880, tsl=(nil), fd=0
[0x6] ButtonPowerUSBTask: Use tslib
[0x6] ButtonPowerUSBTask: tslib: ts_config failed
[0x6] LoadTSLib: use_tslib=0, handle=0x46c50, tsl=(nil), fd=0
[0x6] ButtonPowerUSBTask: Use tslib
[0x6] ButtonPowerUSBTask: tslib: ts_config failed
[0x6] LoadTSLib: use_tslib=0, handle=0x46c50, tsl=(nil), fd=0
[0x6] ButtonPowerUSBTask: Use tslib
[0x6] ButtonPowerUSBTask: tslib: ts_config failed
[0x6] LoadTSLib: use_tslib=0, handle=0x46c50, tsl=(nil), fd=0
[0x6] ButtonPowerUSBTask: Use tslib
[0x6] ButtonPowerUSBTask: tslib: ts_config failed
[0x6] LoadTSLib: use_tslib=0, handle=0x1a00c0, tsl=(nil), fd=0
[0x6] ButtonPowerUSBTask: Use tslib
[0x6] ButtonPowerUSBTask: tslib: ts_config failed
[0x6] LoadTSLib: use_tslib=0, handle=0x1a00c0, tsl=(nil), fd=0
[0x6] ButtonPowerUSBTask: Use tslib
[0x6] ButtonPowerUSBTask: tslib: ts_config failed
[0x6] LoadTSLib: use_tslib=0, handle=0x1a00c0, tsl=(nil), fd=0
[0x6] ButtonPowerUSBTask: Use tslib
[0x6] ButtonPowerUSBTask: tslib: ts_config failed
[0x6] LoadTSLib: use_tslib=0, handle=0xff880, tsl=(nil), fd=0
[0x6] ButtonPowerUSBTask: Use tslib
[0x6] ButtonPowerUSBTask: tslib: ts_config failed
[0x6] LoadTSLib: use_tslib=0, handle=0xff880, tsl=(nil), fd=0
[0x6] ButtonPowerUSBTask: Use tslib
[0x6] ButtonPowerUSBTask: tslib: ts_config failed
[0x6] LoadTSLib: use_tslib=0, handle=0xff880, tsl=(nil), fd=0
[0x6] ButtonPowerUSBTask: Use tslib
[0x6] ButtonPowerUSBTask: tslib: ts_config failed
[0x6] LoadTSLib: use_tslib=0, handle=0x46c50, tsl=(nil), fd=0
[0x6] ButtonPowerUSBTask: Use tslib
[0x6] ButtonPowerUSBTask: tslib: ts_config failed
[0x6] LoadTSLib: use_tslib=0, handle=0x46c50, tsl=(nil), fd=0
[0x6] ButtonPowerUSBTask: Use tslib
[0x6] ButtonPowerUSBTask: tslib: ts_config failed
[0x6] LoadTSLib: use_tslib=0, handle=0x46c50, tsl=(nil), fd=0
[0x6] ButtonPowerUSBTask: Use tslib
[0x6] ButtonPowerUSBTask: tslib: ts_config failed
[0x6] LoadTSLib: use_tslib=0, handle=0x1a00c0, tsl=(nil), fd=0
[0x6] ButtonPowerUSBTask: Use tslib
[0x6] ButtonPowerUSBTask: tslib: ts_config failed
[0x6] LoadTSLib: use_tslib=0, handle=0x1a00c0, tsl=(nil), fd=0
[0x6] ButtonPowerUSBTask: Use tslib
[0x6] ButtonPowerUSBTask: tslib: ts_config failed
[0x6] LoadTSLib: use_tslib=0, handle=0x1a00c0, tsl=(nil), fd=0
[0x6] ButtonPowerUSBTask: Use tslib
[0x6] ButtonPowerUSBTask: tslib: ts_config failed
[0x6] LoadTSLib: use_tslib=0, handle=0xff880, tsl=(nil), fd=0
[0x6] ButtonPowerUSBTask: Use tslib
[0x6] ButtonPowerUSBTask: tslib: ts_config failed
[0x6] LoadTSLib: use_tslib=0, handle=0xff880, tsl=(nil), fd=0
[0x6] ButtonPowerUSBTask: Use tslib
[0x6] ButtonPowerUSBTask: tslib: ts_config failed
[0x6] LoadTSLib: use_tslib=0, handle=0xff880, tsl=(nil), fd=0
[0x6] ButtonPowerUSBTask: Use tslib
[0x6] ButtonPowerUSBTask: tslib: ts_config failed
[0x6] LoadTSLib: use_tslib=0, handle=0x46c50, tsl=(nil), fd=0
[0x6] ButtonPowerUSBTask: Use tslib
[0x6] ButtonPowerUSBTask: tslib: ts_config failed
[0x6] LoadTSLib: use_tslib=0, handle=0x46c50, tsl=(nil), fd=0
[0x6] ButtonPowerUSBTask: Use tslib
[0x6] ButtonPowerUSBTask: tslib: ts_config failed
[0x6] LoadTSLib: use_tslib=0, handle=0x46c50, tsl=(nil), fd=0
[0x6] ButtonPowerUSBTask: Use tslib
[0x6] ButtonPowerUSBTask: tslib: ts_config failed
[0x6] LoadTSLib: use_tslib=0, handle=0x1a00c0, tsl=(nil), fd=0
[0x6] ButtonPowerUSBTask: Use tslib
[0x6] ButtonPowerUSBTask: tslib: ts_config failed
[0x6] LoadTSLib: use_tslib=0, handle=0x1a00c0, tsl=(nil), fd=0
[0x6] ButtonPowerUSBTask: Use tslib
[0x6] ButtonPowerUSBTask: tslib: ts_config failed
[0x6] LoadTSLib: use_tslib=0, handle=0x1a00c0, tsl=(nil), fd=0
[0x6] ButtonPowerUSBTask: Use tslib
[0x6] ButtonPowerUSBTask: tslib: ts_config failed
[0x6] LoadTSLib: use_tslib=0, handle=0xff880, tsl=(nil), fd=0
[0x6] ButtonPowerUSBTask: Use tslib
[0x6] ButtonPowerUSBTask: tslib: ts_config failed
[0x6] LoadTSLib: use_tslib=0, handle=0xff880, tsl=(nil), fd=0
[0x6] ButtonPowerUSBTask: Use tslib
[0x6] ButtonPowerUSBTask: tslib: ts_config failed
[0x6] LoadTSLib: use_tslib=0, handle=0xff880, tsl=(nil), fd=0
[0x6] ButtonPowerUSBTask: Use tslib
[0x6] ButtonPowerUSBTask: tslib: ts_config failed
[0x6] LoadTSLib: use_tslib=0, handle=0x46c50, tsl=(nil), fd=0
[0x6] ButtonPowerUSBTask: Use tslib
[0x6] ButtonPowerUSBTask: tslib: ts_config failed
[0x6] LoadTSLib: use_tslib=0, handle=0x46c50, tsl=(nil), fd=0
[0x6] ButtonPowerUSBTask: Use tslib
[0x6] ButtonPowerUSBTask: tslib: ts_config failed
[0x6] LoadTSLib: use_tslib=0, handle=0x46c50, tsl=(nil), fd=0
[0x6] ButtonPowerUSBTask: Use tslib
[0x6] ButtonPowerUSBTask: tslib: ts_config failed
[0x6] LoadTSLib: use_tslib=0, handle=0x1a00c0, tsl=(nil), fd=0
[0x6] ButtonPowerUSBTask: Use tslib
[0x6] ButtonPowerUSBTask: tslib: ts_config failed
[0x6] LoadTSLib: use_tslib=0, handle=0x1a00c0, tsl=(nil), fd=0
[0x6] ButtonPowerUSBTask: Use tslib
[0x6] ButtonPowerUSBTask: tslib: ts_config failed
[0x6] LoadTSLib: use_tslib=0, handle=0x1a00c0, tsl=(nil), fd=0
[0x6] ButtonPowerUSBTask: Use tslib
[0x6] ButtonPowerUSBTask: tslib: ts_config failed
[0x6] LoadTSLib: use_tslib=0, handle=0xff880, tsl=(nil), fd=0
[0x6] ButtonPowerUSBTask: Use tslib
[0x6] ButtonPowerUSBTask: tslib: ts_config failed
[0x6] LoadTSLib: use_tslib=0, handle=0xff880, tsl=(nil), fd=0
[0x6] ButtonPowerUSBTask: Use tslib
[0x6] ButtonPowerUSBTask: tslib: ts_config failed
[0x6] LoadTSLib: use_tslib=0, handle=0xff880, tsl=(nil), fd=0
[0x6] ButtonPowerUSBTask: Use tslib
[0x6] ButtonPowerUSBTask: tslib: ts_config failed
[0x6] LoadTSLib: use_tslib=0, handle=0x46c50, tsl=(nil), fd=0
[0x6] ButtonPowerUSBTask: Use tslib
[0x6] ButtonPowerUSBTask: tslib: ts_config failed
[0x6] LoadTSLib: use_tslib=0, handle=0x46c50, tsl=(nil), fd=0
[0x6] ButtonPowerUSBTask: Use tslib
[0x6] ButtonPowerUSBTask: tslib: ts_config failed
[0x6] LoadTSLib: use_tslib=0, handle=0x46c50, tsl=(nil), fd=0
[0x6] ButtonPowerUSBTask: Use tslib
[0x6] ButtonPowerUSBTask: tslib: ts_config failed
[0x6] LoadTSLib: use_tslib=0, handle=0x1a00c0, tsl=(nil), fd=0
[0x6] ButtonPowerUSBTask: Use tslib
[0x6] ButtonPowerUSBTask: tslib: ts_config failed
[0x6] LoadTSLib: use_tslib=0, handle=0x1a00c0, tsl=(nil), fd=0
[0x6] ButtonPowerUSBTask: Use tslib
[0x6] ButtonPowerUSBTask: tslib: ts_config failed
[0x6] LoadTSLib: use_tslib=0, handle=0x1a00c0, tsl=(nil), fd=0
[0x6] ButtonPowerUSBTask: Use tslib
[0x6] ButtonPowerUSBTask: tslib: ts_config failed
[0x6] LoadTSLib: use_tslib=0, handle=0xff880, tsl=(nil), fd=0
[0x6] ButtonPowerUSBTask: Use tslib
[0x6] ButtonPowerUSBTask: tslib: ts_config failed
[0x6] LoadTSLib: use_tslib=0, handle=0xff880, tsl=(nil), fd=0
[0x6] ButtonPowerUSBTask: Use tslib
[0x6] ButtonPowerUSBTask: tslib: ts_config failed
[0x6] LoadTSLib: use_tslib=0, handle=0xff880, tsl=(nil), fd=0
[0x6] ButtonPowerUSBTask: Use tslib
[0x6] ButtonPowerUSBTask: tslib: ts_config failed
[0x6] LoadTSLib: use_tslib=0, handle=0x46c50, tsl=(nil), fd=0
[0x6] ButtonPowerUSBTask: Use tslib
[0x6] ButtonPowerUSBTask: tslib: ts_config failed
[0x6] LoadTSLib: use_tslib=0, handle=0x46c50, tsl=(nil), fd=0
[0x6] ButtonPowerUSBTask: Use tslib
[0x6] ButtonPowerUSBTask: tslib: ts_config failed
[0x6] LoadTSLib: use_tslib=0, handle=0x46c50, tsl=(nil), fd=0
[0x6] ButtonPowerUSBTask: Use tslib
[0x6] ButtonPowerUSBTask: tslib: ts_config failed
[0x6] LoadTSLib: use_tslib=0, handle=0x1a00c0, tsl=(nil), fd=0
[0x6] ButtonPowerUSBTask: Use tslib
[0x6] ButtonPowerUSBTask: tslib: ts_config failed
[0x6] LoadTSLib: use_tslib=0, handle=0x1a00c0, tsl=(nil), fd=0
[0x6] ButtonPowerUSBTask: Use tslib
[0x6] ButtonPowerUSBTask: tslib: ts_config failed
[0x6] LoadTSLib: use_tslib=0, handle=0x1a00c0, tsl=(nil), fd=0
[0x6] ButtonPowerUSBTask: Use tslib
[0x6] ButtonPowerUSBTask: tslib: ts_config failed
[0x6] LoadTSLib: use_tslib=0, handle=0xff880, tsl=(nil), fd=0
[0x6] ButtonPowerUSBTask: Use tslib
[0x6] ButtonPowerUSBTask: tslib: ts_config failed
[0x6] LoadTSLib: use_tslib=0, handle=0xff880, tsl=(nil), fd=0
[0x6] ButtonPowerUSBTask: Use tslib
[0x6] ButtonPowerUSBTask: tslib: ts_config failed
[0x6] LoadTSLib: use_tslib=0, handle=0xff880, tsl=(nil), fd=0
[0x6] ButtonPowerUSBTask: Use tslib
[0x6] ButtonPowerUSBTask: tslib: ts_config failed
[0x6] LoadTSLib: use_tslib=0, handle=0x46c50, tsl=(nil), fd=0
[0x6] ButtonPowerUSBTask: Use tslib
[0x6] ButtonPowerUSBTask: tslib: ts_config failed
[0x6] LoadTSLib: use_tslib=0, handle=0x46c50, tsl=(nil), fd=0
[0x6] ButtonPowerUSBTask: Use tslib
[0x6] ButtonPowerUSBTask: tslib: ts_config failed
[0x6] LoadTSLib: use_tslib=0, handle=0x46c50, tsl=(nil), fd=0
[0x6] ButtonPowerUSBTask: Use tslib
[0x6] ButtonPowerUSBTask: tslib: ts_config failed
[0x6] LoadTSLib: use_tslib=0, handle=0x1a00c0, tsl=(nil), fd=0
[0x6] ButtonPowerUSBTask: Use tslib
[0x6] ButtonPowerUSBTask: tslib: ts_config failed
[0x6] LoadTSLib: use_tslib=0, handle=0x1a00c0, tsl=(nil), fd=0
[0x6] ButtonPowerUSBTask: Use tslib
[0x6] ButtonPowerUSBTask: tslib: ts_config failed
[0x6] LoadTSLib: use_tslib=0, handle=0x1a00c0, tsl=(nil), fd=0
[0x6] ButtonPowerUSBTask: Use tslib
[0x6] ButtonPowerUSBTask: tslib: ts_config failed
[0x6] LoadTSLib: use_tslib=0, handle=0xff880, tsl=(nil), fd=0
[0x6] ButtonPowerUSBTask: Use tslib
[0x6] ButtonPowerUSBTask: tslib: ts_config failed
[0x6] LoadTSLib: use_tslib=0, handle=0xff880, tsl=(nil), fd=0
[0x6] ButtonPowerUSBTask: Use tslib
[0x6] ButtonPowerUSBTask: tslib: ts_config failed
[0x6] LoadTSLib: use_tslib=0, handle=0xff880, tsl=(nil), fd=0
[0x6] ButtonPowerUSBTask: Use tslib
[0x6] ButtonPowerUSBTask: tslib: ts_config failed
[0x6] LoadTSLib: use_tslib=0, handle=0x46c50, tsl=(nil), fd=0
[0x6] ButtonPowerUSBTask: Use tslib
[0x6] ButtonPowerUSBTask: tslib: ts_config failed
[0x6] LoadTSLib: use_tslib=0, handle=0x46c50, tsl=(nil), fd=0
[0x6] ButtonPowerUSBTask: Use tslib
[0x6] ButtonPowerUSBTask: tslib: ts_config failed
[0x6] LoadTSLib: use_tslib=0, handle=0x46c50, tsl=(nil), fd=0
[0x6] ButtonPowerUSBTask: Use tslib
[0x6] ButtonPowerUSBTask: tslib: ts_config failed
[0x6] LoadTSLib: use_tslib=0, handle=0x1a00c0, tsl=(nil), fd=0
[0x6] ButtonPowerUSBTask: Use tslib
[0x6] ButtonPowerUSBTask: tslib: ts_config failed
[0x6] LoadTSLib: use_tslib=0, handle=0x1a00c0, tsl=(nil), fd=0
[0x6] ButtonPowerUSBTask: Use tslib
[0x6] ButtonPowerUSBTask: tslib: ts_config failed
[0x6] LoadTSLib: use_tslib=0, handle=0x1a00c0, tsl=(nil), fd=0
[0x6] ButtonPowerUSBTask: Use tslib
[0x6] ButtonPowerUSBTask: tslib: ts_config failed
[0x6] LoadTSLib: use_tslib=0, handle=0xff880, tsl=(nil), fd=0
[0x6] ButtonPowerUSBTask: Use tslib
[0x6] ButtonPowerUSBTask: tslib: ts_config failed
[0x6] LoadTSLib: use_tslib=0, handle=0xff880, tsl=(nil), fd=0
[0x6] ButtonPowerUSBTask: Use tslib
[0x6] ButtonPowerUSBTask: tslib: ts_config failed
[0x6] LoadTSLib: use_tslib=0, handle=0xff880, tsl=(nil), fd=0
[0x6] ButtonPowerUSBTask: Use tslib
[0x6] ButtonPowerUSBTask: tslib: ts_config failed
[0x6] LoadTSLib: use_tslib=0, handle=0x46c50, tsl=(nil), fd=0
[0x6] ButtonPowerUSBTask: Use tslib
[0x6] ButtonPowerUSBTask: tslib: ts_config failed
[0x6] LoadTSLib: use_tslib=0, handle=0x46c50, tsl=(nil), fd=0
[0x6] ButtonPowerUSBTask: Use tslib
[0x6] ButtonPowerUSBTask: tslib: ts_config failed
[0x6] LoadTSLib: use_tslib=0, handle=0x46c50, tsl=(nil), fd=0
[0x6] ButtonPowerUSBTask: Use tslib
[0x6] ButtonPowerUSBTask: tslib: ts_config failed
[0x6] LoadTSLib: use_tslib=0, handle=0x1a00c0, tsl=(nil), fd=0
[0x6] ButtonPowerUSBTask: Use tslib
[0x6] ButtonPowerUSBTask: tslib: ts_config failed
[0x6] LoadTSLib: use_tslib=0, handle=0x1a00c0, tsl=(nil), fd=0
[0x6] ButtonPowerUSBTask: Use tslib
[0x6] ButtonPowerUSBTask: tslib: ts_config failed
[0x6] LoadTSLib: use_tslib=0, handle=0x1a00c0, tsl=(nil), fd=0
[0x6] ButtonPowerUSBTask: Use tslib
[0x6] ButtonPowerUSBTask: tslib: ts_config failed
[0x6] LoadTSLib: use_tslib=0, handle=0xff880, tsl=(nil), fd=0
[0x6] ButtonPowerUSBTask: Use tslib
[0x6] ButtonPowerUSBTask: tslib: ts_config failed
[0x6] LoadTSLib: use_tslib=0, handle=0xff880, tsl=(nil), fd=0
[0x6] ButtonPowerUSBTask: Use tslib
[0x6] ButtonPowerUSBTask: tslib: ts_config failed
[0x6] LoadTSLib: use_tslib=0, handle=0xff880, tsl=(nil), fd=0
[0x6] ButtonPowerUSBTask: Use tslib
[0x6] ButtonPowerUSBTask: tslib: ts_config failed
[0x6] LoadTSLib: use_tslib=0, handle=0x46c50, tsl=(nil), fd=0
[0x6] ButtonPowerUSBTask: Use tslib
[0x6] ButtonPowerUSBTask: tslib: ts_config failed
[0x6] LoadTSLib: use_tslib=0, handle=0x46c50, tsl=(nil), fd=0
[0x6] ButtonPowerUSBTask: Use tslib
[0x6] ButtonPowerUSBTask: tslib: ts_config failed
[0x6] LoadTSLib: use_tslib=0, handle=0x46c50, tsl=(nil), fd=0
[0x6] ButtonPowerUSBTask: Use tslib
[0x6] ButtonPowerUSBTask: tslib: ts_config failed
[0x6] LoadTSLib: use_tslib=0, handle=0x1a00c0, tsl=(nil), fd=0
[0x6] ButtonPowerUSBTask: Use tslib
[0x6] ButtonPowerUSBTask: tslib: ts_config failed
[0x6] LoadTSLib: use_tslib=0, handle=0x1a00c0, tsl=(nil), fd=0
[0x6] ButtonPowerUSBTask: Use tslib
[0x6] ButtonPowerUSBTask: tslib: ts_config failed
[0x6] LoadTSLib: use_tslib=0, handle=0x1a00c0, tsl=(nil), fd=0
[0x6] ButtonPowerUSBTask: Use tslib
[0x6] ButtonPowerUSBTask: tslib: ts_config failed
[0x6] LoadTSLib: use_tslib=0, handle=0xff880, tsl=(nil), fd=0
[0x6] ButtonPowerUSBTask: Use tslib
[0x6] ButtonPowerUSBTask: tslib: ts_config failed
[0x6] LoadTSLib: use_tslib=0, handle=0xff880, tsl=(nil), fd=0
[0x6] ButtonPowerUSBTask: Use tslib
[0x6] ButtonPowerUSBTask: tslib: ts_config failed
[0x6] LoadTSLib: use_tslib=0, handle=0xff880, tsl=(nil), fd=0
[0x6] ButtonPowerUSBTask: Use tslib
[0x6] ButtonPowerUSBTask: tslib: ts_config failed
[0x6] LoadTSLib: use_tslib=0, handle=0x46c50, tsl=(nil), fd=0
[0x6] ButtonPowerUSBTask: Use tslib
[0x6] ButtonPowerUSBTask: tslib: ts_config failed
[0x6] LoadTSLib: use_tslib=0, handle=0x46c50, tsl=(nil), fd=0
[0x6] ButtonPowerUSBTask: Use tslib
[0x6] ButtonPowerUSBTask: tslib: ts_config failed
[0x6] LoadTSLib: use_tslib=0, handle=0x46c50, tsl=(nil), fd=0
[0x6] ButtonPowerUSBTask: Use tslib
[0x6] ButtonPowerUSBTask: tslib: ts_config failed
[0x6] LoadTSLib: use_tslib=0, handle=0x1a00c0, tsl=(nil), fd=0
[0x6] ButtonPowerUSBTask: Use tslib
[0x6] ButtonPowerUSBTask: tslib: ts_config failed
[0x6] LoadTSLib: use_tslib=0, handle=0x1a00c0, tsl=(nil), fd=0
[0x6] ButtonPowerUSBTask: Use tslib
[0x6] ButtonPowerUSBTask: tslib: ts_config failed
[0x6] LoadTSLib: use_tslib=0, handle=0x1a00c0, tsl=(nil), fd=0
[0x6] ButtonPowerUSBTask: Use tslib
[0x6] ButtonPowerUSBTask: tslib: ts_config failed
[0x6] LoadTSLib: use_tslib=0, handle=0xff880, tsl=(nil), fd=0
[0x6] ButtonPowerUSBTask: Use tslib
[0x6] ButtonPowerUSBTask: tslib: ts_config failed
[0x6] LoadTSLib: use_tslib=0, handle=0xff880, tsl=(nil), fd=0
[0x6] ButtonPowerUSBTask: Use tslib
[0x6] ButtonPowerUSBTask: tslib: ts_config failed
[0x6] LoadTSLib: use_tslib=0, handle=0xff880, tsl=(nil), fd=0
[0x6] ButtonPowerUSBTask: Use tslib
[0x6] ButtonPowerUSBTask: tslib: ts_config failed
[0x6] LoadTSLib: use_tslib=0, handle=0x46c50, tsl=(nil), fd=0
[0x6] ButtonPowerUSBTask: Use tslib
[0x6] ButtonPowerUSBTask: tslib: ts_config failed
[0x6] LoadTSLib: use_tslib=0, handle=0x46c50, tsl=(nil), fd=0
[0x6] ButtonPowerUSBTask: Use tslib
[0x6] ButtonPowerUSBTask: tslib: ts_config failed
[0x6] LoadTSLib: use_tslib=0, handle=0x46c50, tsl=(nil), fd=0
[0x6] ButtonPowerUSBTask: Use tslib
[0x6] ButtonPowerUSBTask: tslib: ts_config failed
[0x6] LoadTSLib: use_tslib=0, handle=0x1a00c0, tsl=(nil), fd=0
[0x6] ButtonPowerUSBTask: Use tslib
[0x6] ButtonPowerUSBTask: tslib: ts_config failed
[0x6] LoadTSLib: use_tslib=0, handle=0x1a00c0, tsl=(nil), fd=0
[0x6] ButtonPowerUSBTask: Use tslib
[0x6] ButtonPowerUSBTask: tslib: ts_config failed
[0x6] LoadTSLib: use_tslib=0, handle=0x1a00c0, tsl=(nil), fd=0
[0x6] ButtonPowerUSBTask: Use tslib
[0x6] ButtonPowerUSBTask: tslib: ts_config failed
[0x6] LoadTSLib: use_tslib=0, handle=0xff880, tsl=(nil), fd=0
[0x6] ButtonPowerUSBTask: Use tslib
[0x6] ButtonPowerUSBTask: tslib: ts_config failed
[0x6] LoadTSLib: use_tslib=0, handle=0xff880, tsl=(nil), fd=0
[0x6] ButtonPowerUSBTask: Use tslib
[0x6] ButtonPowerUSBTask: tslib: ts_config failed
[0x6] LoadTSLib: use_tslib=0, handle=0xff880, tsl=(nil), fd=0
[0x6] ButtonPowerUSBTask: Use tslib
[0x6] ButtonPowerUSBTask: tslib: ts_config failed
[0x6] LoadTSLib: use_tslib=0, handle=0x46c50, tsl=(nil), fd=0
[0x6] ButtonPowerUSBTask: Use tslib
[0x6] ButtonPowerUSBTask: tslib: ts_config failed
[0x6] LoadTSLib: use_tslib=0, handle=0x46c50, tsl=(nil), fd=0
[0x6] ButtonPowerUSBTask: Use tslib
[0x6] ButtonPowerUSBTask: tslib: ts_config failed
[0x6] LoadTSLib: use_tslib=0, handle=0x46c50, tsl=(nil), fd=0
[0x6] ButtonPowerUSBTask: Use tslib
[0x6] ButtonPowerUSBTask: tslib: ts_config failed
[0x6] LoadTSLib: use_tslib=0, handle=0x1a00c0, tsl=(nil), fd=0
[0x6] ButtonPowerUSBTask: Use tslib
[0x6] ButtonPowerUSBTask: tslib: ts_config failed
[0x6] LoadTSLib: use_tslib=0, handle=0x1a00c0, tsl=(nil), fd=0
[0x6] ButtonPowerUSBTask: Use tslib
[0x6] ButtonPowerUSBTask: tslib: ts_config failed
[0x6] LoadTSLib: use_tslib=0, handle=0x1a00c0, tsl=(nil), fd=0
[0x6] ButtonPowerUSBTask: Use tslib
[0x6] ButtonPowerUSBTask: tslib: ts_config failed
[0x6] LoadTSLib: use_tslib=0, handle=0xff880, tsl=(nil), fd=0
[0x6] ButtonPowerUSBTask: Use tslib
[0x6] ButtonPowerUSBTask: tslib: ts_config failed
[0x6] LoadTSLib: use_tslib=0, handle=0xff880, tsl=(nil), fd=0
[0x6] ButtonPowerUSBTask: Use tslib
[0x6] ButtonPowerUSBTask: tslib: ts_config failed
[0x6] LoadTSLib: use_tslib=0, handle=0xff880, tsl=(nil), fd=0
[0x6] ButtonPowerUSBTask: Use tslib
[0x6] ButtonPowerUSBTask: tslib: ts_config failed
[0x6] LoadTSLib: use_tslib=0, handle=0x46c50, tsl=(nil), fd=0
[0x6] ButtonPowerUSBTask: Use tslib
[0x6] ButtonPowerUSBTask: tslib: ts_config failed
[0x6] LoadTSLib: use_tslib=0, handle=0x46c50, tsl=(nil), fd=0
[0x6] ButtonPowerUSBTask: Use tslib
[0x6] ButtonPowerUSBTask: tslib: ts_config failed
[0x6] LoadTSLib: use_tslib=0, handle=0x46c50, tsl=(nil), fd=0
[0x6] ButtonPowerUSBTask: Use tslib
[0x6] ButtonPowerUSBTask: tslib: ts_config failed
[0x6] LoadTSLib: use_tslib=0, handle=0x1a00c0, tsl=(nil), fd=0
[0x6] ButtonPowerUSBTask: Use tslib
[0x6] ButtonPowerUSBTask: tslib: ts_config failed
[0x6] LoadTSLib: use_tslib=0, handle=0x1a00c0, tsl=(nil), fd=0
[0x6] ButtonPowerUSBTask: Use tslib
[0x6] ButtonPowerUSBTask: tslib: ts_config failed
[0x6] LoadTSLib: use_tslib=0, handle=0x1a00c0, tsl=(nil), fd=0
[0x6] ButtonPowerUSBTask: Use tslib
[0x6] ButtonPowerUSBTask: tslib: ts_config failed
[0x6] LoadTSLib: use_tslib=0, handle=0xff880, tsl=(nil), fd=0
[0x6] ButtonPowerUSBTask: Use tslib
[0x6] ButtonPowerUSBTask: tslib: ts_config failed
[0x6] LoadTSLib: use_tslib=0, handle=0xff880, tsl=(nil), fd=0
[0x6] ButtonPowerUSBTask: Use tslib
[0x6] ButtonPowerUSBTask: tslib: ts_config failed
[0x6] LoadTSLib: use_tslib=0, handle=0xff880, tsl=(nil), fd=0
[0x6] ButtonPowerUSBTask: Use tslib
[0x6] ButtonPowerUSBTask: tslib: ts_config failed
[0x6] LoadTSLib: use_tslib=0, handle=0x46c50, tsl=(nil), fd=0
[0x6] ButtonPowerUSBTask: Use tslib
[0x6] ButtonPowerUSBTask: tslib: ts_config failed
[0x6] LoadTSLib: use_tslib=0, handle=0x46c50, tsl=(nil), fd=0
[0x6] ButtonPowerUSBTask: Use tslib
[0x6] ButtonPowerUSBTask: tslib: ts_config failed
[0x6] LoadTSLib: use_tslib=0, handle=0x46c50, tsl=(nil), fd=0
[0x6] ButtonPowerUSBTask: Use tslib
[0x6] ButtonPowerUSBTask: tslib: ts_config failed
[0x6] LoadTSLib: use_tslib=0, handle=0x1a00c0, tsl=(nil), fd=0
[0x6] ButtonPowerUSBTask: Use tslib
[0x6] ButtonPowerUSBTask: tslib: ts_config failed
[0x6] LoadTSLib: use_tslib=0, handle=0x1a00c0, tsl=(nil), fd=0
[0x6] ButtonPowerUSBTask: Use tslib
[0x6] ButtonPowerUSBTask: tslib: ts_config failed
[0x6] LoadTSLib: use_tslib=0, handle=0x1a00c0, tsl=(nil), fd=0
[0x6] ButtonPowerUSBTask: Use tslib
[0x6] ButtonPowerUSBTask: tslib: ts_config failed
[0x6] LoadTSLib: use_tslib=0, handle=0xff880, tsl=(nil), fd=0
[0x6] ButtonPowerUSBTask: Use tslib
[0x6] ButtonPowerUSBTask: tslib: ts_config failed
[0x6] LoadTSLib: use_tslib=0, handle=0xff880, tsl=(nil), fd=0
[0x6] ButtonPowerUSBTask: Use tslib
[0x6] ButtonPowerUSBTask: tslib: ts_config failed
[0x6] LoadTSLib: use_tslib=0, handle=0xff880, tsl=(nil), fd=0
[0x6] ButtonPowerUSBTask: Use tslib
[0x6] ButtonPowerUSBTask: tslib: ts_config failed
[0x6] LoadTSLib: use_tslib=0, handle=0x46c50, tsl=(nil), fd=0
[0x6] ButtonPowerUSBTask: Use tslib
[0x6] ButtonPowerUSBTask: tslib: ts_config failed
[0x6] LoadTSLib: use_tslib=0, handle=0x46c50, tsl=(nil), fd=0
[0x6] ButtonPowerUSBTask: Use tslib
[0x6] ButtonPowerUSBTask: tslib: ts_config failed
[0x6] LoadTSLib: use_tslib=0, handle=0x46c50, tsl=(nil), fd=0
[0x6] ButtonPowerUSBTask: Use tslib
[0x6] ButtonPowerUSBTask: tslib: ts_config failed
[0x6] LoadTSLib: use_tslib=0, handle=0x1a00c0, tsl=(nil), fd=0
[0x6] ButtonPowerUSBTask: Use tslib
[0x6] ButtonPowerUSBTask: tslib: ts_config failed
[0x6] LoadTSLib: use_tslib=0, handle=0x1a00c0, tsl=(nil), fd=0
[0x6] ButtonPowerUSBTask: Use tslib
[0x6] ButtonPowerUSBTask: tslib: ts_config failed
[0x6] LoadTSLib: use_tslib=0, handle=0x1a00c0, tsl=(nil), fd=0
[0x6] ButtonPowerUSBTask: Use tslib
[0x6] ButtonPowerUSBTask: tslib: ts_config failed
[0x6] LoadTSLib: use_tslib=0, handle=0xff880, tsl=(nil), fd=0
[0x6] ButtonPowerUSBTask: Use tslib
[0x6] ButtonPowerUSBTask: tslib: ts_config failed
[0x6] LoadTSLib: use_tslib=0, handle=0xff880, tsl=(nil), fd=0
[0x6] ButtonPowerUSBTask: Use tslib
[0x6] ButtonPowerUSBTask: tslib: ts_config failed
[0x6] LoadTSLib: use_tslib=0, handle=0xff880, tsl=(nil), fd=0
[0x6] ButtonPowerUSBTask: Use tslib
[0x6] ButtonPowerUSBTask: tslib: ts_config failed
[0x6] LoadTSLib: use_tslib=0, handle=0x46c50, tsl=(nil), fd=0
[0x6] ButtonPowerUSBTask: Use tslib
[0x6] ButtonPowerUSBTask: tslib: ts_config failed
[0x6] LoadTSLib: use_tslib=0, handle=0x46c50, tsl=(nil), fd=0
[0x6] ButtonPowerUSBTask: Use tslib
[0x6] ButtonPowerUSBTask: tslib: ts_config failed
[0x6] LoadTSLib: use_tslib=0, handle=0x46c50, tsl=(nil), fd=0
[0x6] ButtonPowerUSBTask: Use tslib
[0x6] ButtonPowerUSBTask: tslib: ts_config failed
[0x6] LoadTSLib: use_tslib=0, handle=0x1a00c0, tsl=(nil), fd=0
[0x6] ButtonPowerUSBTask: Use tslib
[0x6] ButtonPowerUSBTask: tslib: ts_config failed
[0x6] LoadTSLib: use_tslib=0, handle=0x1a00c0, tsl=(nil), fd=0
[0x6] ButtonPowerUSBTask: Use tslib
[0x6] ButtonPowerUSBTask: tslib: ts_config failed
[0x6] LoadTSLib: use_tslib=0, handle=0x1a00c0, tsl=(nil), fd=0
[0x6] ButtonPowerUSBTask: Use tslib
[0x6] ButtonPowerUSBTask: tslib: ts_config failed
[0x6] LoadTSLib: use_tslib=0, handle=0xff880, tsl=(nil), fd=0
[0x6] ButtonPowerUSBTask: Use tslib
[0x6] ButtonPowerUSBTask: tslib: ts_config failed
[0x6] LoadTSLib: use_tslib=0, handle=0xff880, tsl=(nil), fd=0
[0x6] ButtonPowerUSBTask: Use tslib
[0x6] ButtonPowerUSBTask: tslib: ts_config failed
[0x6] LoadTSLib: use_tslib=0, handle=0x1a00c0, tsl=(nil), fd=0
[0x6] ButtonPowerUSBTask: Use tslib
[0x6] ButtonPowerUSBTask: tslib: ts_config failed
[0x6] LoadTSLib: use_tslib=0, handle=0x1a03e0, tsl=(nil), fd=0
[0x6] ButtonPowerUSBTask: Use tslib
[0x6] ButtonPowerUSBTask: tslib: ts_config failed
[0x6] LoadTSLib: use_tslib=0, handle=0x1a03e0, tsl=(nil), fd=0
[0x6] ButtonPowerUSBTask: Use tslib
[0x6] ButtonPowerUSBTask: tslib: ts_config failed
[0x6] LoadTSLib: use_tslib=0, handle=0x46c50, tsl=(nil), fd=0
[0x6] ButtonPowerUSBTask: Use tslib
[0x6] ButtonPowerUSBTask: tslib: ts_config failed
[0x6] LoadTSLib: use_tslib=0, handle=0x46c50, tsl=(nil), fd=0
[0x6] ButtonPowerUSBTask: Use tslib
[0x6] ButtonPowerUSBTask: tslib: ts_config failed
[0x6] LoadTSLib: use_tslib=0, handle=0x46c50, tsl=(nil), fd=0
[0x6] ButtonPowerUSBTask: Use tslib
[0x6] ButtonPowerUSBTask: tslib: ts_config failed
[0x6] LoadTSLib: use_tslib=0, handle=0xff880, tsl=(nil), fd=0
[0x6] ButtonPowerUSBTask: Use tslib
[0x6] ButtonPowerUSBTask: tslib: ts_config failed
[0x6] LoadTSLib: use_tslib=0, handle=0xff880, tsl=(nil), fd=0
[0x6] ButtonPowerUSBTask: Use tslib
[0x6] ButtonPowerUSBTask: tslib: ts_config failed
[0x6] LoadTSLib: use_tslib=0, handle=0xff880, tsl=(nil), fd=0
[0x6] ButtonPowerUSBTask: Use tslib
[0x6] ButtonPowerUSBTask: tslib: ts_config failed
[0x6] LoadTSLib: use_tslib=0, handle=0x1a03e0, tsl=(nil), fd=0
[0x6] ButtonPowerUSBTask: Use tslib
[0x6] ButtonPowerUSBTask: tslib: ts_config failed
[0x6] LoadTSLib: use_tslib=0, handle=0x1a03e0, tsl=(nil), fd=0
[0x6] ButtonPowerUSBTask: Use tslib
[0x6] ButtonPowerUSBTask: tslib: ts_config failed
[0x6] LoadTSLib: use_tslib=0, handle=0x1a03e0, tsl=(nil), fd=0
[0x6] ButtonPowerUSBTask: Use tslib
[0x6] ButtonPowerUSBTask: tslib: ts_config failed
[0x6] LoadTSLib: use_tslib=0, handle=0x46c50, tsl=(nil), fd=0
[0x6] ButtonPowerUSBTask: Use tslib
[0x6] ButtonPowerUSBTask: tslib: ts_config failed
[0x6] LoadTSLib: use_tslib=0, handle=0x46c50, tsl=(nil), fd=0
[0x6] ButtonPowerUSBTask: Use tslib
[0x6] ButtonPowerUSBTask: tslib: ts_config failed
[0x6] LoadTSLib: use_tslib=0, handle=0x46c50, tsl=(nil), fd=0
[0x6] ButtonPowerUSBTask: Use tslib
[0x6] ButtonPowerUSBTask: tslib: ts_config failed
[0x6] LoadTSLib: use_tslib=0, handle=0xff880, tsl=(nil), fd=0
[0x6] ButtonPowerUSBTask: Use tslib
[0x6] ButtonPowerUSBTask: tslib: ts_config failed
[0x6] LoadTSLib: use_tslib=0, handle=0xff880, tsl=(nil), fd=0
[0x6] ButtonPowerUSBTask: Use tslib
[0x6] ButtonPowerUSBTask: tslib: ts_config failed
[0x6] LoadTSLib: use_tslib=0, handle=0xff880, tsl=(nil), fd=0
[0x6] ButtonPowerUSBTask: Use tslib
[0x6] ButtonPowerUSBTask: tslib: ts_config failed
[0x6] LoadTSLib: use_tslib=0, handle=0x1a03e0, tsl=(nil), fd=0
[0x6] ButtonPowerUSBTask: Use tslib
[0x6] ButtonPowerUSBTask: tslib: ts_config failed
[0x6] LoadTSLib: use_tslib=0, handle=0x1a03e0, tsl=(nil), fd=0
[0x6] ButtonPowerUSBTask: Use tslib
[0x6] ButtonPowerUSBTask: tslib: ts_config failed
[0x6] LoadTSLib: use_tslib=0, handle=0x1a03e0, tsl=(nil), fd=0
[0x6] ButtonPowerUSBTask: Use tslib
[0x6] ButtonPowerUSBTask: tslib: ts_config failed
[0x6] LoadTSLib: use_tslib=0, handle=0x46c50, tsl=(nil), fd=0
[0x6] ButtonPowerUSBTask: Use tslib
[0x6] ButtonPowerUSBTask: tslib: ts_config failed
[0x6] LoadTSLib: use_tslib=0, handle=0x46c50, tsl=(nil), fd=0
[0x6] ButtonPowerUSBTask: Use tslib
[0x6] ButtonPowerUSBTask: tslib: ts_config failed
[0x6] LoadTSLib: use_tslib=0, handle=0x46c50, tsl=(nil), fd=0
[0x6] ButtonPowerUSBTask: Use tslib
[0x6] ButtonPowerUSBTask: tslib: ts_config failed
[0x6] LoadTSLib: use_tslib=0, handle=0xff880, tsl=(nil), fd=0
[0x6] ButtonPowerUSBTask: Use tslib
[0x6] ButtonPowerUSBTask: tslib: ts_config failed
[0x6] LoadTSLib: use_tslib=0, handle=0xff880, tsl=(nil), fd=0
[0x6] ButtonPowerUSBTask: Use tslib
[0x6] ButtonPowerUSBTask: tslib: ts_config failed
[0x6] LoadTSLib: use_tslib=0, handle=0xff880, tsl=(nil), fd=0
[0x6] ButtonPowerUSBTask: Use tslib
[0x6] ButtonPowerUSBTask: tslib: ts_config failed
[0x6] LoadTSLib: use_tslib=0, handle=0x1a03e0, tsl=(nil), fd=0
[0x6] ButtonPowerUSBTask: Use tslib
[0x6] ButtonPowerUSBTask: tslib: ts_config failed
[0x6] LoadTSLib: use_tslib=0, handle=0x1a03e0, tsl=(nil), fd=0
[0x6] ButtonPowerUSBTask: Use tslib
[0x6] ButtonPowerUSBTask: tslib: ts_config failed
[0x6] LoadTSLib: use_tslib=0, handle=0x1a03e0, tsl=(nil), fd=0
[0x6] ButtonPowerUSBTask: Use tslib
[0x6] ButtonPowerUSBTask: tslib: ts_config failed
[0x6] LoadTSLib: use_tslib=0, handle=0x46c50, tsl=(nil), fd=0
[0x6] ButtonPowerUSBTask: Use tslib
[0x6] ButtonPowerUSBTask: tslib: ts_config failed
[0x6] LoadTSLib: use_tslib=0, handle=0x46c50, tsl=(nil), fd=0
[0x6] ButtonPowerUSBTask: Use tslib
[0x6] ButtonPowerUSBTask: tslib: ts_config failed
[0x6] LoadTSLib: use_tslib=0, handle=0x46c50, tsl=(nil), fd=0
[0x6] ButtonPowerUSBTask: Use tslib
[0x6] ButtonPowerUSBTask: tslib: ts_config failed
[0x6] LoadTSLib: use_tslib=0, handle=0xff880, tsl=(nil), fd=0
[0x6] ButtonPowerUSBTask: Use tslib
[0x6] ButtonPowerUSBTask: tslib: ts_config failed
[0x6] LoadTSLib: use_tslib=0, handle=0xff880, tsl=(nil), fd=0
[0x6] ButtonPowerUSBTask: Use tslib
[0x6] ButtonPowerUSBTask: tslib: ts_config failed
[0x6] LoadTSLib: use_tslib=0, handle=0xff880, tsl=(nil), fd=0
[0x6] ButtonPowerUSBTask: Use tslib
[0x6] ButtonPowerUSBTask: tslib: ts_config failed
[0x6] LoadTSLib: use_tslib=0, handle=0x1a03e0, tsl=(nil), fd=0
[0x6] ButtonPowerUSBTask: Use tslib
[0x6] ButtonPowerUSBTask: tslib: ts_config failed
[0x6] LoadTSLib: use_tslib=0, handle=0x1a03e0, tsl=(nil), fd=0
[0x6] ButtonPowerUSBTask: Use tslib
[0x6] ButtonPowerUSBTask: tslib: ts_config failed
[0x6] LoadTSLib: use_tslib=0, handle=0x1a03e0, tsl=(nil), fd=0
[0x6] ButtonPowerUSBTask: Use tslib
[0x6] ButtonPowerUSBTask: tslib: ts_config failed
[0x6] LoadTSLib: use_tslib=0, handle=0x46c50, tsl=(nil), fd=0
[0x6] ButtonPowerUSBTask: Use tslib
[0x6] ButtonPowerUSBTask: tslib: ts_config failed
[0x6] LoadTSLib: use_tslib=0, handle=0x46c50, tsl=(nil), fd=0
[0x6] ButtonPowerUSBTask: Use tslib
[0x6] ButtonPowerUSBTask: tslib: ts_config failed
[0x6] LoadTSLib: use_tslib=0, handle=0x46c50, tsl=(nil), fd=0
[0x6] ButtonPowerUSBTask: Use tslib
[0x6] ButtonPowerUSBTask: tslib: ts_config failed
[0x6] LoadTSLib: use_tslib=0, handle=0xff880, tsl=(nil), fd=0
[0x6] ButtonPowerUSBTask: Use tslib
[0x6] ButtonPowerUSBTask: tslib: ts_config failed
[0x6] LoadTSLib: use_tslib=0, handle=0xff880, tsl=(nil), fd=0
[0x6] ButtonPowerUSBTask: Use tslib
[0x6] ButtonPowerUSBTask: tslib: ts_config failed
[0x6] LoadTSLib: use_tslib=0, handle=0xff880, tsl=(nil), fd=0
[0x6] ButtonPowerUSBTask: Use tslib
[0x6] ButtonPowerUSBTask: tslib: ts_config failed
[0x6] LoadTSLib: use_tslib=0, handle=0x1a03e0, tsl=(nil), fd=0
[0x6] ButtonPowerUSBTask: Use tslib
[0x6] ButtonPowerUSBTask: tslib: ts_config failed
[0x6] LoadTSLib: use_tslib=0, handle=0x1a03e0, tsl=(nil), fd=0
[0x6] ButtonPowerUSBTask: Use tslib
[0x6] ButtonPowerUSBTask: tslib: ts_config failed
[0x6] LoadTSLib: use_tslib=0, handle=0x1a03e0, tsl=(nil), fd=0
[0x6] ButtonPowerUSBTask: Use tslib
[0x6] ButtonPowerUSBTask: tslib: ts_config failed
[0x6] LoadTSLib: use_tslib=0, handle=0x46c50, tsl=(nil), fd=0
[0x6] ButtonPowerUSBTask: Use tslib
[0x6] ButtonPowerUSBTask: tslib: ts_config failed
[0x6] LoadTSLib: use_tslib=0, handle=0x46c50, tsl=(nil), fd=0
[0x6] ButtonPowerUSBTask: Use tslib
[0x6] ButtonPowerUSBTask: tslib: ts_config failed
[0x6] LoadTSLib: use_tslib=0, handle=0x46c50, tsl=(nil), fd=0
[0x6] ButtonPowerUSBTask: Use tslib
[0x6] ButtonPowerUSBTask: tslib: ts_config failed
[0x6] LoadTSLib: use_tslib=0, handle=0xff880, tsl=(nil), fd=0
[0x6] ButtonPowerUSBTask: Use tslib
[0x6] ButtonPowerUSBTask: tslib: ts_config failed
[0x6] LoadTSLib: use_tslib=0, handle=0xff880, tsl=(nil), fd=0
[0x6] ButtonPowerUSBTask: Use tslib
[0x6] ButtonPowerUSBTask: tslib: ts_config failed
[0x6] LoadTSLib: use_tslib=0, handle=0xff880, tsl=(nil), fd=0
[0x6] ButtonPowerUSBTask: Use tslib
[0x6] ButtonPowerUSBTask: tslib: ts_config failed
[0x6] LoadTSLib: use_tslib=0, handle=0x1a03e0, tsl=(nil), fd=0
[0x6] ButtonPowerUSBTask: Use tslib
[0x6] ButtonPowerUSBTask: tslib: ts_config failed
[0x6] LoadTSLib: use_tslib=0, handle=0x1a03e0, tsl=(nil), fd=0
[0x6] ButtonPowerUSBTask: Use tslib
[0x6] ButtonPowerUSBTask: tslib: ts_config failed
[0x6] LoadTSLib: use_tslib=0, handle=0x1a03e0, tsl=(nil), fd=0
[0x6] ButtonPowerUSBTask: Use tslib
[0x6] ButtonPowerUSBTask: tslib: ts_config failed
[0x6] LoadTSLib: use_tslib=0, handle=0x46c50, tsl=(nil), fd=0
[0x6] ButtonPowerUSBTask: Use tslib
[0x6] ButtonPowerUSBTask: tslib: ts_config failed
[0x6] LoadTSLib: use_tslib=0, handle=0x46c50, tsl=(nil), fd=0
[0x6] ButtonPowerUSBTask: Use tslib
[0x6] ButtonPowerUSBTask: tslib: ts_config failed
[0x6] LoadTSLib: use_tslib=0, handle=0x46c50, tsl=(nil), fd=0
[0x6] ButtonPowerUSBTask: Use tslib
[0x6] ButtonPowerUSBTask: tslib: ts_config failed
[0x6] LoadTSLib: use_tslib=0, handle=0xff880, tsl=(nil), fd=0
[0x6] ButtonPowerUSBTask: Use tslib
[0x6] ButtonPowerUSBTask: tslib: ts_config failed
[0x6] LoadTSLib: use_tslib=0, handle=0xff880, tsl=(nil), fd=0
[0x1] StartAudio: file doesn't exist='/LF/Bulk/ProgramFiles/LST3-0x00180015-000000/audio/h_BROM_WrongAnswerSfx_6.ogg
INVALID - TRIGGER: WRONG START PT
[0x6] ButtonPowerUSBTask: Use tslib
[0x6] ButtonPowerUSBTask: tslib: ts_config failed
[0x6] LoadTSLib: use_tslib=0, handle=0x1c9c28, tsl=(nil), fd=0
[0x6] ButtonPowerUSBTask: Use tslib
[0x6] ButtonPowerUSBTask: tslib: ts_config failed
[0x6] LoadTSLib: use_tslib=0, handle=0x1c9c28, tsl=(nil), fd=0
[0x6] ButtonPowerUSBTask: Use tslib
[0x6] ButtonPowerUSBTask: tslib: ts_config failed
[0x6] LoadTSLib: use_tslib=0, handle=0xa99e8, tsl=(nil), fd=0
[0x6] ButtonPowerUSBTask: Use tslib
[0x6] ButtonPowerUSBTask: tslib: ts_config failed
[0x6] LoadTSLib: use_tslib=0, handle=0xa99b8, tsl=(nil), fd=0
[0x6] ButtonPowerUSBTask: Use tslib
[0x6] ButtonPowerUSBTask: tslib: ts_config failed
[0x6] LoadTSLib: use_tslib=0, handle=0xa9a10, tsl=(nil), fd=0
[0x6] ButtonPowerUSBTask: Use tslib
[0x6] ButtonPowerUSBTask: tslib: ts_config failed
[0x6] LoadTSLib: use_tslib=0, handle=0xa99b8, tsl=(nil), fd=0
[0x6] ButtonPowerUSBTask: Use tslib
[0x6] ButtonPowerUSBTask: tslib: ts_config failed
[0x6] LoadTSLib: use_tslib=0, handle=0xa99b8, tsl=(nil), fd=0
[0x6] ButtonPowerUSBTask: Use tslib
[0x6] ButtonPowerUSBTask: tslib: ts_config failed
[0x6] LoadTSLib: use_tslib=0, handle=0xa99b8, tsl=(nil), fd=0
[0x6] ButtonPowerUSBTask: Use tslib
[0x6] ButtonPowerUSBTask: tslib: ts_config failed
[0x6] LoadTSLib: use_tslib=0, handle=0xa99b8, tsl=(nil), fd=0
[0x6] ButtonPowerUSBTask: Use tslib
[0x6] ButtonPowerUSBTask: tslib: ts_config failed
[0x6] LoadTSLib: use_tslib=0, handle=0xa99b8, tsl=(nil), fd=0
[0x6] ButtonPowerUSBTask: Use tslib
[0x6] ButtonPowerUSBTask: tslib: ts_config failed
[0x6] LoadTSLib: use_tslib=0, handle=0xa99b8, tsl=(nil), fd=0
[0x6] ButtonPowerUSBTask: Use tslib
[0x6] ButtonPowerUSBTask: tslib: ts_config failed
[0x6] LoadTSLib: use_tslib=0, handle=0xa99b8, tsl=(nil), fd=0
[0x6] ButtonPowerUSBTask: Use tslib
[0x6] ButtonPowerUSBTask: tslib: ts_config failed
[0x6] LoadTSLib: use_tslib=0, handle=0xa99b8, tsl=(nil), fd=0
[0x6] ButtonPowerUSBTask: Use tslib
[0x6] ButtonPowerUSBTask: tslib: ts_config failed
[0x6] LoadTSLib: use_tslib=0, handle=0xa99b8, tsl=(nil), fd=0
[0x6] ButtonPowerUSBTask: Use tslib
[0x6] ButtonPowerUSBTask: tslib: ts_config failed
[0x6] LoadTSLib: use_tslib=0, handle=0xa99b8, tsl=(nil), fd=0
[0x6] ButtonPowerUSBTask: Use tslib
[0x6] ButtonPowerUSBTask: tslib: ts_config failed
[0x6] LoadTSLib: use_tslib=0, handle=0xa99b8, tsl=(nil), fd=0
[0x6] ButtonPowerUSBTask: Use tslib
[0x6] ButtonPowerUSBTask: tslib: ts_config failed
[0x6] LoadTSLib: use_tslib=0, handle=0xa9998, tsl=(nil), fd=0
[0x6] ButtonPowerUSBTask: Use tslib
[0x6] ButtonPowerUSBTask: tslib: ts_config failed
[0x6] LoadTSLib: use_tslib=0, handle=0xa99b8, tsl=(nil), fd=0
[0x6] ButtonPowerUSBTask: Use tslib
[0x6] ButtonPowerUSBTask: tslib: ts_config failed
[0x6] LoadTSLib: use_tslib=0, handle=0xa9b30, tsl=(nil), fd=0
[0x6] ButtonPowerUSBTask: Use tslib
[0x6] ButtonPowerUSBTask: tslib: ts_config failed
[0x6] LoadTSLib: use_tslib=0, handle=0xa9ac8, tsl=(nil), fd=0
[0x4] STATE_CHANGED NEW_STATE=TaskHelp[0x6] ButtonPowerUSBTask: Use tslib
[0x6] ButtonPowerUSBTask: tslib: ts_config failed
[0x6] LoadTSLib: use_tslib=0, handle=0xa9ab8, tsl=(nil), fd=0
[0x6] ButtonPowerUSBTask: Use tslib
[0x6] ButtonPowerUSBTask: tslib: ts_config failed
[0x6] LoadTSLib: use_tslib=0, handle=0xa9a10, tsl=(nil), fd=0
[0x6] ButtonPowerUSBTask: Use tslib
[0x6] ButtonPowerUSBTask: tslib: ts_config failed
[0x6] LoadTSLib: use_tslib=0, handle=0xa9a98, tsl=(nil), fd=0
[0x6] ButtonPowerUSBTask: Use tslib
[0x6] ButtonPowerUSBTask: tslib: ts_config failed
[0x6] LoadTSLib: use_tslib=0, handle=0xa9a10, tsl=(nil), fd=0
[0x6] ButtonPowerUSBTask: Use tslib
[0x6] ButtonPowerUSBTask: tslib: ts_config failed
[0x6] LoadTSLib: use_tslib=0, handle=0xa9a98, tsl=(nil), fd=0
[0x6] ButtonPowerUSBTask: Use tslib
[0x6] ButtonPowerUSBTask: tslib: ts_config failed
[0x6] LoadTSLib: use_tslib=0, handle=0xa9a10, tsl=(nil), fd=0
[0x6] ButtonPowerUSBTask: Use tslib
[0x6] ButtonPowerUSBTask: tslib: ts_config failed
[0x6] LoadTSLib: use_tslib=0, handle=0xa9a98, tsl=(nil), fd=0
[0x6] ButtonPowerUSBTask: Use tslib
[0x6] ButtonPowerUSBTask: tslib: ts_config failed
[0x6] LoadTSLib: use_tslib=0, handle=0xa9a10, tsl=(nil), fd=0
[0x6] ButtonPowerUSBTask: Use tslib
[0x6] ButtonPowerUSBTask: tslib: ts_config failed
[0x6] LoadTSLib: use_tslib=0, handle=0xa9a98, tsl=(nil), fd=0
[0x6] ButtonPowerUSBTask: Use tslib
[0x6] ButtonPowerUSBTask: tslib: ts_config failed
[0x6] LoadTSLib: use_tslib=0, handle=0xa9a10, tsl=(nil), fd=0
[0x6] ButtonPowerUSBTask: Use tslib
[0x6] ButtonPowerUSBTask: tslib: ts_config failed
[0x6] LoadTSLib: use_tslib=0, handle=0xa9a98, tsl=(nil), fd=0
[0x6] ButtonPowerUSBTask: Use tslib
[0x6] ButtonPowerUSBTask: tslib: ts_config failed
[0x6] LoadTSLib: use_tslib=0, handle=0xa9a10, tsl=(nil), fd=0
[0x6] ButtonPowerUSBTask: Use tslib
[0x6] ButtonPowerUSBTask: tslib: ts_config failed
[0x6] LoadTSLib: use_tslib=0, handle=0xa9a98, tsl=(nil), fd=0
[0x6] ButtonPowerUSBTask: Use tslib
[0x6] ButtonPowerUSBTask: tslib: ts_config failed
[0x6] LoadTSLib: use_tslib=0, handle=0xa9a10, tsl=(nil), fd=0
[0x6] ButtonPowerUSBTask: Use tslib
[0x6] ButtonPowerUSBTask: tslib: ts_config failed
[0x6] LoadTSLib: use_tslib=0, handle=0xa9970, tsl=(nil), fd=0
[0x6] ButtonPowerUSBTask: Use tslib
[0x6] ButtonPowerUSBTask: tslib: ts_config failed
[0x6] LoadTSLib: use_tslib=0, handle=0xa9b18, tsl=(nil), fd=0
[0x6] ButtonPowerUSBTask: Use tslib
[0x6] ButtonPowerUSBTask: tslib: ts_config failed
[0x6] LoadTSLib: use_tslib=0, handle=0xa9a50, tsl=(nil), fd=0
[0x6] ButtonPowerUSBTask: Use tslib
[0x6] ButtonPowerUSBTask: tslib: ts_config failed
[0x6] LoadTSLib: use_tslib=0, handle=0xa9950, tsl=(nil), fd=0
[0x6] ButtonPowerUSBTask: Use tslib
[0x6] ButtonPowerUSBTask: tslib: ts_config failed
[0x6] LoadTSLib: use_tslib=0, handle=0xa9a50, tsl=(nil), fd=0
[0x6] ButtonPowerUSBTask: Use tslib
[0x6] ButtonPowerUSBTask: tslib: ts_config failed
[0x6] LoadTSLib: use_tslib=0, handle=0xa9950, tsl=(nil), fd=0
[0x6] ButtonPowerUSBTask: Use tslib
[0x6] ButtonPowerUSBTask: tslib: ts_config failed
[0x6] LoadTSLib: use_tslib=0, handle=0xa9a50, tsl=(nil), fd=0
[0x6] ButtonPowerUSBTask: Use tslib
[0x6] ButtonPowerUSBTask: tslib: ts_config failed
[0x6] LoadTSLib: use_tslib=0, handle=0xa9950, tsl=(nil), fd=0
[0x6] ButtonPowerUSBTask: Use tslib
[0x6] ButtonPowerUSBTask: tslib: ts_config failed
[0x6] LoadTSLib: use_tslib=0, handle=0xa9a50, tsl=(nil), fd=0
[0x6] ButtonPowerUSBTask: Use tslib
[0x6] ButtonPowerUSBTask: tslib: ts_config failed
[0x6] LoadTSLib: use_tslib=0, handle=0xa9950, tsl=(nil), fd=0
[0x6] ButtonPowerUSBTask: Use tslib
[0x6] ButtonPowerUSBTask: tslib: ts_config failed
[0x6] LoadTSLib: use_tslib=0, handle=0xa9a50, tsl=(nil), fd=0
[0x6] ButtonPowerUSBTask: Use tslib
[0x6] ButtonPowerUSBTask: tslib: ts_config failed
[0x6] LoadTSLib: use_tslib=0, handle=0xa9950, tsl=(nil), fd=0
[0x6] ButtonPowerUSBTask: Use tslib
[0x6] ButtonPowerUSBTask: tslib: ts_config failed
[0x6] LoadTSLib: use_tslib=0, handle=0xa9a50, tsl=(nil), fd=0
[0x6] ButtonPowerUSBTask: Use tslib
[0x6] ButtonPowerUSBTask: tslib: ts_config failed
[0x6] LoadTSLib: use_tslib=0, handle=0xa9950, tsl=(nil), fd=0
[0x6] ButtonPowerUSBTask: Use tslib
[0x6] ButtonPowerUSBTask: tslib: ts_config failed
[0x6] LoadTSLib: use_tslib=0, handle=0xa9a50, tsl=(nil), fd=0
[0x6] ButtonPowerUSBTask: Use tslib
[0x6] ButtonPowerUSBTask: tslib: ts_config failed
[0x6] LoadTSLib: use_tslib=0, handle=0xa9a10, tsl=(nil), fd=0
[0x6] ButtonPowerUSBTask: Use tslib
[0x6] ButtonPowerUSBTask: tslib: ts_config failed
[0x6] LoadTSLib: use_tslib=0, handle=0xa9a40, tsl=(nil), fd=0
[0x6] ButtonPowerUSBTask: Use tslib
[0x6] ButtonPowerUSBTask: tslib: ts_config failed
[0x6] LoadTSLib: use_tslib=0, handle=0xa9a40, tsl=(nil), fd=0
[0x6] ButtonPowerUSBTask: Use tslib
[0x6] ButtonPowerUSBTask: tslib: ts_config failed
[0x6] LoadTSLib: use_tslib=0, handle=0xa9a40, tsl=(nil), fd=0
[0x6] ButtonPowerUSBTask: Use tslib
[0x6] ButtonPowerUSBTask: tslib: ts_config failed
[0x6] LoadTSLib: use_tslib=0, handle=0xa9a40, tsl=(nil), fd=0
[0x6] ButtonPowerUSBTask: Use tslib
[0x6] ButtonPowerUSBTask: tslib: ts_config failed
[0x6] LoadTSLib: use_tslib=0, handle=0xa9a40, tsl=(nil), fd=0
[0x6] ButtonPowerUSBTask: Use tslib
[0x6] ButtonPowerUSBTask: tslib: ts_config failed
[0x6] LoadTSLib: use_tslib=0, handle=0xa9a10, tsl=(nil), fd=0
[0x6] ButtonPowerUSBTask: Use tslib
[0x6] ButtonPowerUSBTask: tslib: ts_config failed
[0x6] LoadTSLib: use_tslib=0, handle=0xa9a40, tsl=(nil), fd=0
[0x6] ButtonPowerUSBTask: Use tslib
[0x6] ButtonPowerUSBTask: tslib: ts_config failed
[0x6] LoadTSLib: use_tslib=0, handle=0xa9a10, tsl=(nil), fd=0
[0x6] ButtonPowerUSBTask: Use tslib
[0x6] ButtonPowerUSBTask: tslib: ts_config failed
[0x6] LoadTSLib: use_tslib=0, handle=0xa9a40, tsl=(nil), fd=0
[0x6] ButtonPowerUSBTask: Use tslib
[0x6] ButtonPowerUSBTask: tslib: ts_config failed
[0x6] LoadTSLib: use_tslib=0, handle=0xa9a10, tsl=(nil), fd=0
[0x6] ButtonPowerUSBTask: Use tslib
[0x6] ButtonPowerUSBTask: tslib: ts_config failed
[0x6] LoadTSLib: use_tslib=0, handle=0xa9a40, tsl=(nil), fd=0
[0x6] ButtonPowerUSBTask: Use tslib
[0x6] ButtonPowerUSBTask: tslib: ts_config failed
[0x6] LoadTSLib: use_tslib=0, handle=0xa9a10, tsl=(nil), fd=0
[0x6] ButtonPowerUSBTask: Use tslib
[0x6] ButtonPowerUSBTask: tslib: ts_config failed
[0x6] LoadTSLib: use_tslib=0, handle=0xa9a40, tsl=(nil), fd=0
[0x6] ButtonPowerUSBTask: Use tslib
[0x6] ButtonPowerUSBTask: tslib: ts_config failed
[0x6] LoadTSLib: use_tslib=0, handle=0xa9a40, tsl=(nil), fd=0
[0x6] ButtonPowerUSBTask: Use tslib
[0x6] ButtonPowerUSBTask: tslib: ts_config failed
[0x6] LoadTSLib: use_tslib=0, handle=0xa9a40, tsl=(nil), fd=0
[0x6] ButtonPowerUSBTask: Use tslib
[0x6] ButtonPowerUSBTask: tslib: ts_config failed
[0x6] LoadTSLib: use_tslib=0, handle=0xa9c70, tsl=(nil), fd=0
[0x6] ButtonPowerUSBTask: Use tslib
[0x6] ButtonPowerUSBTask: tslib: ts_config failed
[0x6] LoadTSLib: use_tslib=0, handle=0xa9a10, tsl=(nil), fd=0
[0x6] ButtonPowerUSBTask: Use tslib
[0x6] ButtonPowerUSBTask: tslib: ts_config failed
[0x6] LoadTSLib: use_tslib=0, handle=0xa9a40, tsl=(nil), fd=0
[0x6] ButtonPowerUSBTask: Use tslib
[0x6] ButtonPowerUSBTask: tslib: ts_config failed
[0x6] LoadTSLib: use_tslib=0, handle=0xa9a40, tsl=(nil), fd=0
[0x6] ButtonPowerUSBTask: Use tslib
[0x6] ButtonPowerUSBTask: tslib: ts_config failed
[0x6] LoadTSLib: use_tslib=0, handle=0xa9a10, tsl=(nil), fd=0
[0x6] ButtonPowerUSBTask: Use tslib
[0x6] ButtonPowerUSBTask: tslib: ts_config failed
[0x6] LoadTSLib: use_tslib=0, handle=0xa9c70, tsl=(nil), fd=0
[0x6] ButtonPowerUSBTask: Use tslib
[0x6] ButtonPowerUSBTask: tslib: ts_config failed
[0x6] LoadTSLib: use_tslib=0, handle=0xa9a40, tsl=(nil), fd=0
[0x6] ButtonPowerUSBTask: Use tslib
[0x6] ButtonPowerUSBTask: tslib: ts_config failed
[0x6] LoadTSLib: use_tslib=0, handle=0xa9a40, tsl=(nil), fd=0
[0x6] ButtonPowerUSBTask: Use tslib
[0x6] ButtonPowerUSBTask: tslib: ts_config failed
[0x6] LoadTSLib: use_tslib=0, handle=0xa9c70, tsl=(nil), fd=0
[0x6] ButtonPowerUSBTask: Use tslib
[0x6] ButtonPowerUSBTask: tslib: ts_config failed
[0x6] LoadTSLib: use_tslib=0, handle=0xa9a10, tsl=(nil), fd=0
[0x6] ButtonPowerUSBTask: Use tslib
[0x6] ButtonPowerUSBTask: tslib: ts_config failed
[0x6] LoadTSLib: use_tslib=0, handle=0xa9a40, tsl=(nil), fd=0
[0x6] ButtonPowerUSBTask: Use tslib
[0x6] ButtonPowerUSBTask: tslib: ts_config failed
[0x6] LoadTSLib: use_tslib=0, handle=0xa9a40, tsl=(nil), fd=0
[0x6] ButtonPowerUSBTask: Use tslib
[0x6] ButtonPowerUSBTask: tslib: ts_config failed
[0x6] LoadTSLib: use_tslib=0, handle=0xa9a10, tsl=(nil), fd=0
[0x6] ButtonPowerUSBTask: Use tslib
[0x6] ButtonPowerUSBTask: tslib: ts_config failed
[0x6] LoadTSLib: use_tslib=0, handle=0xa9c70, tsl=(nil), fd=0
[0x6] ButtonPowerUSBTask: Use tslib
[0x6] ButtonPowerUSBTask: tslib: ts_config failed
[0x6] LoadTSLib: use_tslib=0, handle=0xa9a40, tsl=(nil), fd=0
[0x6] ButtonPowerUSBTask: Use tslib
[0x6] ButtonPowerUSBTask: tslib: ts_config failed
[0x6] LoadTSLib: use_tslib=0, handle=0xa9a40, tsl=(nil), fd=0
[0x6] ButtonPowerUSBTask: Use tslib
[0x6] ButtonPowerUSBTask: tslib: ts_config failed
[0x6] LoadTSLib: use_tslib=0, handle=0xa9c70, tsl=(nil), fd=0
[0x6] ButtonPowerUSBTask: Use tslib
[0x6] ButtonPowerUSBTask: tslib: ts_config failed
[0x6] LoadTSLib: use_tslib=0, handle=0xa9a10, tsl=(nil), fd=0
[0x6] ButtonPowerUSBTask: Use tslib
[0x6] ButtonPowerUSBTask: tslib: ts_config failed
[0x6] LoadTSLib: use_tslib=0, handle=0xa9a40, tsl=(nil), fd=0
[0x6] ButtonPowerUSBTask: Use tslib
[0x6] ButtonPowerUSBTask: tslib: ts_config failed
[0x6] LoadTSLib: use_tslib=0, handle=0xa9a40, tsl=(nil), fd=0
[0x6] ButtonPowerUSBTask: Use tslib
[0x6] ButtonPowerUSBTask: tslib: ts_config failed
[0x6] LoadTSLib: use_tslib=0, handle=0xa9a10, tsl=(nil), fd=0
[0x6] ButtonPowerUSBTask: Use tslib
[0x6] ButtonPowerUSBTask: tslib: ts_config failed
[0x6] LoadTSLib: use_tslib=0, handle=0xa9c70, tsl=(nil), fd=0
[0x6] ButtonPowerUSBTask: Use tslib
[0x6] ButtonPowerUSBTask: tslib: ts_config failed
[0x6] LoadTSLib: use_tslib=0, handle=0xa9a40, tsl=(nil), fd=0
[0x6] ButtonPowerUSBTask: Use tslib
[0x6] ButtonPowerUSBTask: tslib: ts_config failed
[0x6] LoadTSLib: use_tslib=0, handle=0xa9a40, tsl=(nil), fd=0
[0x6] ButtonPowerUSBTask: Use tslib
[0x6] ButtonPowerUSBTask: tslib: ts_config failed
[0x6] LoadTSLib: use_tslib=0, handle=0xa9c70, tsl=(nil), fd=0
[0x6] ButtonPowerUSBTask: Use tslib
[0x6] ButtonPowerUSBTask: tslib: ts_config failed
[0x6] LoadTSLib: use_tslib=0, handle=0xa9a10, tsl=(nil), fd=0
[0x6] ButtonPowerUSBTask: Use tslib
[0x6] ButtonPowerUSBTask: tslib: ts_config failed
[0x6] LoadTSLib: use_tslib=0, handle=0xa9a40, tsl=(nil), fd=0
[0x6] ButtonPowerUSBTask: Use tslib
[0x6] ButtonPowerUSBTask: tslib: ts_config failed
[0x6] LoadTSLib: use_tslib=0, handle=0xa9a40, tsl=(nil), fd=0
[0x6] ButtonPowerUSBTask: Use tslib
[0x6] ButtonPowerUSBTask: tslib: ts_config failed
[0x6] LoadTSLib: use_tslib=0, handle=0xa9a10, tsl=(nil), fd=0
[0x6] ButtonPowerUSBTask: Use tslib
[0x6] ButtonPowerUSBTask: tslib: ts_config failed
[0x6] LoadTSLib: use_tslib=0, handle=0xa9c70, tsl=(nil), fd=0
[0x6] ButtonPowerUSBTask: Use tslib
[0x6] ButtonPowerUSBTask: tslib: ts_config failed
[0x6] LoadTSLib: use_tslib=0, handle=0xa9a40, tsl=(nil), fd=0
[0x6] ButtonPowerUSBTask: Use tslib
[0x6] ButtonPowerUSBTask: tslib: ts_config failed
[0x6] LoadTSLib: use_tslib=0, handle=0xa9a40, tsl=(nil), fd=0
[0x6] ButtonPowerUSBTask: Use tslib
[0x6] ButtonPowerUSBTask: tslib: ts_config failed
[0x6] LoadTSLib: use_tslib=0, handle=0xa9c70, tsl=(nil), fd=0
[0x6] ButtonPowerUSBTask: Use tslib
[0x6] ButtonPowerUSBTask: tslib: ts_config failed
[0x6] LoadTSLib: use_tslib=0, handle=0xa9a10, tsl=(nil), fd=0
[0x6] ButtonPowerUSBTask: Use tslib
[0x6] ButtonPowerUSBTask: tslib: ts_config failed
[0x6] LoadTSLib: use_tslib=0, handle=0xa9a40, tsl=(nil), fd=0
[0x6] ButtonPowerUSBTask: Use tslib
[0x6] ButtonPowerUSBTask: tslib: ts_config failed
[0x6] LoadTSLib: use_tslib=0, handle=0xa9a40, tsl=(nil), fd=0
[0x6] ButtonPowerUSBTask: Use tslib
[0x6] ButtonPowerUSBTask: tslib: ts_config failed
[0x6] LoadTSLib: use_tslib=0, handle=0xa9a10, tsl=(nil), fd=0
[0x6] ButtonPowerUSBTask: Use tslib
[0x6] ButtonPowerUSBTask: tslib: ts_config failed
[0x6] LoadTSLib: use_tslib=0, handle=0xa9c70, tsl=(nil), fd=0
[0x6] ButtonPowerUSBTask: Use tslib
[0x6] ButtonPowerUSBTask: tslib: ts_config failed
[0x6] LoadTSLib: use_tslib=0, handle=0xa9a40, tsl=(nil), fd=0
[0x6] ButtonPowerUSBTask: Use tslib
[0x6] ButtonPowerUSBTask: tslib: ts_config failed
[0x6] LoadTSLib: use_tslib=0, handle=0xa9a40, tsl=(nil), fd=0
[0x6] ButtonPowerUSBTask: Use tslib
[0x6] ButtonPowerUSBTask: tslib: ts_config failed
[0x6] LoadTSLib: use_tslib=0, handle=0xa9c70, tsl=(nil), fd=0
[0x6] ButtonPowerUSBTask: Use tslib
[0x6] ButtonPowerUSBTask: tslib: ts_config failed
[0x6] LoadTSLib: use_tslib=0, handle=0xa9a10, tsl=(nil), fd=0
[0x6] ButtonPowerUSBTask: Use tslib
[0x6] ButtonPowerUSBTask: tslib: ts_config failed
[0x6] LoadTSLib: use_tslib=0, handle=0xa9a40, tsl=(nil), fd=0
[0x6] ButtonPowerUSBTask: Use tslib
[0x6] ButtonPowerUSBTask: tslib: ts_config failed
[0x6] LoadTSLib: use_tslib=0, handle=0xa9a40, tsl=(nil), fd=0
[0x6] ButtonPowerUSBTask: Use tslib
[0x6] ButtonPowerUSBTask: tslib: ts_config failed
[0x6] LoadTSLib: use_tslib=0, handle=0xa9a10, tsl=(nil), fd=0
[0x6] ButtonPowerUSBTask: Use tslib
[0x6] ButtonPowerUSBTask: tslib: ts_config failed
[0x6] LoadTSLib: use_tslib=0, handle=0xa9c70, tsl=(nil), fd=0
[0x6] ButtonPowerUSBTask: Use tslib
[0x6] ButtonPowerUSBTask: tslib: ts_config failed
[0x6] LoadTSLib: use_tslib=0, handle=0xa9a40, tsl=(nil), fd=0
[0x6] ButtonPowerUSBTask: Use tslib
[0x6] ButtonPowerUSBTask: tslib: ts_config failed
[0x6] LoadTSLib: use_tslib=0, handle=0xa9a40, tsl=(nil), fd=0
[0x6] ButtonPowerUSBTask: Use tslib
[0x6] ButtonPowerUSBTask: tslib: ts_config failed
[0x6] LoadTSLib: use_tslib=0, handle=0xa9c70, tsl=(nil), fd=0
[0x6] ButtonPowerUSBTask: Use tslib
[0x6] ButtonPowerUSBTask: tslib: ts_config failed
[0x6] LoadTSLib: use_tslib=0, handle=0xa9a10, tsl=(nil), fd=0
[0x6] ButtonPowerUSBTask: Use tslib
[0x6] ButtonPowerUSBTask: tslib: ts_config failed
[0x6] LoadTSLib: use_tslib=0, handle=0xa9a40, tsl=(nil), fd=0
[0x6] ButtonPowerUSBTask: Use tslib
[0x6] ButtonPowerUSBTask: tslib: ts_config failed
[0x6] LoadTSLib: use_tslib=0, handle=0xa9a40, tsl=(nil), fd=0
[0x6] ButtonPowerUSBTask: Use tslib
[0x6] ButtonPowerUSBTask: tslib: ts_config failed
[0x6] LoadTSLib: use_tslib=0, handle=0xa9a10, tsl=(nil), fd=0
[0x6] ButtonPowerUSBTask: Use tslib
[0x6] ButtonPowerUSBTask: tslib: ts_config failed
[0x6] LoadTSLib: use_tslib=0, handle=0xa9c70, tsl=(nil), fd=0
[0x6] ButtonPowerUSBTask: Use tslib
[0x6] ButtonPowerUSBTask: tslib: ts_config failed
[0x6] LoadTSLib: use_tslib=0, handle=0xa9a40, tsl=(nil), fd=0
[0x6] ButtonPowerUSBTask: Use tslib
[0x6] ButtonPowerUSBTask: tslib: ts_config failed
[0x6] LoadTSLib: use_tslib=0, handle=0xa9a40, tsl=(nil), fd=0
[0x6] ButtonPowerUSBTask: Use tslib
[0x6] ButtonPowerUSBTask: tslib: ts_config failed
[0x6] LoadTSLib: use_tslib=0, handle=0xa9c70, tsl=(nil), fd=0
[0x6] ButtonPowerUSBTask: Use tslib
[0x6] ButtonPowerUSBTask: tslib: ts_config failed
[0x6] LoadTSLib: use_tslib=0, handle=0xa9a10, tsl=(nil), fd=0
[0x6] ButtonPowerUSBTask: Use tslib
[0x6] ButtonPowerUSBTask: tslib: ts_config failed
[0x6] LoadTSLib: use_tslib=0, handle=0xa9a40, tsl=(nil), fd=0
[0x6] ButtonPowerUSBTask: Use tslib
[0x6] ButtonPowerUSBTask: tslib: ts_config failed
[0x6] LoadTSLib: use_tslib=0, handle=0xa9a40, tsl=(nil), fd=0
[0x6] ButtonPowerUSBTask: Use tslib
[0x6] ButtonPowerUSBTask: tslib: ts_config failed
[0x6] LoadTSLib: use_tslib=0, handle=0xa9a10, tsl=(nil), fd=0
[0x6] ButtonPowerUSBTask: Use tslib
[0x6] ButtonPowerUSBTask: tslib: ts_config failed
[0x6] LoadTSLib: use_tslib=0, handle=0xa9c70, tsl=(nil), fd=0
[0x6] ButtonPowerUSBTask: Use tslib
[0x6] ButtonPowerUSBTask: tslib: ts_config failed
[0x6] LoadTSLib: use_tslib=0, handle=0xa9a40, tsl=(nil), fd=0
[0x6] ButtonPowerUSBTask: Use tslib
[0x6] ButtonPowerUSBTask: tslib: ts_config failed
[0x6] LoadTSLib: use_tslib=0, handle=0xa9a40, tsl=(nil), fd=0
[0x6] ButtonPowerUSBTask: Use tslib
[0x6] ButtonPowerUSBTask: tslib: ts_config failed
[0x6] LoadTSLib: use_tslib=0, handle=0xa9c70, tsl=(nil), fd=0
[0x6] ButtonPowerUSBTask: Use tslib
[0x6] ButtonPowerUSBTask: tslib: ts_config failed
[0x6] LoadTSLib: use_tslib=0, handle=0xa9a10, tsl=(nil), fd=0
[0x6] ButtonPowerUSBTask: Use tslib
[0x6] ButtonPowerUSBTask: tslib: ts_config failed
[0x6] LoadTSLib: use_tslib=0, handle=0xa9a40, tsl=(nil), fd=0
[0x6] ButtonPowerUSBTask: Use tslib
[0x6] ButtonPowerUSBTask: tslib: ts_config failed
[0x6] LoadTSLib: use_tslib=0, handle=0xa9c70, tsl=(nil), fd=0
[0x6] ButtonPowerUSBTask: Use tslib
[0x6] ButtonPowerUSBTask: tslib: ts_config failed
[0x6] LoadTSLib: use_tslib=0, handle=0xa9aa8, tsl=(nil), fd=0
[0x6] ButtonPowerUSBTask: Use tslib
[0x6] ButtonPowerUSBTask: tslib: ts_config failed
[0x6] LoadTSLib: use_tslib=0, handle=0xa9a10, tsl=(nil), fd=0
[0x6] ButtonPowerUSBTask: Use tslib
[0x6] ButtonPowerUSBTask: tslib: ts_config failed
[0x6] LoadTSLib: use_tslib=0, handle=0xa9de0, tsl=(nil), fd=0
[0x6] ButtonPowerUSBTask: Use tslib
[0x6] ButtonPowerUSBTask: tslib: ts_config failed
[0x6] LoadTSLib: use_tslib=0, handle=0xa9c70, tsl=(nil), fd=0
[0x6] ButtonPowerUSBTask: Use tslib
[0x6] ButtonPowerUSBTask: tslib: ts_config failed
[0x6] LoadTSLib: use_tslib=0, handle=0xa9de0, tsl=(nil), fd=0
[0x6] ButtonPowerUSBTask: Use tslib
[0x6] ButtonPowerUSBTask: tslib: ts_config failed
[0x6] LoadTSLib: use_tslib=0, handle=0xa9a10, tsl=(nil), fd=0
[0x6] ButtonPowerUSBTask: Use tslib
[0x6] ButtonPowerUSBTask: tslib: ts_config failed
[0x6] LoadTSLib: use_tslib=0, handle=0xa9de0, tsl=(nil), fd=0
[0x6] ButtonPowerUSBTask: Use tslib
[0x6] ButtonPowerUSBTask: tslib: ts_config failed
[0x6] LoadTSLib: use_tslib=0, handle=0xa9c70, tsl=(nil), fd=0
[0x6] ButtonPowerUSBTask: Use tslib
[0x6] ButtonPowerUSBTask: tslib: ts_config failed
[0x6] LoadTSLib: use_tslib=0, handle=0xa9de0, tsl=(nil), fd=0
[0x6] ButtonPowerUSBTask: Use tslib
[0x6] ButtonPowerUSBTask: tslib: ts_config failed
[0x6] LoadTSLib: use_tslib=0, handle=0xa9a10, tsl=(nil), fd=0
[0x6] ButtonPowerUSBTask: Use tslib
[0x6] ButtonPowerUSBTask: tslib: ts_config failed
[0x6] LoadTSLib: use_tslib=0, handle=0xa9de0, tsl=(nil), fd=0
[0x6] ButtonPowerUSBTask: Use tslib
[0x6] ButtonPowerUSBTask: tslib: ts_config failed
[0x6] LoadTSLib: use_tslib=0, handle=0xa9c70, tsl=(nil), fd=0
[0x6] ButtonPowerUSBTask: Use tslib
[0x6] ButtonPowerUSBTask: tslib: ts_config failed
[0x6] LoadTSLib: use_tslib=0, handle=0xa9de0, tsl=(nil), fd=0
[0x6] ButtonPowerUSBTask: Use tslib
[0x6] ButtonPowerUSBTask: tslib: ts_config failed
[0x6] LoadTSLib: use_tslib=0, handle=0xa9a10, tsl=(nil), fd=0
[0x6] ButtonPowerUSBTask: Use tslib
[0x6] ButtonPowerUSBTask: tslib: ts_config failed
[0x6] LoadTSLib: use_tslib=0, handle=0xa9de0, tsl=(nil), fd=0
[0x6] ButtonPowerUSBTask: Use tslib
[0x6] ButtonPowerUSBTask: tslib: ts_config failed
[0x6] LoadTSLib: use_tslib=0, handle=0xa9c70, tsl=(nil), fd=0
[0x6] ButtonPowerUSBTask: Use tslib
[0x6] ButtonPowerUSBTask: tslib: ts_config failed
[0x6] LoadTSLib: use_tslib=0, handle=0xa9de0, tsl=(nil), fd=0
[0x6] ButtonPowerUSBTask: Use tslib
[0x6] ButtonPowerUSBTask: tslib: ts_config failed
[0x6] LoadTSLib: use_tslib=0, handle=0xa9a10, tsl=(nil), fd=0
[0x6] ButtonPowerUSBTask: Use tslib
[0x6] ButtonPowerUSBTask: tslib: ts_config failed
[0x6] LoadTSLib: use_tslib=0, handle=0xa9de0, tsl=(nil), fd=0
[0x6] ButtonPowerUSBTask: Use tslib
[0x6] ButtonPowerUSBTask: tslib: ts_config failed
[0x6] LoadTSLib: use_tslib=0, handle=0xa9c70, tsl=(nil), fd=0
[0x6] ButtonPowerUSBTask: Use tslib
[0x6] ButtonPowerUSBTask: tslib: ts_config failed
[0x6] LoadTSLib: use_tslib=0, handle=0xa9de0, tsl=(nil), fd=0
[0x6] ButtonPowerUSBTask: Use tslib
[0x6] ButtonPowerUSBTask: tslib: ts_config failed
[0x6] LoadTSLib: use_tslib=0, handle=0xa9a10, tsl=(nil), fd=0
[0x6] ButtonPowerUSBTask: Use tslib
[0x6] ButtonPowerUSBTask: tslib: ts_config failed
[0x6] LoadTSLib: use_tslib=0, handle=0xa9de0, tsl=(nil), fd=0
[0x6] ButtonPowerUSBTask: Use tslib
[0x6] ButtonPowerUSBTask: tslib: ts_config failed
[0x6] LoadTSLib: use_tslib=0, handle=0xa9c70, tsl=(nil), fd=0
[0x6] ButtonPowerUSBTask: Use tslib
[0x6] ButtonPowerUSBTask: tslib: ts_config failed
[0x6] LoadTSLib: use_tslib=0, handle=0xa9de0, tsl=(nil), fd=0
[0x6] ButtonPowerUSBTask: Use tslib
[0x6] ButtonPowerUSBTask: tslib: ts_config failed
[0x6] LoadTSLib: use_tslib=0, handle=0xa9a10, tsl=(nil), fd=0
[0x6] ButtonPowerUSBTask: Use tslib
[0x6] ButtonPowerUSBTask: tslib: ts_config failed
[0x6] LoadTSLib: use_tslib=0, handle=0xa9de0, tsl=(nil), fd=0
[0x6] ButtonPowerUSBTask: Use tslib
[0x6] ButtonPowerUSBTask: tslib: ts_config failed
[0x6] LoadTSLib: use_tslib=0, handle=0xa9c70, tsl=(nil), fd=0
[0x6] ButtonPowerUSBTask: Use tslib
[0x6] ButtonPowerUSBTask: tslib: ts_config failed
[0x6] LoadTSLib: use_tslib=0, handle=0xa9de0, tsl=(nil), fd=0
[0x6] ButtonPowerUSBTask: Use tslib
[0x6] ButtonPowerUSBTask: tslib: ts_config failed
[0x6] LoadTSLib: use_tslib=0, handle=0xa9a10, tsl=(nil), fd=0
[0x6] ButtonPowerUSBTask: Use tslib
[0x6] ButtonPowerUSBTask: tslib: ts_config failed
[0x6] LoadTSLib: use_tslib=0, handle=0xa9de0, tsl=(nil), fd=0
[0x6] ButtonPowerUSBTask: Use tslib
[0x6] ButtonPowerUSBTask: tslib: ts_config failed
[0x6] LoadTSLib: use_tslib=0, handle=0xa9c70, tsl=(nil), fd=0
[0x6] ButtonPowerUSBTask: Use tslib
[0x6] ButtonPowerUSBTask: tslib: ts_config failed
[0x6] LoadTSLib: use_tslib=0, handle=0xa9de0, tsl=(nil), fd=0
[0x6] ButtonPowerUSBTask: Use tslib
[0x6] ButtonPowerUSBTask: tslib: ts_config failed
[0x6] LoadTSLib: use_tslib=0, handle=0xa9a10, tsl=(nil), fd=0
[0x6] ButtonPowerUSBTask: Use tslib
[0x6] ButtonPowerUSBTask: tslib: ts_config failed
[0x6] LoadTSLib: use_tslib=0, handle=0xa9de0, tsl=(nil), fd=0
[0x6] ButtonPowerUSBTask: Use tslib
[0x6] ButtonPowerUSBTask: tslib: ts_config failed
[0x6] LoadTSLib: use_tslib=0, handle=0xa9c70, tsl=(nil), fd=0
[0x6] ButtonPowerUSBTask: Use tslib
[0x6] ButtonPowerUSBTask: tslib: ts_config failed
[0x6] LoadTSLib: use_tslib=0, handle=0xa9de0, tsl=(nil), fd=0
[0x6] ButtonPowerUSBTask: Use tslib
[0x6] ButtonPowerUSBTask: tslib: ts_config failed
[0x6] LoadTSLib: use_tslib=0, handle=0xa9a10, tsl=(nil), fd=0
[0x6] ButtonPowerUSBTask: Use tslib
[0x6] ButtonPowerUSBTask: tslib: ts_config failed
[0x6] LoadTSLib: use_tslib=0, handle=0xa9de0, tsl=(nil), fd=0
[0x6] ButtonPowerUSBTask: Use tslib
[0x6] ButtonPowerUSBTask: tslib: ts_config failed
[0x6] LoadTSLib: use_tslib=0, handle=0xa9c70, tsl=(nil), fd=0
[0x6] ButtonPowerUSBTask: Use tslib
[0x6] ButtonPowerUSBTask: tslib: ts_config failed
[0x6] LoadTSLib: use_tslib=0, handle=0xa9de0, tsl=(nil), fd=0
[0x6] ButtonPowerUSBTask: Use tslib
[0x6] ButtonPowerUSBTask: tslib: ts_config failed
[0x6] LoadTSLib: use_tslib=0, handle=0xa9a10, tsl=(nil), fd=0
[0x6] ButtonPowerUSBTask: Use tslib
[0x6] ButtonPowerUSBTask: tslib: ts_config failed
[0x6] LoadTSLib: use_tslib=0, handle=0xa9de0, tsl=(nil), fd=0
[0x6] ButtonPowerUSBTask: Use tslib
[0x6] ButtonPowerUSBTask: tslib: ts_config failed
[0x6] LoadTSLib: use_tslib=0, handle=0xa9c70, tsl=(nil), fd=0
[0x6] ButtonPowerUSBTask: Use tslib
[0x6] ButtonPowerUSBTask: tslib: ts_config failed
[0x6] LoadTSLib: use_tslib=0, handle=0xa9de0, tsl=(nil), fd=0
[0x6] ButtonPowerUSBTask: Use tslib
[0x6] ButtonPowerUSBTask: tslib: ts_config failed
[0x6] LoadTSLib: use_tslib=0, handle=0xa9a10, tsl=(nil), fd=0
[0x6] ButtonPowerUSBTask: Use tslib
[0x6] ButtonPowerUSBTask: tslib: ts_config failed
[0x6] LoadTSLib: use_tslib=0, handle=0xa9de0, tsl=(nil), fd=0
[0x6] ButtonPowerUSBTask: Use tslib
[0x6] ButtonPowerUSBTask: tslib: ts_config failed
[0x6] LoadTSLib: use_tslib=0, handle=0xa9c70, tsl=(nil), fd=0
[0x6] ButtonPowerUSBTask: Use tslib
[0x6] ButtonPowerUSBTask: tslib: ts_config failed
[0x6] LoadTSLib: use_tslib=0, handle=0xa9de0, tsl=(nil), fd=0
[0x6] ButtonPowerUSBTask: Use tslib
[0x6] ButtonPowerUSBTask: tslib: ts_config failed
[0x6] LoadTSLib: use_tslib=0, handle=0xa9a10, tsl=(nil), fd=0
[0x6] ButtonPowerUSBTask: Use tslib
[0x6] ButtonPowerUSBTask: tslib: ts_config failed
[0x6] LoadTSLib: use_tslib=0, handle=0xa9de0, tsl=(nil), fd=0
[0x6] ButtonPowerUSBTask: Use tslib
[0x6] ButtonPowerUSBTask: tslib: ts_config failed
[0x6] LoadTSLib: use_tslib=0, handle=0xa9c70, tsl=(nil), fd=0
[0x6] ButtonPowerUSBTask: Use tslib
[0x6] ButtonPowerUSBTask: tslib: ts_config failed
[0x6] LoadTSLib: use_tslib=0, handle=0xa9de0, tsl=(nil), fd=0
[0x6] ButtonPowerUSBTask: Use tslib
[0x6] ButtonPowerUSBTask: tslib: ts_config failed
[0x6] LoadTSLib: use_tslib=0, handle=0xa9a10, tsl=(nil), fd=0
[0x6] ButtonPowerUSBTask: Use tslib
[0x6] ButtonPowerUSBTask: tslib: ts_config failed
[0x6] LoadTSLib: use_tslib=0, handle=0xa9de0, tsl=(nil), fd=0
[0x6] ButtonPowerUSBTask: Use tslib
[0x6] ButtonPowerUSBTask: tslib: ts_config failed
[0x6] LoadTSLib: use_tslib=0, handle=0xa9c70, tsl=(nil), fd=0
[0x6] ButtonPowerUSBTask: Use tslib
[0x6] ButtonPowerUSBTask: tslib: ts_config failed
[0x6] LoadTSLib: use_tslib=0, handle=0xa9de0, tsl=(nil), fd=0
[0x6] ButtonPowerUSBTask: Use tslib
[0x6] ButtonPowerUSBTask: tslib: ts_config failed
[0x6] LoadTSLib: use_tslib=0, handle=0xa9a10, tsl=(nil), fd=0
[0x6] ButtonPowerUSBTask: Use tslib
[0x6] ButtonPowerUSBTask: tslib: ts_config failed
[0x6] LoadTSLib: use_tslib=0, handle=0xa9de0, tsl=(nil), fd=0
[0x6] ButtonPowerUSBTask: Use tslib
[0x6] ButtonPowerUSBTask: tslib: ts_config failed
[0x6] LoadTSLib: use_tslib=0, handle=0xa9c70, tsl=(nil), fd=0
[0x6] ButtonPowerUSBTask: Use tslib
[0x6] ButtonPowerUSBTask: tslib: ts_config failed
[0x6] LoadTSLib: use_tslib=0, handle=0xa9de0, tsl=(nil), fd=0
[0x6] ButtonPowerUSBTask: Use tslib
[0x6] ButtonPowerUSBTask: tslib: ts_config failed
[0x6] LoadTSLib: use_tslib=0, handle=0xa9a10, tsl=(nil), fd=0
[0x6] ButtonPowerUSBTask: Use tslib
[0x6] ButtonPowerUSBTask: tslib: ts_config failed
[0x6] LoadTSLib: use_tslib=0, handle=0xa9de0, tsl=(nil), fd=0
[0x6] ButtonPowerUSBTask: Use tslib
[0x6] ButtonPowerUSBTask: tslib: ts_config failed
[0x6] LoadTSLib: use_tslib=0, handle=0xa9c70, tsl=(nil), fd=0
[0x6] ButtonPowerUSBTask: Use tslib
[0x6] ButtonPowerUSBTask: tslib: ts_config failed
[0x6] LoadTSLib: use_tslib=0, handle=0xa9de0, tsl=(nil), fd=0
[0x6] ButtonPowerUSBTask: Use tslib
[0x6] ButtonPowerUSBTask: tslib: ts_config failed
[0x6] LoadTSLib: use_tslib=0, handle=0xa9a10, tsl=(nil), fd=0
[0x6] ButtonPowerUSBTask: Use tslib
[0x6] ButtonPowerUSBTask: tslib: ts_config failed
[0x6] LoadTSLib: use_tslib=0, handle=0xa9de0, tsl=(nil), fd=0
[0x6] ButtonPowerUSBTask: Use tslib
[0x6] ButtonPowerUSBTask: tslib: ts_config failed
[0x6] LoadTSLib: use_tslib=0, handle=0xa9c70, tsl=(nil), fd=0
[0x6] ButtonPowerUSBTask: Use tslib
[0x6] ButtonPowerUSBTask: tslib: ts_config failed
[0x6] LoadTSLib: use_tslib=0, handle=0xa9de0, tsl=(nil), fd=0
[0x6] ButtonPowerUSBTask: Use tslib
[0x6] ButtonPowerUSBTask: tslib: ts_config failed
[0x6] LoadTSLib: use_tslib=0, handle=0xa9a10, tsl=(nil), fd=0
[0x6] ButtonPowerUSBTask: Use tslib
[0x6] ButtonPowerUSBTask: tslib: ts_config failed
[0x6] LoadTSLib: use_tslib=0, handle=0xa9de0, tsl=(nil), fd=0
[0x6] ButtonPowerUSBTask: Use tslib
[0x6] ButtonPowerUSBTask: tslib: ts_config failed
[0x6] LoadTSLib: use_tslib=0, handle=0xa9a40, tsl=(nil), fd=0
[0x6] ButtonPowerUSBTask: Use tslib
[0x6] ButtonPowerUSBTask: tslib: ts_config failed
[0x6] LoadTSLib: use_tslib=0, handle=0xa9a10, tsl=(nil), fd=0
[0x6] ButtonPowerUSBTask: Use tslib
[0x6] ButtonPowerUSBTask: tslib: ts_config failed
[0x6] LoadTSLib: use_tslib=0, handle=0xa9a10, tsl=(nil), fd=0
[0x6] ButtonPowerUSBTask: Use tslib
[0x6] ButtonPowerUSBTask: tslib: ts_config failed
[0x6] LoadTSLib: use_tslib=0, handle=0xa9a40, tsl=(nil), fd=0
[0x6] ButtonPowerUSBTask: Use tslib
[0x6] ButtonPowerUSBTask: tslib: ts_config failed
[0x6] LoadTSLib: use_tslib=0, handle=0xa9a40, tsl=(nil), fd=0
[0x6] ButtonPowerUSBTask: Use tslib
[0x6] ButtonPowerUSBTask: tslib: ts_config failed
[0x6] LoadTSLib: use_tslib=0, handle=0xa9a10, tsl=(nil), fd=0
[0x6] ButtonPowerUSBTask: Use tslib
[0x6] ButtonPowerUSBTask: tslib: ts_config failed
[0x6] LoadTSLib: use_tslib=0, handle=0xa9a10, tsl=(nil), fd=0
[0x6] ButtonPowerUSBTask: Use tslib
[0x6] ButtonPowerUSBTask: tslib: ts_config failed
[0x6] LoadTSLib: use_tslib=0, handle=0xa9a40, tsl=(nil), fd=0
[0x6] ButtonPowerUSBTask: Use tslib
[0x6] ButtonPowerUSBTask: tslib: ts_config failed
[0x6] LoadTSLib: use_tslib=0, handle=0xa9a40, tsl=(nil), fd=0
[0x6] ButtonPowerUSBTask: Use tslib
[0x6] ButtonPowerUSBTask: tslib: ts_config failed
[0x6] LoadTSLib: use_tslib=0, handle=0xa9a10, tsl=(nil), fd=0
[0x6] ButtonPowerUSBTask: Use tslib
[0x6] ButtonPowerUSBTask: tslib: ts_config failed
[0x6] LoadTSLib: use_tslib=0, handle=0xa9a10, tsl=(nil), fd=0
[0x6] ButtonPowerUSBTask: Use tslib
[0x6] ButtonPowerUSBTask: tslib: ts_config failed
[0x6] LoadTSLib: use_tslib=0, handle=0xa9a40, tsl=(nil), fd=0
[0x6] ButtonPowerUSBTask: Use tslib
[0x6] ButtonPowerUSBTask: tslib: ts_config failed
[0x6] LoadTSLib: use_tslib=0, handle=0xa9a40, tsl=(nil), fd=0
[0x6] ButtonPowerUSBTask: Use tslib
[0x6] ButtonPowerUSBTask: tslib: ts_config failed
[0x6] LoadTSLib: use_tslib=0, handle=0xa9a10, tsl=(nil), fd=0
[0x6] ButtonPowerUSBTask: Use tslib
[0x6] ButtonPowerUSBTask: tslib: ts_config failed
[0x6] LoadTSLib: use_tslib=0, handle=0xa9a10, tsl=(nil), fd=0
[0x6] ButtonPowerUSBTask: Use tslib
[0x6] ButtonPowerUSBTask: tslib: ts_config failed
[0x6] LoadTSLib: use_tslib=0, handle=0xa9a40, tsl=(nil), fd=0
[0x6] ButtonPowerUSBTask: Use tslib
[0x6] ButtonPowerUSBTask: tslib: ts_config failed
[0x6] LoadTSLib: use_tslib=0, handle=0xa9a40, tsl=(nil), fd=0
[0x6] ButtonPowerUSBTask: Use tslib
[0x6] ButtonPowerUSBTask: tslib: ts_config failed
[0x6] LoadTSLib: use_tslib=0, handle=0xa9a10, tsl=(nil), fd=0
[0x6] ButtonPowerUSBTask: Use tslib
[0x6] ButtonPowerUSBTask: tslib: ts_config failed
[0x6] LoadTSLib: use_tslib=0, handle=0xa9a10, tsl=(nil), fd=0
[0x6] ButtonPowerUSBTask: Use tslib
[0x6] ButtonPowerUSBTask: tslib: ts_config failed
[0x6] LoadTSLib: use_tslib=0, handle=0xa9a40, tsl=(nil), fd=0
[0x6] ButtonPowerUSBTask: Use tslib
[0x6] ButtonPowerUSBTask: tslib: ts_config failed
[0x6] LoadTSLib: use_tslib=0, handle=0xa9a40, tsl=(nil), fd=0
[0x6] ButtonPowerUSBTask: Use tslib
[0x6] ButtonPowerUSBTask: tslib: ts_config failed
[0x6] LoadTSLib: use_tslib=0, handle=0xa9a10, tsl=(nil), fd=0
[0x6] ButtonPowerUSBTask: Use tslib
[0x6] ButtonPowerUSBTask: tslib: ts_config failed
[0x6] LoadTSLib: use_tslib=0, handle=0xa9a10, tsl=(nil), fd=0
[0x6] ButtonPowerUSBTask: Use tslib
[0x6] ButtonPowerUSBTask: tslib: ts_config failed
[0x6] LoadTSLib: use_tslib=0, handle=0xa9a40, tsl=(nil), fd=0
[0x6] ButtonPowerUSBTask: Use tslib
[0x6] ButtonPowerUSBTask: tslib: ts_config failed
[0x6] LoadTSLib: use_tslib=0, handle=0xa9a40, tsl=(nil), fd=0
[0x6] ButtonPowerUSBTask: Use tslib
[0x6] ButtonPowerUSBTask: tslib: ts_config failed
[0x6] LoadTSLib: use_tslib=0, handle=0xa9a10, tsl=(nil), fd=0
[0x6] ButtonPowerUSBTask: Use tslib
[0x6] ButtonPowerUSBTask: tslib: ts_config failed
[0x6] LoadTSLib: use_tslib=0, handle=0xa9a10, tsl=(nil), fd=0
[0x6] ButtonPowerUSBTask: Use tslib
[0x6] ButtonPowerUSBTask: tslib: ts_config failed
[0x6] LoadTSLib: use_tslib=0, handle=0xa9a40, tsl=(nil), fd=0
[0x6] ButtonPowerUSBTask: Use tslib
[0x6] ButtonPowerUSBTask: tslib: ts_config failed
[0x6] LoadTSLib: use_tslib=0, handle=0xa9a40, tsl=(nil), fd=0
[0x6] ButtonPowerUSBTask: Use tslib
[0x6] ButtonPowerUSBTask: tslib: ts_config failed
[0x6] LoadTSLib: use_tslib=0, handle=0xa9a10, tsl=(nil), fd=0
[0x6] ButtonPowerUSBTask: Use tslib
[0x6] ButtonPowerUSBTask: tslib: ts_config failed
[0x6] LoadTSLib: use_tslib=0, handle=0xa9a10, tsl=(nil), fd=0
[0x6] ButtonPowerUSBTask: Use tslib
[0x6] ButtonPowerUSBTask: tslib: ts_config failed
[0x6] LoadTSLib: use_tslib=0, handle=0xa9a40, tsl=(nil), fd=0
[0x6] ButtonPowerUSBTask: Use tslib
[0x6] ButtonPowerUSBTask: tslib: ts_config failed
[0x6] LoadTSLib: use_tslib=0, handle=0xa9a40, tsl=(nil), fd=0
[0x6] ButtonPowerUSBTask: Use tslib
[0x6] ButtonPowerUSBTask: tslib: ts_config failed
[0x6] LoadTSLib: use_tslib=0, handle=0xa9a10, tsl=(nil), fd=0
[0x6] ButtonPowerUSBTask: Use tslib
[0x6] ButtonPowerUSBTask: tslib: ts_config failed
[0x6] LoadTSLib: use_tslib=0, handle=0xa9a10, tsl=(nil), fd=0
[0x6] ButtonPowerUSBTask: Use tslib
[0x6] ButtonPowerUSBTask: tslib: ts_config failed
[0x6] LoadTSLib: use_tslib=0, handle=0xa9a40, tsl=(nil), fd=0
[0x6] ButtonPowerUSBTask: Use tslib
[0x6] ButtonPowerUSBTask: tslib: ts_config failed
[0x6] LoadTSLib: use_tslib=0, handle=0xa9a40, tsl=(nil), fd=0
[0x6] ButtonPowerUSBTask: Use tslib
[0x6] ButtonPowerUSBTask: tslib: ts_config failed
[0x6] LoadTSLib: use_tslib=0, handle=0xa9a10, tsl=(nil), fd=0
[0x6] ButtonPowerUSBTask: Use tslib
[0x6] ButtonPowerUSBTask: tslib: ts_config failed
[0x6] LoadTSLib: use_tslib=0, handle=0xa9a10, tsl=(nil), fd=0
[0x6] ButtonPowerUSBTask: Use tslib
[0x6] ButtonPowerUSBTask: tslib: ts_config failed
[0x6] LoadTSLib: use_tslib=0, handle=0xa9a40, tsl=(nil), fd=0
[0x6] ButtonPowerUSBTask: Use tslib
[0x6] ButtonPowerUSBTask: tslib: ts_config failed
[0x6] LoadTSLib: use_tslib=0, handle=0xa9a40, tsl=(nil), fd=0
[0x6] ButtonPowerUSBTask: Use tslib
[0x6] ButtonPowerUSBTask: tslib: ts_config failed
[0x6] LoadTSLib: use_tslib=0, handle=0xa9a10, tsl=(nil), fd=0
[0x6] ButtonPowerUSBTask: Use tslib
[0x6] ButtonPowerUSBTask: tslib: ts_config failed
[0x6] LoadTSLib: use_tslib=0, handle=0xa9a10, tsl=(nil), fd=0
[0x6] ButtonPowerUSBTask: Use tslib
[0x6] ButtonPowerUSBTask: tslib: ts_config failed
[0x6] LoadTSLib: use_tslib=0, handle=0xa9a40, tsl=(nil), fd=0
[0x6] ButtonPowerUSBTask: Use tslib
[0x6] ButtonPowerUSBTask: tslib: ts_config failed
[0x6] LoadTSLib: use_tslib=0, handle=0xa9a40, tsl=(nil), fd=0
[0x6] ButtonPowerUSBTask: Use tslib
[0x6] ButtonPowerUSBTask: tslib: ts_config failed
[0x6] LoadTSLib: use_tslib=0, handle=0xa9a10, tsl=(nil), fd=0
[0x6] ButtonPowerUSBTask: Use tslib
[0x6] ButtonPowerUSBTask: tslib: ts_config failed
[0x6] LoadTSLib: use_tslib=0, handle=0xa9a10, tsl=(nil), fd=0
[0x6] ButtonPowerUSBTask: Use tslib
[0x6] ButtonPowerUSBTask: tslib: ts_config failed
[0x6] LoadTSLib: use_tslib=0, handle=0xa9a40, tsl=(nil), fd=0
[0x6] ButtonPowerUSBTask: Use tslib
[0x6] ButtonPowerUSBTask: tslib: ts_config failed
[0x6] LoadTSLib: use_tslib=0, handle=0xa9a40, tsl=(nil), fd=0
[0x6] ButtonPowerUSBTask: Use tslib
[0x6] ButtonPowerUSBTask: tslib: ts_config failed
[0x6] LoadTSLib: use_tslib=0, handle=0xa9a10, tsl=(nil), fd=0
[0x6] ButtonPowerUSBTask: Use tslib
[0x6] ButtonPowerUSBTask: tslib: ts_config failed
[0x6] LoadTSLib: use_tslib=0, handle=0xa9a10, tsl=(nil), fd=0
[0x6] ButtonPowerUSBTask: Use tslib
[0x6] ButtonPowerUSBTask: tslib: ts_config failed
[0x6] LoadTSLib: use_tslib=0, handle=0xa9a40, tsl=(nil), fd=0
[0x6] ButtonPowerUSBTask: Use tslib
[0x6] ButtonPowerUSBTask: tslib: ts_config failed
[0x6] LoadTSLib: use_tslib=0, handle=0x814a0, tsl=(nil), fd=0
[0x6] ButtonPowerUSBTask: Use tslib
[0x6] ButtonPowerUSBTask: tslib: ts_config failed
[0x6] LoadTSLib: use_tslib=0, handle=0x814a0, tsl=(nil), fd=0
[0x6] ButtonPowerUSBTask: Use tslib
[0x6] ButtonPowerUSBTask: tslib: ts_config failed
[0x6] LoadTSLib: use_tslib=0, handle=0x1ee50, tsl=(nil), fd=0
[0x6] ButtonPowerUSBTask: Use tslib
[0x6] ButtonPowerUSBTask: tslib: ts_config failed
[0x6] LoadTSLib: use_tslib=0, handle=0x814a0, tsl=(nil), fd=0
[0x6] ButtonPowerUSBTask: Use tslib
[0x6] ButtonPowerUSBTask: tslib: ts_config failed
[0x6] LoadTSLib: use_tslib=0, handle=0x7f3d8, tsl=(nil), fd=0
[0x6] ButtonPowerUSBTask: Use tslib
[0x6] ButtonPowerUSBTask: tslib: ts_config failed
[0x6] LoadTSLib: use_tslib=0, handle=0x814a0, tsl=(nil), fd=0
[0x6] ButtonPowerUSBTask: Use tslib
[0x6] ButtonPowerUSBTask: tslib: ts_config failed
[0x6] LoadTSLib: use_tslib=0, handle=0x1ee50, tsl=(nil), fd=0
[0x6] ButtonPowerUSBTask: Use tslib
[0x6] ButtonPowerUSBTask: tslib: ts_config failed
[0x6] LoadTSLib: use_tslib=0, handle=0x814a0, tsl=(nil), fd=0
[0x6] ButtonPowerUSBTask: Use tslib
[0x6] ButtonPowerUSBTask: tslib: ts_config failed
[0x6] LoadTSLib: use_tslib=0, handle=0x7f3d8, tsl=(nil), fd=0
[0x6] ButtonPowerUSBTask: Use tslib
[0x6] ButtonPowerUSBTask: tslib: ts_config failed
[0x6] LoadTSLib: use_tslib=0, handle=0x814a0, tsl=(nil), fd=0
[0x6] ButtonPowerUSBTask: Use tslib
[0x6] ButtonPowerUSBTask: tslib: ts_config failed
[0x6] LoadTSLib: use_tslib=0, handle=0x1ee50, tsl=(nil), fd=0
[0x6] ButtonPowerUSBTask: Use tslib
[0x6] ButtonPowerUSBTask: tslib: ts_config failed
[0x6] LoadTSLib: use_tslib=0, handle=0x814a0, tsl=(nil), fd=0
[0x6] ButtonPowerUSBTask: Use tslib
[0x6] ButtonPowerUSBTask: tslib: ts_config failed
[0x6] LoadTSLib: use_tslib=0, handle=0x7f3d8, tsl=(nil), fd=0
[0x6] ButtonPowerUSBTask: Use tslib
[0x6] ButtonPowerUSBTask: tslib: ts_config failed
[0x6] LoadTSLib: use_tslib=0, handle=0x814a0, tsl=(nil), fd=0
[0x6] ButtonPowerUSBTask: Use tslib
[0x6] ButtonPowerUSBTask: tslib: ts_config failed
[0x6] LoadTSLib: use_tslib=0, handle=0x1ee50, tsl=(nil), fd=0
[0x6] ButtonPowerUSBTask: Use tslib
[0x6] ButtonPowerUSBTask: tslib: ts_config failed
[0x6] LoadTSLib: use_tslib=0, handle=0x814a0, tsl=(nil), fd=0
[0x6] ButtonPowerUSBTask: Use tslib
[0x6] ButtonPowerUSBTask: tslib: ts_config failed
[0x6] LoadTSLib: use_tslib=0, handle=0x7f3d8, tsl=(nil), fd=0
[0x6] ButtonPowerUSBTask: Use tslib
[0x6] ButtonPowerUSBTask: tslib: ts_config failed
[0x6] LoadTSLib: use_tslib=0, handle=0x814a0, tsl=(nil), fd=0
[0x6] ButtonPowerUSBTask: Use tslib
[0x6] ButtonPowerUSBTask: tslib: ts_config failed
[0x6] LoadTSLib: use_tslib=0, handle=0x1ee50, tsl=(nil), fd=0
[0x6] ButtonPowerUSBTask: Use tslib
[0x6] ButtonPowerUSBTask: tslib: ts_config failed
[0x6] LoadTSLib: use_tslib=0, handle=0x814a0, tsl=(nil), fd=0
[0x6] ButtonPowerUSBTask: Use tslib
[0x6] ButtonPowerUSBTask: tslib: ts_config failed
[0x6] LoadTSLib: use_tslib=0, handle=0x7f3d8, tsl=(nil), fd=0
[0x6] ButtonPowerUSBTask: Use tslib
[0x6] ButtonPowerUSBTask: tslib: ts_config failed
[0x6] LoadTSLib: use_tslib=0, handle=0x814a0, tsl=(nil), fd=0
[0x6] ButtonPowerUSBTask: Use tslib
[0x6] ButtonPowerUSBTask: tslib: ts_config failed
[0x6] LoadTSLib: use_tslib=0, handle=0x1ee50, tsl=(nil), fd=0
[0x6] ButtonPowerUSBTask: Use tslib
[0x6] ButtonPowerUSBTask: tslib: ts_config failed
[0x6] LoadTSLib: use_tslib=0, handle=0x814a0, tsl=(nil), fd=0
[0x6] ButtonPowerUSBTask: Use tslib
[0x6] ButtonPowerUSBTask: tslib: ts_config failed
[0x6] LoadTSLib: use_tslib=0, handle=0x7f3d8, tsl=(nil), fd=0
[0x6] ButtonPowerUSBTask: Use tslib
[0x6] ButtonPowerUSBTask: tslib: ts_config failed
[0x6] LoadTSLib: use_tslib=0, handle=0x814a0, tsl=(nil), fd=0
[0x6] ButtonPowerUSBTask: Use tslib
[0x6] ButtonPowerUSBTask: tslib: ts_config failed
[0x6] LoadTSLib: use_tslib=0, handle=0x1ee50, tsl=(nil), fd=0
[0x6] ButtonPowerUSBTask: Use tslib
[0x6] ButtonPowerUSBTask: tslib: ts_config failed
[0x6] LoadTSLib: use_tslib=0, handle=0x814a0, tsl=(nil), fd=0
[0x6] ButtonPowerUSBTask: Use tslib
[0x6] ButtonPowerUSBTask: tslib: ts_config failed
[0x6] LoadTSLib: use_tslib=0, handle=0x7f3d8, tsl=(nil), fd=0
[0x6] ButtonPowerUSBTask: Use tslib
[0x6] ButtonPowerUSBTask: tslib: ts_config failed
[0x6] LoadTSLib: use_tslib=0, handle=0x814a0, tsl=(nil), fd=0
[0x6] ButtonPowerUSBTask: Use tslib
[0x6] ButtonPowerUSBTask: tslib: ts_config failed
[0x6] LoadTSLib: use_tslib=0, handle=0x1ee50, tsl=(nil), fd=0
[0x6] ButtonPowerUSBTask: Use tslib
[0x6] ButtonPowerUSBTask: tslib: ts_config failed
[0x6] LoadTSLib: use_tslib=0, handle=0x814a0, tsl=(nil), fd=0
[0x6] ButtonPowerUSBTask: Use tslib
[0x6] ButtonPowerUSBTask: tslib: ts_config failed
[0x6] LoadTSLib: use_tslib=0, handle=0x193510, tsl=(nil), fd=0
[0x6] ButtonPowerUSBTask: Use tslib
[0x6] ButtonPowerUSBTask: tslib: ts_config failed
[0x6] LoadTSLib: use_tslib=0, handle=0x814a0, tsl=(nil), fd=0
[0x6] ButtonPowerUSBTask: Use tslib
[0x6] ButtonPowerUSBTask: tslib: ts_config failed
[0x6] LoadTSLib: use_tslib=0, handle=0x7f3d8, tsl=(nil), fd=0
[0x6] ButtonPowerUSBTask: Use tslib
[0x6] ButtonPowerUSBTask: tslib: ts_config failed
[0x6] LoadTSLib: use_tslib=0, handle=0x814a0, tsl=(nil), fd=0
[0x6] ButtonPowerUSBTask: Use tslib
[0x6] ButtonPowerUSBTask: tslib: ts_config failed
[0x6] LoadTSLib: use_tslib=0, handle=0x1ee50, tsl=(nil), fd=0
[0x6] ButtonPowerUSBTask: Use tslib
[0x6] ButtonPowerUSBTask: tslib: ts_config failed
[0x6] LoadTSLib: use_tslib=0, handle=0x814a0, tsl=(nil), fd=0
[0x6] ButtonPowerUSBTask: Use tslib
[0x6] ButtonPowerUSBTask: tslib: ts_config failed
[0x6] LoadTSLib: use_tslib=0, handle=0x7f3d8, tsl=(nil), fd=0
[0x6] ButtonPowerUSBTask: Use tslib
[0x6] ButtonPowerUSBTask: tslib: ts_config failed
[0x6] LoadTSLib: use_tslib=0, handle=0x814a0, tsl=(nil), fd=0
[0x6] ButtonPowerUSBTask: Use tslib
[0x6] ButtonPowerUSBTask: tslib: ts_config failed
[0x6] LoadTSLib: use_tslib=0, handle=0x1ee50, tsl=(nil), fd=0
[0x6] ButtonPowerUSBTask: Use tslib
[0x6] ButtonPowerUSBTask: tslib: ts_config failed
[0x6] LoadTSLib: use_tslib=0, handle=0x814a0, tsl=(nil), fd=0
[0x6] ButtonPowerUSBTask: Use tslib
[0x6] ButtonPowerUSBTask: tslib: ts_config failed
[0x6] LoadTSLib: use_tslib=0, handle=0x7f3d8, tsl=(nil), fd=0
[0x6] ButtonPowerUSBTask: Use tslib
[0x6] ButtonPowerUSBTask: tslib: ts_config failed
[0x6] LoadTSLib: use_tslib=0, handle=0x814a0, tsl=(nil), fd=0
[0x6] ButtonPowerUSBTask: Use tslib
[0x6] ButtonPowerUSBTask: tslib: ts_config failed
[0x6] LoadTSLib: use_tslib=0, handle=0x1ee50, tsl=(nil), fd=0
[0x6] ButtonPowerUSBTask: Use tslib
[0x6] ButtonPowerUSBTask: tslib: ts_config failed
[0x6] LoadTSLib: use_tslib=0, handle=0x814a0, tsl=(nil), fd=0
[0x6] ButtonPowerUSBTask: Use tslib
[0x6] ButtonPowerUSBTask: tslib: ts_config failed
[0x6] LoadTSLib: use_tslib=0, handle=0x7f3d8, tsl=(nil), fd=0
[0x6] ButtonPowerUSBTask: Use tslib
[0x6] ButtonPowerUSBTask: tslib: ts_config failed
[0x6] LoadTSLib: use_tslib=0, handle=0x814a0, tsl=(nil), fd=0
[0x6] ButtonPowerUSBTask: Use tslib
[0x6] ButtonPowerUSBTask: tslib: ts_config failed
[0x6] LoadTSLib: use_tslib=0, handle=0x1ee50, tsl=(nil), fd=0
[0x6] ButtonPowerUSBTask: Use tslib
[0x6] ButtonPowerUSBTask: tslib: ts_config failed
[0x6] LoadTSLib: use_tslib=0, handle=0x814a0, tsl=(nil), fd=0
[0x6] ButtonPowerUSBTask: Use tslib
[0x6] ButtonPowerUSBTask: tslib: ts_config failed
[0x6] LoadTSLib: use_tslib=0, handle=0x7f3d8, tsl=(nil), fd=0
[0x6] ButtonPowerUSBTask: Use tslib
[0x6] ButtonPowerUSBTask: tslib: ts_config failed
[0x6] LoadTSLib: use_tslib=0, handle=0x814a0, tsl=(nil), fd=0
[0x6] ButtonPowerUSBTask: Use tslib
[0x6] ButtonPowerUSBTask: tslib: ts_config failed
[0x6] LoadTSLib: use_tslib=0, handle=0x1ee50, tsl=(nil), fd=0
[0x6] ButtonPowerUSBTask: Use tslib
[0x6] ButtonPowerUSBTask: tslib: ts_config failed
[0x6] LoadTSLib: use_tslib=0, handle=0x814a0, tsl=(nil), fd=0
[0x6] ButtonPowerUSBTask: Use tslib
[0x6] ButtonPowerUSBTask: tslib: ts_config failed
[0x6] LoadTSLib: use_tslib=0, handle=0x7f3d8, tsl=(nil), fd=0
[0x6] ButtonPowerUSBTask: Use tslib
[0x6] ButtonPowerUSBTask: tslib: ts_config failed
[0x6] LoadTSLib: use_tslib=0, handle=0x814a0, tsl=(nil), fd=0
[0x6] ButtonPowerUSBTask: Use tslib
[0x6] ButtonPowerUSBTask: tslib: ts_config failed
[0x6] LoadTSLib: use_tslib=0, handle=0x1ee50, tsl=(nil), fd=0
[0x6] ButtonPowerUSBTask: Use tslib
[0x6] ButtonPowerUSBTask: tslib: ts_config failed
[0x6] LoadTSLib: use_tslib=0, handle=0x814a0, tsl=(nil), fd=0
[0x6] ButtonPowerUSBTask: Use tslib
[0x6] ButtonPowerUSBTask: tslib: ts_config failed
[0x6] LoadTSLib: use_tslib=0, handle=0x7f3d8, tsl=(nil), fd=0
[0x6] ButtonPowerUSBTask: Use tslib
[0x6] ButtonPowerUSBTask: tslib: ts_config failed
[0x6] LoadTSLib: use_tslib=0, handle=0x814a0, tsl=(nil), fd=0
[0x6] ButtonPowerUSBTask: Use tslib
[0x6] ButtonPowerUSBTask: tslib: ts_config failed
[0x6] LoadTSLib: use_tslib=0, handle=0x1ee50, tsl=(nil), fd=0
[0x6] ButtonPowerUSBTask: Use tslib
[0x6] ButtonPowerUSBTask: tslib: ts_config failed
[0x6] LoadTSLib: use_tslib=0, handle=0x814a0, tsl=(nil), fd=0
[0x6] ButtonPowerUSBTask: Use tslib
[0x6] ButtonPowerUSBTask: tslib: ts_config failed
[0x6] LoadTSLib: use_tslib=0, handle=0x7f3d8, tsl=(nil), fd=0
[0x6] ButtonPowerUSBTask: Use tslib
[0x6] ButtonPowerUSBTask: tslib: ts_config failed
[0x6] LoadTSLib: use_tslib=0, handle=0x814a0, tsl=(nil), fd=0
[0x6] ButtonPowerUSBTask: Use tslib
[0x6] ButtonPowerUSBTask: tslib: ts_config failed
[0x6] LoadTSLib: use_tslib=0, handle=0x1ee50, tsl=(nil), fd=0
[0x6] ButtonPowerUSBTask: Use tslib
[0x6] ButtonPowerUSBTask: tslib: ts_config failed
[0x6] LoadTSLib: use_tslib=0, handle=0x814a0, tsl=(nil), fd=0
[0x6] ButtonPowerUSBTask: Use tslib
[0x6] ButtonPowerUSBTask: tslib: ts_config failed
[0x6] LoadTSLib: use_tslib=0, handle=0x7f3d8, tsl=(nil), fd=0
[0x6] ButtonPowerUSBTask: Use tslib
[0x6] ButtonPowerUSBTask: tslib: ts_config failed
[0x6] LoadTSLib: use_tslib=0, handle=0x814a0, tsl=(nil), fd=0
[0x6] ButtonPowerUSBTask: Use tslib
[0x6] ButtonPowerUSBTask: tslib: ts_config failed
[0x6] LoadTSLib: use_tslib=0, handle=0x1ee50, tsl=(nil), fd=0
[0x6] ButtonPowerUSBTask: Use tslib
[0x6] ButtonPowerUSBTask: tslib: ts_config failed
[0x6] LoadTSLib: use_tslib=0, handle=0x814a0, tsl=(nil), fd=0
[0x6] ButtonPowerUSBTask: Use tslib
[0x6] ButtonPowerUSBTask: tslib: ts_config failed
[0x6] LoadTSLib: use_tslib=0, handle=0x7f3d8, tsl=(nil), fd=0
[0x6] ButtonPowerUSBTask: Use tslib
[0x6] ButtonPowerUSBTask: tslib: ts_config failed
[0x6] LoadTSLib: use_tslib=0, handle=0x814a0, tsl=(nil), fd=0
[0x6] ButtonPowerUSBTask: Use tslib
[0x6] ButtonPowerUSBTask: tslib: ts_config failed
[0x6] LoadTSLib: use_tslib=0, handle=0x1ee50, tsl=(nil), fd=0
[0x6] ButtonPowerUSBTask: Use tslib
[0x6] ButtonPowerUSBTask: tslib: ts_config failed
[0x6] LoadTSLib: use_tslib=0, handle=0x814a0, tsl=(nil), fd=0
[0x6] ButtonPowerUSBTask: Use tslib
[0x6] ButtonPowerUSBTask: tslib: ts_config failed
[0x6] LoadTSLib: use_tslib=0, handle=0x7f3d8, tsl=(nil), fd=0
[0x6] ButtonPowerUSBTask: Use tslib
[0x6] ButtonPowerUSBTask: tslib: ts_config failed
[0x6] LoadTSLib: use_tslib=0, handle=0x814a0, tsl=(nil), fd=0
[0x6] ButtonPowerUSBTask: Use tslib
[0x6] ButtonPowerUSBTask: tslib: ts_config failed
[0x6] LoadTSLib: use_tslib=0, handle=0x1ee50, tsl=(nil), fd=0
[0x6] ButtonPowerUSBTask: Use tslib
[0x6] ButtonPowerUSBTask: tslib: ts_config failed
[0x6] LoadTSLib: use_tslib=0, handle=0x814a0, tsl=(nil), fd=0
[0x6] ButtonPowerUSBTask: Use tslib
[0x6] ButtonPowerUSBTask: tslib: ts_config failed
[0x6] LoadTSLib: use_tslib=0, handle=0x7f3d8, tsl=(nil), fd=0
[0x6] ButtonPowerUSBTask: Use tslib
[0x6] ButtonPowerUSBTask: tslib: ts_config failed
[0x6] LoadTSLib: use_tslib=0, handle=0x814a0, tsl=(nil), fd=0
[0x6] ButtonPowerUSBTask: Use tslib
[0x6] ButtonPowerUSBTask: tslib: ts_config failed
[0x6] LoadTSLib: use_tslib=0, handle=0x1ee50, tsl=(nil), fd=0
[0x6] ButtonPowerUSBTask: Use tslib
[0x6] ButtonPowerUSBTask: tslib: ts_config failed
[0x6] LoadTSLib: use_tslib=0, handle=0x814a0, tsl=(nil), fd=0
[0x6] ButtonPowerUSBTask: Use tslib
[0x6] ButtonPowerUSBTask: tslib: ts_config failed
[0x6] LoadTSLib: use_tslib=0, handle=0x7f3d8, tsl=(nil), fd=0
[0x6] ButtonPowerUSBTask: Use tslib
[0x6] ButtonPowerUSBTask: tslib: ts_config failed
[0x6] LoadTSLib: use_tslib=0, handle=0x814a0, tsl=(nil), fd=0
[0x6] ButtonPowerUSBTask: Use tslib
[0x6] ButtonPowerUSBTask: tslib: ts_config failed
[0x6] LoadTSLib: use_tslib=0, handle=0x1ee50, tsl=(nil), fd=0
[0x6] ButtonPowerUSBTask: Use tslib
[0x6] ButtonPowerUSBTask: tslib: ts_config failed
[0x6] LoadTSLib: use_tslib=0, handle=0x814a0, tsl=(nil), fd=0
[0x6] ButtonPowerUSBTask: Use tslib
[0x6] ButtonPowerUSBTask: tslib: ts_config failed
[0x6] LoadTSLib: use_tslib=0, handle=0x7f3d8, tsl=(nil), fd=0
[0x6] ButtonPowerUSBTask: Use tslib
[0x6] ButtonPowerUSBTask: tslib: ts_config failed
[0x6] LoadTSLib: use_tslib=0, handle=0x814a0, tsl=(nil), fd=0
[0x6] ButtonPowerUSBTask: Use tslib
[0x6] ButtonPowerUSBTask: tslib: ts_config failed
[0x6] LoadTSLib: use_tslib=0, handle=0x1ee50, tsl=(nil), fd=0
[0x6] ButtonPowerUSBTask: Use tslib
[0x6] ButtonPowerUSBTask: tslib: ts_config failed
[0x6] LoadTSLib: use_tslib=0, handle=0x814a0, tsl=(nil), fd=0
[0x6] ButtonPowerUSBTask: Use tslib
[0x6] ButtonPowerUSBTask: tslib: ts_config failed
[0x6] LoadTSLib: use_tslib=0, handle=0x7f3d8, tsl=(nil), fd=0
[0x6] ButtonPowerUSBTask: Use tslib
[0x6] ButtonPowerUSBTask: tslib: ts_config failed
[0x6] LoadTSLib: use_tslib=0, handle=0x814a0, tsl=(nil), fd=0
[0x6] ButtonPowerUSBTask: Use tslib
[0x6] ButtonPowerUSBTask: tslib: ts_config failed
[0x6] LoadTSLib: use_tslib=0, handle=0x1ee50, tsl=(nil), fd=0
[0x6] ButtonPowerUSBTask: Use tslib
[0x6] ButtonPowerUSBTask: tslib: ts_config failed
[0x6] LoadTSLib: use_tslib=0, handle=0x814a0, tsl=(nil), fd=0
[0x6] ButtonPowerUSBTask: Use tslib
[0x6] ButtonPowerUSBTask: tslib: ts_config failed
[0x6] LoadTSLib: use_tslib=0, handle=0x7f3d8, tsl=(nil), fd=0
[0x6] ButtonPowerUSBTask: Use tslib
[0x6] ButtonPowerUSBTask: tslib: ts_config failed
[0x6] LoadTSLib: use_tslib=0, handle=0x814a0, tsl=(nil), fd=0
[0x6] ButtonPowerUSBTask: Use tslib
[0x6] ButtonPowerUSBTask: tslib: ts_config failed
[0x6] LoadTSLib: use_tslib=0, handle=0x1ee50, tsl=(nil), fd=0
[0x6] ButtonPowerUSBTask: Use tslib
[0x6] ButtonPowerUSBTask: tslib: ts_config failed
[0x6] LoadTSLib: use_tslib=0, handle=0x814a0, tsl=(nil), fd=0
[0x6] ButtonPowerUSBTask: Use tslib
[0x6] ButtonPowerUSBTask: tslib: ts_config failed
[0x6] LoadTSLib: use_tslib=0, handle=0x7f3d8, tsl=(nil), fd=0
[0x6] ButtonPowerUSBTask: Use tslib
[0x6] ButtonPowerUSBTask: tslib: ts_config failed
[0x6] LoadTSLib: use_tslib=0, handle=0x814a0, tsl=(nil), fd=0
[0x6] ButtonPowerUSBTask: Use tslib
[0x6] ButtonPowerUSBTask: tslib: ts_config failed
[0x6] LoadTSLib: use_tslib=0, handle=0x1ee50, tsl=(nil), fd=0
[0x6] ButtonPowerUSBTask: Use tslib
[0x6] ButtonPowerUSBTask: tslib: ts_config failed
[0x6] LoadTSLib: use_tslib=0, handle=0x814a0, tsl=(nil), fd=0
[0x6] ButtonPowerUSBTask: Use tslib
[0x6] ButtonPowerUSBTask: tslib: ts_config failed
[0x6] LoadTSLib: use_tslib=0, handle=0x7f3d8, tsl=(nil), fd=0
[0x6] ButtonPowerUSBTask: Use tslib
[0x6] ButtonPowerUSBTask: tslib: ts_config failed
[0x6] LoadTSLib: use_tslib=0, handle=0x814a0, tsl=(nil), fd=0
[0x6] ButtonPowerUSBTask: Use tslib
[0x6] ButtonPowerUSBTask: tslib: ts_config failed
[0x6] LoadTSLib: use_tslib=0, handle=0x1ee50, tsl=(nil), fd=0
[0x6] ButtonPowerUSBTask: Use tslib
[0x6] ButtonPowerUSBTask: tslib: ts_config failed
[0x6] LoadTSLib: use_tslib=0, handle=0x814a0, tsl=(nil), fd=0
[0x6] ButtonPowerUSBTask: Use tslib
[0x6] ButtonPowerUSBTask: tslib: ts_config failed
[0x6] LoadTSLib: use_tslib=0, handle=0x7f3d8, tsl=(nil), fd=0
[0x6] ButtonPowerUSBTask: Use tslib
[0x6] ButtonPowerUSBTask: tslib: ts_config failed
[0x6] LoadTSLib: use_tslib=0, handle=0x814a0, tsl=(nil), fd=0
[0x6] ButtonPowerUSBTask: Use tslib
[0x6] ButtonPowerUSBTask: tslib: ts_config failed
[0x6] LoadTSLib: use_tslib=0, handle=0x1ee50, tsl=(nil), fd=0
[0x6] ButtonPowerUSBTask: Use tslib
[0x6] ButtonPowerUSBTask: tslib: ts_config failed
[0x6] LoadTSLib: use_tslib=0, handle=0x814a0, tsl=(nil), fd=0
[0x6] ButtonPowerUSBTask: Use tslib
[0x6] ButtonPowerUSBTask: tslib: ts_config failed
[0x6] LoadTSLib: use_tslib=0, handle=0x7f3d8, tsl=(nil), fd=0
[0x6] ButtonPowerUSBTask: Use tslib
[0x6] ButtonPowerUSBTask: tslib: ts_config failed
[0x6] LoadTSLib: use_tslib=0, handle=0x814a0, tsl=(nil), fd=0
[0x6] ButtonPowerUSBTask: Use tslib
[0x6] ButtonPowerUSBTask: tslib: ts_config failed
[0x6] LoadTSLib: use_tslib=0, handle=0x1ee50, tsl=(nil), fd=0
[0x6] ButtonPowerUSBTask: Use tslib
[0x6] ButtonPowerUSBTask: tslib: ts_config failed
[0x6] LoadTSLib: use_tslib=0, handle=0x814a0, tsl=(nil), fd=0
[0x6] ButtonPowerUSBTask: Use tslib
[0x6] ButtonPowerUSBTask: tslib: ts_config failed
[0x6] LoadTSLib: use_tslib=0, handle=0x7f3d8, tsl=(nil), fd=0
[0x6] ButtonPowerUSBTask: Use tslib
[0x6] ButtonPowerUSBTask: tslib: ts_config failed
[0x6] LoadTSLib: use_tslib=0, handle=0x814a0, tsl=(nil), fd=0
[0x6] ButtonPowerUSBTask: Use tslib
[0x6] ButtonPowerUSBTask: tslib: ts_config failed
[0x6] LoadTSLib: use_tslib=0, handle=0x1ee50, tsl=(nil), fd=0
[0x6] ButtonPowerUSBTask: Use tslib
[0x6] ButtonPowerUSBTask: tslib: ts_config failed
[0x6] LoadTSLib: use_tslib=0, handle=0x814a0, tsl=(nil), fd=0
[0x6] ButtonPowerUSBTask: Use tslib
[0x6] ButtonPowerUSBTask: tslib: ts_config failed
[0x6] LoadTSLib: use_tslib=0, handle=0x193530, tsl=(nil), fd=0
[0x6] ButtonPowerUSBTask: Use tslib
[0x6] ButtonPowerUSBTask: tslib: ts_config failed
[0x6] LoadTSLib: use_tslib=0, handle=0x1a0f00, tsl=(nil), fd=0
[0x6] ButtonPowerUSBTask: Use tslib
[0x6] ButtonPowerUSBTask: tslib: ts_config failed
[0x6] LoadTSLib: use_tslib=0, handle=0x814a0, tsl=(nil), fd=0
[0x6] ButtonPowerUSBTask: Use tslib
[0x6] ButtonPowerUSBTask: tslib: ts_config failed
[0x6] LoadTSLib: use_tslib=0, handle=0x814a0, tsl=(nil), fd=0
[0x6] ButtonPowerUSBTask: Use tslib
[0x6] ButtonPowerUSBTask: tslib: ts_config failed
[0x6] LoadTSLib: use_tslib=0, handle=0x7f3d8, tsl=(nil), fd=0
[0x6] ButtonPowerUSBTask: Use tslib
[0x6] ButtonPowerUSBTask: tslib: ts_config failed
[0x6] LoadTSLib: use_tslib=0, handle=0x814a0, tsl=(nil), fd=0
[0x6] ButtonPowerUSBTask: Use tslib
[0x6] ButtonPowerUSBTask: tslib: ts_config failed
[0x6] LoadTSLib: use_tslib=0, handle=0x1ee50, tsl=(nil), fd=0
[0x6] ButtonPowerUSBTask: Use tslib
[0x6] ButtonPowerUSBTask: tslib: ts_config failed
[0x6] LoadTSLib: use_tslib=0, handle=0x814a0, tsl=(nil), fd=0
[0x6] ButtonPowerUSBTask: Use tslib
[0x6] ButtonPowerUSBTask: tslib: ts_config failed
[0x6] LoadTSLib: use_tslib=0, handle=0x7f3d8, tsl=(nil), fd=0
[0x6] ButtonPowerUSBTask: Use tslib
[0x6] ButtonPowerUSBTask: tslib: ts_config failed
[0x6] LoadTSLib: use_tslib=0, handle=0x814a0, tsl=(nil), fd=0
[0x6] ButtonPowerUSBTask: Use tslib
[0x6] ButtonPowerUSBTask: tslib: ts_config failed
[0x6] LoadTSLib: use_tslib=0, handle=0x1ee50, tsl=(nil), fd=0
[0x6] ButtonPowerUSBTask: Use tslib
[0x6] ButtonPowerUSBTask: tslib: ts_config failed
[0x6] LoadTSLib: use_tslib=0, handle=0x814a0, tsl=(nil), fd=0
[0x6] ButtonPowerUSBTask: Use tslib
[0x6] ButtonPowerUSBTask: tslib: ts_config failed
[0x6] LoadTSLib: use_tslib=0, handle=0x7f3d8, tsl=(nil), fd=0
[0x6] ButtonPowerUSBTask: Use tslib
[0x6] ButtonPowerUSBTask: tslib: ts_config failed
[0x6] LoadTSLib: use_tslib=0, handle=0x814a0, tsl=(nil), fd=0
[0x6] ButtonPowerUSBTask: Use tslib
[0x6] ButtonPowerUSBTask: tslib: ts_config failed
[0x6] LoadTSLib: use_tslib=0, handle=0x1ee50, tsl=(nil), fd=0
[0x6] ButtonPowerUSBTask: Use tslib
[0x6] ButtonPowerUSBTask: tslib: ts_config failed
[0x6] LoadTSLib: use_tslib=0, handle=0x814a0, tsl=(nil), fd=0
[0x6] ButtonPowerUSBTask: Use tslib
[0x6] ButtonPowerUSBTask: tslib: ts_config failed
[0x6] LoadTSLib: use_tslib=0, handle=0x7f3d8, tsl=(nil), fd=0
[0x6] ButtonPowerUSBTask: Use tslib
[0x6] ButtonPowerUSBTask: tslib: ts_config failed
[0x6] LoadTSLib: use_tslib=0, handle=0x814a0, tsl=(nil), fd=0
[0x6] ButtonPowerUSBTask: Use tslib
[0x6] ButtonPowerUSBTask: tslib: ts_config failed
[0x6] LoadTSLib: use_tslib=0, handle=0x1ee50, tsl=(nil), fd=0
[0x6] ButtonPowerUSBTask: Use tslib
[0x6] ButtonPowerUSBTask: tslib: ts_config failed
[0x6] LoadTSLib: use_tslib=0, handle=0x814a0, tsl=(nil), fd=0
[0x6] ButtonPowerUSBTask: Use tslib
[0x6] ButtonPowerUSBTask: tslib: ts_config failed
[0x6] LoadTSLib: use_tslib=0, handle=0x7f3d8, tsl=(nil), fd=0
[0x6] ButtonPowerUSBTask: Use tslib
[0x6] ButtonPowerUSBTask: tslib: ts_config failed
[0x6] LoadTSLib: use_tslib=0, handle=0x814a0, tsl=(nil), fd=0
[0x6] ButtonPowerUSBTask: Use tslib
[0x6] ButtonPowerUSBTask: tslib: ts_config failed
[0x6] LoadTSLib: use_tslib=0, handle=0x1ee50, tsl=(nil), fd=0
[0x6] ButtonPowerUSBTask: Use tslib
[0x6] ButtonPowerUSBTask: tslib: ts_config failed
[0x6] LoadTSLib: use_tslib=0, handle=0x814a0, tsl=(nil), fd=0
[0x6] ButtonPowerUSBTask: Use tslib
[0x6] ButtonPowerUSBTask: tslib: ts_config failed
[0x6] LoadTSLib: use_tslib=0, handle=0x7f3d8, tsl=(nil), fd=0
[0x6] ButtonPowerUSBTask: Use tslib
[0x6] ButtonPowerUSBTask: tslib: ts_config failed
[0x6] LoadTSLib: use_tslib=0, handle=0x814a0, tsl=(nil), fd=0
[0x6] ButtonPowerUSBTask: Use tslib
[0x6] ButtonPowerUSBTask: tslib: ts_config failed
[0x6] LoadTSLib: use_tslib=0, handle=0x1ee50, tsl=(nil), fd=0
[0x6] ButtonPowerUSBTask: Use tslib
[0x6] ButtonPowerUSBTask: tslib: ts_config failed
[0x6] LoadTSLib: use_tslib=0, handle=0x814a0, tsl=(nil), fd=0
[0x6] ButtonPowerUSBTask: Use tslib
[0x6] ButtonPowerUSBTask: tslib: ts_config failed
[0x6] LoadTSLib: use_tslib=0, handle=0x7f3d8, tsl=(nil), fd=0
[0x6] ButtonPowerUSBTask: Use tslib
[0x6] ButtonPowerUSBTask: tslib: ts_config failed
[0x6] LoadTSLib: use_tslib=0, handle=0x814a0, tsl=(nil), fd=0
[0x6] ButtonPowerUSBTask: Use tslib
[0x6] ButtonPowerUSBTask: tslib: ts_config failed
[0x6] LoadTSLib: use_tslib=0, handle=0x1ee50, tsl=(nil), fd=0
[0x6] ButtonPowerUSBTask: Use tslib
[0x6] ButtonPowerUSBTask: tslib: ts_config failed
[0x6] LoadTSLib: use_tslib=0, handle=0x814a0, tsl=(nil), fd=0
[0x6] ButtonPowerUSBTask: Use tslib
[0x6] ButtonPowerUSBTask: tslib: ts_config failed
[0x6] LoadTSLib: use_tslib=0, handle=0x7f3d8, tsl=(nil), fd=0
[0x6] ButtonPowerUSBTask: Use tslib
[0x6] ButtonPowerUSBTask: tslib: ts_config failed
[0x6] LoadTSLib: use_tslib=0, handle=0x814a0, tsl=(nil), fd=0
[0x6] ButtonPowerUSBTask: Use tslib
[0x6] ButtonPowerUSBTask: tslib: ts_config failed
[0x6] LoadTSLib: use_tslib=0, handle=0x1ee50, tsl=(nil), fd=0
[0x6] ButtonPowerUSBTask: Use tslib
[0x6] ButtonPowerUSBTask: tslib: ts_config failed
[0x6] LoadTSLib: use_tslib=0, handle=0x814a0, tsl=(nil), fd=0
[0x6] ButtonPowerUSBTask: Use tslib
[0x6] ButtonPowerUSBTask: tslib: ts_config failed
[0x6] LoadTSLib: use_tslib=0, handle=0x7f3d8, tsl=(nil), fd=0
[0x6] ButtonPowerUSBTask: Use tslib
[0x6] ButtonPowerUSBTask: tslib: ts_config failed
[0x6] LoadTSLib: use_tslib=0, handle=0x814a0, tsl=(nil), fd=0
[0x6] ButtonPowerUSBTask: Use tslib
[0x6] ButtonPowerUSBTask: tslib: ts_config failed
[0x6] LoadTSLib: use_tslib=0, handle=0x1ee50, tsl=(nil), fd=0
[0x6] ButtonPowerUSBTask: Use tslib
[0x6] ButtonPowerUSBTask: tslib: ts_config failed
[0x6] LoadTSLib: use_tslib=0, handle=0x814a0, tsl=(nil), fd=0
[0x6] ButtonPowerUSBTask: Use tslib
[0x6] ButtonPowerUSBTask: tslib: ts_config failed
[0x6] LoadTSLib: use_tslib=0, handle=0x7f3d8, tsl=(nil), fd=0
[0x6] ButtonPowerUSBTask: Use tslib
[0x6] ButtonPowerUSBTask: tslib: ts_config failed
[0x6] LoadTSLib: use_tslib=0, handle=0x814a0, tsl=(nil), fd=0
[0x6] ButtonPowerUSBTask: Use tslib
[0x6] ButtonPowerUSBTask: tslib: ts_config failed
[0x6] LoadTSLib: use_tslib=0, handle=0x1ee50, tsl=(nil), fd=0
[0x6] ButtonPowerUSBTask: Use tslib
[0x6] ButtonPowerUSBTask: tslib: ts_config failed
[0x6] LoadTSLib: use_tslib=0, handle=0x814a0, tsl=(nil), fd=0
[0x6] ButtonPowerUSBTask: Use tslib
[0x6] ButtonPowerUSBTask: tslib: ts_config failed
[0x6] LoadTSLib: use_tslib=0, handle=0x7f3d8, tsl=(nil), fd=0
[0x6] ButtonPowerUSBTask: Use tslib
[0x6] ButtonPowerUSBTask: tslib: ts_config failed
[0x6] LoadTSLib: use_tslib=0, handle=0x814a0, tsl=(nil), fd=0
[0x6] ButtonPowerUSBTask: Use tslib
[0x6] ButtonPowerUSBTask: tslib: ts_config failed
[0x6] LoadTSLib: use_tslib=0, handle=0x1ee50, tsl=(nil), fd=0
[0x6] ButtonPowerUSBTask: Use tslib
[0x6] ButtonPowerUSBTask: tslib: ts_config failed
[0x6] LoadTSLib: use_tslib=0, handle=0x814a0, tsl=(nil), fd=0
[0x6] ButtonPowerUSBTask: Use tslib
[0x6] ButtonPowerUSBTask: tslib: ts_config failed
[0x6] LoadTSLib: use_tslib=0, handle=0x7f3d8, tsl=(nil), fd=0
[0x6] ButtonPowerUSBTask: Use tslib
[0x6] ButtonPowerUSBTask: tslib: ts_config failed
[0x6] LoadTSLib: use_tslib=0, handle=0x814a0, tsl=(nil), fd=0
[0x6] ButtonPowerUSBTask: Use tslib
[0x6] ButtonPowerUSBTask: tslib: ts_config failed
[0x6] LoadTSLib: use_tslib=0, handle=0x1ee50, tsl=(nil), fd=0
[0x6] ButtonPowerUSBTask: Use tslib
[0x6] ButtonPowerUSBTask: tslib: ts_config failed
[0x6] LoadTSLib: use_tslib=0, handle=0x814a0, tsl=(nil), fd=0
[0x6] ButtonPowerUSBTask: Use tslib
[0x6] ButtonPowerUSBTask: tslib: ts_config failed
[0x6] LoadTSLib: use_tslib=0, handle=0x7f3d8, tsl=(nil), fd=0
[0x6] ButtonPowerUSBTask: Use tslib
[0x6] ButtonPowerUSBTask: tslib: ts_config failed
[0x6] LoadTSLib: use_tslib=0, handle=0x814a0, tsl=(nil), fd=0
[0x6] ButtonPowerUSBTask: Use tslib
[0x6] ButtonPowerUSBTask: tslib: ts_config failed
[0x6] LoadTSLib: use_tslib=0, handle=0x1ee50, tsl=(nil), fd=0
[0x6] ButtonPowerUSBTask: Use tslib
[0x6] ButtonPowerUSBTask: tslib: ts_config failed
[0x6] LoadTSLib: use_tslib=0, handle=0x814a0, tsl=(nil), fd=0
[0x6] ButtonPowerUSBTask: Use tslib
[0x6] ButtonPowerUSBTask: tslib: ts_config failed
[0x6] LoadTSLib: use_tslib=0, handle=0x7f3d8, tsl=(nil), fd=0
[0x6] ButtonPowerUSBTask: Use tslib
[0x6] ButtonPowerUSBTask: tslib: ts_config failed
[0x6] LoadTSLib: use_tslib=0, handle=0x814a0, tsl=(nil), fd=0
[0x6] ButtonPowerUSBTask: Use tslib
[0x6] ButtonPowerUSBTask: tslib: ts_config failed
[0x6] LoadTSLib: use_tslib=0, handle=0x1ee50, tsl=(nil), fd=0
[0x6] ButtonPowerUSBTask: Use tslib
[0x6] ButtonPowerUSBTask: tslib: ts_config failed
[0x6] LoadTSLib: use_tslib=0, handle=0x814a0, tsl=(nil), fd=0
[0x6] ButtonPowerUSBTask: Use tslib
[0x6] ButtonPowerUSBTask: tslib: ts_config failed
[0x6] LoadTSLib: use_tslib=0, handle=0x7f3d8, tsl=(nil), fd=0
[0x6] ButtonPowerUSBTask: Use tslib
[0x6] ButtonPowerUSBTask: tslib: ts_config failed
[0x6] LoadTSLib: use_tslib=0, handle=0x814a0, tsl=(nil), fd=0
[0x6] ButtonPowerUSBTask: Use tslib
[0x6] ButtonPowerUSBTask: tslib: ts_config failed
[0x6] LoadTSLib: use_tslib=0, handle=0x1ee50, tsl=(nil), fd=0
[0x6] ButtonPowerUSBTask: Use tslib
[0x6] ButtonPowerUSBTask: tslib: ts_config failed
[0x6] LoadTSLib: use_tslib=0, handle=0x814a0, tsl=(nil), fd=0
[0x6] ButtonPowerUSBTask: Use tslib
[0x6] ButtonPowerUSBTask: tslib: ts_config failed
[0x6] LoadTSLib: use_tslib=0, handle=0x7f3d8, tsl=(nil), fd=0
[0x6] ButtonPowerUSBTask: Use tslib
[0x6] ButtonPowerUSBTask: tslib: ts_config failed
[0x6] LoadTSLib: use_tslib=0, handle=0x814a0, tsl=(nil), fd=0
[0x6] ButtonPowerUSBTask: Use tslib
[0x6] ButtonPowerUSBTask: tslib: ts_config failed
[0x6] LoadTSLib: use_tslib=0, handle=0x1ee50, tsl=(nil), fd=0
[0x6] ButtonPowerUSBTask: Use tslib
[0x6] ButtonPowerUSBTask: tslib: ts_config failed
[0x6] LoadTSLib: use_tslib=0, handle=0x814a0, tsl=(nil), fd=0
[0x6] ButtonPowerUSBTask: Use tslib
[0x6] ButtonPowerUSBTask: tslib: ts_config failed
[0x6] LoadTSLib: use_tslib=0, handle=0x7f3d8, tsl=(nil), fd=0
[0x6] ButtonPowerUSBTask: Use tslib
[0x6] ButtonPowerUSBTask: tslib: ts_config failed
[0x6] LoadTSLib: use_tslib=0, handle=0x814a0, tsl=(nil), fd=0
[0x6] ButtonPowerUSBTask: Use tslib
[0x6] ButtonPowerUSBTask: tslib: ts_config failed
[0x6] LoadTSLib: use_tslib=0, handle=0x1ee50, tsl=(nil), fd=0
[0x6] ButtonPowerUSBTask: Use tslib
[0x6] ButtonPowerUSBTask: tslib: ts_config failed
[0x6] LoadTSLib: use_tslib=0, handle=0x814a0, tsl=(nil), fd=0
[0x6] ButtonPowerUSBTask: Use tslib
[0x6] ButtonPowerUSBTask: tslib: ts_config failed
[0x6] LoadTSLib: use_tslib=0, handle=0x7f3d8, tsl=(nil), fd=0
[0x6] ButtonPowerUSBTask: Use tslib
[0x6] ButtonPowerUSBTask: tslib: ts_config failed
[0x6] LoadTSLib: use_tslib=0, handle=0x814a0, tsl=(nil), fd=0
[0x6] ButtonPowerUSBTask: Use tslib
[0x6] ButtonPowerUSBTask: tslib: ts_config failed
[0x6] LoadTSLib: use_tslib=0, handle=0x1ee50, tsl=(nil), fd=0
[0x6] ButtonPowerUSBTask: Use tslib
[0x6] ButtonPowerUSBTask: tslib: ts_config failed
[0x6] LoadTSLib: use_tslib=0, handle=0x814a0, tsl=(nil), fd=0
[0x6] ButtonPowerUSBTask: Use tslib
[0x6] ButtonPowerUSBTask: tslib: ts_config failed
[0x6] LoadTSLib: use_tslib=0, handle=0x7f3d8, tsl=(nil), fd=0
[0x6] ButtonPowerUSBTask: Use tslib
[0x6] ButtonPowerUSBTask: tslib: ts_config failed
[0x6] LoadTSLib: use_tslib=0, handle=0x814a0, tsl=(nil), fd=0
[0x6] ButtonPowerUSBTask: Use tslib
[0x6] ButtonPowerUSBTask: tslib: ts_config failed
[0x6] LoadTSLib: use_tslib=0, handle=0x1ee50, tsl=(nil), fd=0
[0x6] ButtonPowerUSBTask: Use tslib
[0x6] ButtonPowerUSBTask: tslib: ts_config failed
[0x6] LoadTSLib: use_tslib=0, handle=0x814a0, tsl=(nil), fd=0
[0x6] ButtonPowerUSBTask: Use tslib
[0x6] ButtonPowerUSBTask: tslib: ts_config failed
[0x6] LoadTSLib: use_tslib=0, handle=0x7f3d8, tsl=(nil), fd=0
[0x6] ButtonPowerUSBTask: Use tslib
[0x6] ButtonPowerUSBTask: tslib: ts_config failed
[0x6] LoadTSLib: use_tslib=0, handle=0x814a0, tsl=(nil), fd=0
[0x6] ButtonPowerUSBTask: Use tslib
[0x6] ButtonPowerUSBTask: tslib: ts_config failed
[0x6] LoadTSLib: use_tslib=0, handle=0x1ee50, tsl=(nil), fd=0
[0x6] ButtonPowerUSBTask: Use tslib
[0x6] ButtonPowerUSBTask: tslib: ts_config failed
[0x6] LoadTSLib: use_tslib=0, handle=0x814a0, tsl=(nil), fd=0
[0x6] ButtonPowerUSBTask: Use tslib
[0x6] ButtonPowerUSBTask: tslib: ts_config failed
[0x6] LoadTSLib: use_tslib=0, handle=0x7f3d8, tsl=(nil), fd=0
[0x6] ButtonPowerUSBTask: Use tslib
[0x6] ButtonPowerUSBTask: tslib: ts_config failed
[0x6] LoadTSLib: use_tslib=0, handle=0x814a0, tsl=(nil), fd=0
[0x6] ButtonPowerUSBTask: Use tslib
[0x6] ButtonPowerUSBTask: tslib: ts_config failed
[0x6] LoadTSLib: use_tslib=0, handle=0x1ee50, tsl=(nil), fd=0
[0x6] ButtonPowerUSBTask: Use tslib
[0x6] ButtonPowerUSBTask: tslib: ts_config failed
[0x6] LoadTSLib: use_tslib=0, handle=0x814a0, tsl=(nil), fd=0
[0x6] ButtonPowerUSBTask: Use tslib
[0x6] ButtonPowerUSBTask: tslib: ts_config failed
[0x6] LoadTSLib: use_tslib=0, handle=0x7f3d8, tsl=(nil), fd=0
[0x6] ButtonPowerUSBTask: Use tslib
[0x6] ButtonPowerUSBTask: tslib: ts_config failed
[0x6] LoadTSLib: use_tslib=0, handle=0x814a0, tsl=(nil), fd=0
[0x6] ButtonPowerUSBTask: Use tslib
[0x6] ButtonPowerUSBTask: tslib: ts_config failed
[0x6] LoadTSLib: use_tslib=0, handle=0x1ee50, tsl=(nil), fd=0
[0x6] ButtonPowerUSBTask: Use tslib
[0x6] ButtonPowerUSBTask: tslib: ts_config failed
[0x6] LoadTSLib: use_tslib=0, handle=0x814a0, tsl=(nil), fd=0
[0x6] ButtonPowerUSBTask: Use tslib
[0x6] ButtonPowerUSBTask: tslib: ts_config failed
[0x6] LoadTSLib: use_tslib=0, handle=0x7f3d8, tsl=(nil), fd=0
[0x6] ButtonPowerUSBTask: Use tslib
[0x6] ButtonPowerUSBTask: tslib: ts_config failed
[0x6] LoadTSLib: use_tslib=0, handle=0x814a0, tsl=(nil), fd=0
[0x6] ButtonPowerUSBTask: Use tslib
[0x6] ButtonPowerUSBTask: tslib: ts_config failed
[0x6] LoadTSLib: use_tslib=0, handle=0x1ee50, tsl=(nil), fd=0
[0x6] ButtonPowerUSBTask: Use tslib
[0x6] ButtonPowerUSBTask: tslib: ts_config failed
[0x6] LoadTSLib: use_tslib=0, handle=0x814a0, tsl=(nil), fd=0
[0x6] ButtonPowerUSBTask: Use tslib
[0x6] ButtonPowerUSBTask: tslib: ts_config failed
[0x6] LoadTSLib: use_tslib=0, handle=0x7f3d8, tsl=(nil), fd=0
[0x6] ButtonPowerUSBTask: Use tslib
[0x6] ButtonPowerUSBTask: tslib: ts_config failed
[0x6] LoadTSLib: use_tslib=0, handle=0x814a0, tsl=(nil), fd=0
[0x6] ButtonPowerUSBTask: Use tslib
[0x6] ButtonPowerUSBTask: tslib: ts_config failed
[0x6] LoadTSLib: use_tslib=0, handle=0x1ee50, tsl=(nil), fd=0
[0x6] ButtonPowerUSBTask: Use tslib
[0x6] ButtonPowerUSBTask: tslib: ts_config failed
[0x6] LoadTSLib: use_tslib=0, handle=0x814a0, tsl=(nil), fd=0
[0x6] ButtonPowerUSBTask: Use tslib
[0x6] ButtonPowerUSBTask: tslib: ts_config failed
[0x6] LoadTSLib: use_tslib=0, handle=0x7f3d8, tsl=(nil), fd=0
[0x6] ButtonPowerUSBTask: Use tslib
[0x6] ButtonPowerUSBTask: tslib: ts_config failed
[0x6] LoadTSLib: use_tslib=0, handle=0x814a0, tsl=(nil), fd=0
[0x6] ButtonPowerUSBTask: Use tslib
[0x6] ButtonPowerUSBTask: tslib: ts_config failed
[0x6] LoadTSLib: use_tslib=0, handle=0x1ee50, tsl=(nil), fd=0
[0x6] ButtonPowerUSBTask: Use tslib
[0x6] ButtonPowerUSBTask: tslib: ts_config failed
[0x6] LoadTSLib: use_tslib=0, handle=0x814a0, tsl=(nil), fd=0
[0x6] ButtonPowerUSBTask: Use tslib
[0x6] ButtonPowerUSBTask: tslib: ts_config failed
[0x6] LoadTSLib: use_tslib=0, handle=0x7f3d8, tsl=(nil), fd=0
[0x6] ButtonPowerUSBTask: Use tslib
[0x6] ButtonPowerUSBTask: tslib: ts_config failed
[0x6] LoadTSLib: use_tslib=0, handle=0x814a0, tsl=(nil), fd=0
[0x6] ButtonPowerUSBTask: Use tslib
[0x6] ButtonPowerUSBTask: tslib: ts_config failed
[0x6] LoadTSLib: use_tslib=0, handle=0x1ee50, tsl=(nil), fd=0
[0x6] ButtonPowerUSBTask: Use tslib
[0x6] ButtonPowerUSBTask: tslib: ts_config failed
[0x6] LoadTSLib: use_tslib=0, handle=0x814a0, tsl=(nil), fd=0
[0x6] ButtonPowerUSBTask: Use tslib
[0x6] ButtonPowerUSBTask: tslib: ts_config failed
[0x6] LoadTSLib: use_tslib=0, handle=0x7f3d8, tsl=(nil), fd=0
[0x6] ButtonPowerUSBTask: Use tslib
[0x6] ButtonPowerUSBTask: tslib: ts_config failed
[0x6] LoadTSLib: use_tslib=0, handle=0x814a0, tsl=(nil), fd=0
[0x6] ButtonPowerUSBTask: Use tslib
[0x6] ButtonPowerUSBTask: tslib: ts_config failed
[0x6] LoadTSLib: use_tslib=0, handle=0x1ee50, tsl=(nil), fd=0
[0x6] ButtonPowerUSBTask: Use tslib
[0x6] ButtonPowerUSBTask: tslib: ts_config failed
[0x6] LoadTSLib: use_tslib=0, handle=0x814a0, tsl=(nil), fd=0
[0x6] ButtonPowerUSBTask: Use tslib
[0x6] ButtonPowerUSBTask: tslib: ts_config failed
[0x6] LoadTSLib: use_tslib=0, handle=0x7f3d8, tsl=(nil), fd=0
[0x6] ButtonPowerUSBTask: Use tslib
[0x6] ButtonPowerUSBTask: tslib: ts_config failed
[0x6] LoadTSLib: use_tslib=0, handle=0x814a0, tsl=(nil), fd=0
[0x6] ButtonPowerUSBTask: Use tslib
[0x6] ButtonPowerUSBTask: tslib: ts_config failed
[0x6] LoadTSLib: use_tslib=0, handle=0x1ee50, tsl=(nil), fd=0
[0x6] ButtonPowerUSBTask: Use tslib
[0x6] ButtonPowerUSBTask: tslib: ts_config failed
[0x6] LoadTSLib: use_tslib=0, handle=0x814a0, tsl=(nil), fd=0
[0x6] ButtonPowerUSBTask: Use tslib
[0x6] ButtonPowerUSBTask: tslib: ts_config failed
[0x6] LoadTSLib: use_tslib=0, handle=0x7f3d8, tsl=(nil), fd=0
[0x6] ButtonPowerUSBTask: Use tslib
[0x6] ButtonPowerUSBTask: tslib: ts_config failed
[0x6] LoadTSLib: use_tslib=0, handle=0x814a0, tsl=(nil), fd=0
[0x6] ButtonPowerUSBTask: Use tslib
[0x6] ButtonPowerUSBTask: tslib: ts_config failed
[0x6] LoadTSLib: use_tslib=0, handle=0x1ee50, tsl=(nil), fd=0
[0x6] ButtonPowerUSBTask: Use tslib
[0x6] ButtonPowerUSBTask: tslib: ts_config failed
[0x6] LoadTSLib: use_tslib=0, handle=0x814a0, tsl=(nil), fd=0
[0x6] ButtonPowerUSBTask: Use tslib
[0x6] ButtonPowerUSBTask: tslib: ts_config failed
[0x6] LoadTSLib: use_tslib=0, handle=0x7f3d8, tsl=(nil), fd=0
[0x6] ButtonPowerUSBTask: Use tslib
[0x6] ButtonPowerUSBTask: tslib: ts_config failed
[0x6] LoadTSLib: use_tslib=0, handle=0x814a0, tsl=(nil), fd=0
[0x6] ButtonPowerUSBTask: Use tslib
[0x6] ButtonPowerUSBTask: tslib: ts_config failed
[0x6] LoadTSLib: use_tslib=0, handle=0x1ee50, tsl=(nil), fd=0
[0x6] ButtonPowerUSBTask: Use tslib
[0x6] ButtonPowerUSBTask: tslib: ts_config failed
[0x6] LoadTSLib: use_tslib=0, handle=0x814a0, tsl=(nil), fd=0
[0x6] ButtonPowerUSBTask: Use tslib
[0x6] ButtonPowerUSBTask: tslib: ts_config failed
[0x6] LoadTSLib: use_tslib=0, handle=0x7f3d8, tsl=(nil), fd=0
[0x6] ButtonPowerUSBTask: Use tslib
[0x6] ButtonPowerUSBTask: tslib: ts_config failed
[0x6] LoadTSLib: use_tslib=0, handle=0x814a0, tsl=(nil), fd=0
[0x6] ButtonPowerUSBTask: Use tslib
[0x6] ButtonPowerUSBTask: tslib: ts_config failed
[0x6] LoadTSLib: use_tslib=0, handle=0x1ee50, tsl=(nil), fd=0
[0x6] ButtonPowerUSBTask: Use tslib
[0x6] ButtonPowerUSBTask: tslib: ts_config failed
[0x6] LoadTSLib: use_tslib=0, handle=0x814a0, tsl=(nil), fd=0
[0x6] ButtonPowerUSBTask: Use tslib
[0x6] ButtonPowerUSBTask: tslib: ts_config failed
[0x6] LoadTSLib: use_tslib=0, handle=0x7f3d8, tsl=(nil), fd=0
[0x6] ButtonPowerUSBTask: Use tslib
[0x6] ButtonPowerUSBTask: tslib: ts_config failed
[0x6] LoadTSLib: use_tslib=0, handle=0x814a0, tsl=(nil), fd=0
[0x6] ButtonPowerUSBTask: Use tslib
[0x6] ButtonPowerUSBTask: tslib: ts_config failed
[0x6] LoadTSLib: use_tslib=0, handle=0x1ee50, tsl=(nil), fd=0
[0x6] ButtonPowerUSBTask: Use tslib
[0x6] ButtonPowerUSBTask: tslib: ts_config failed
[0x6] LoadTSLib: use_tslib=0, handle=0x814a0, tsl=(nil), fd=0
[0x6] ButtonPowerUSBTask: Use tslib
[0x6] ButtonPowerUSBTask: tslib: ts_config failed
[0x6] LoadTSLib: use_tslib=0, handle=0x7f3d8, tsl=(nil), fd=0
[0x6] ButtonPowerUSBTask: Use tslib
[0x6] ButtonPowerUSBTask: tslib: ts_config failed
[0x6] LoadTSLib: use_tslib=0, handle=0x814a0, tsl=(nil), fd=0
[0x6] ButtonPowerUSBTask: Use tslib
[0x6] ButtonPowerUSBTask: tslib: ts_config failed
[0x6] LoadTSLib: use_tslib=0, handle=0x1ee50, tsl=(nil), fd=0
[0x6] ButtonPowerUSBTask: Use tslib
[0x6] ButtonPowerUSBTask: tslib: ts_config failed
[0x6] LoadTSLib: use_tslib=0, handle=0x814a0, tsl=(nil), fd=0
[0x6] ButtonPowerUSBTask: Use tslib
[0x6] ButtonPowerUSBTask: tslib: ts_config failed
[0x6] LoadTSLib: use_tslib=0, handle=0x7f3d8, tsl=(nil), fd=0
[0x6] ButtonPowerUSBTask: Use tslib
[0x6] ButtonPowerUSBTask: tslib: ts_config failed
[0x6] LoadTSLib: use_tslib=0, handle=0x814a0, tsl=(nil), fd=0
[0x6] ButtonPowerUSBTask: Use tslib
[0x6] ButtonPowerUSBTask: tslib: ts_config failed
[0x6] LoadTSLib: use_tslib=0, handle=0x1ee50, tsl=(nil), fd=0
[0x6] ButtonPowerUSBTask: Use tslib
[0x6] ButtonPowerUSBTask: tslib: ts_config failed
[0x6] LoadTSLib: use_tslib=0, handle=0x814a0, tsl=(nil), fd=0
[0x6] ButtonPowerUSBTask: Use tslib
[0x6] ButtonPowerUSBTask: tslib: ts_config failed
[0x6] LoadTSLib: use_tslib=0, handle=0x7f3d8, tsl=(nil), fd=0
[0x6] ButtonPowerUSBTask: Use tslib
[0x6] ButtonPowerUSBTask: tslib: ts_config failed
[0x6] LoadTSLib: use_tslib=0, handle=0x814a0, tsl=(nil), fd=0
[0x6] ButtonPowerUSBTask: Use tslib
[0x6] ButtonPowerUSBTask: tslib: ts_config failed
[0x6] LoadTSLib: use_tslib=0, handle=0x1ee50, tsl=(nil), fd=0
[0x6] ButtonPowerUSBTask: Use tslib
[0x6] ButtonPowerUSBTask: tslib: ts_config failed
[0x6] LoadTSLib: use_tslib=0, handle=0x814a0, tsl=(nil), fd=0
[0x6] ButtonPowerUSBTask: Use tslib
[0x6] ButtonPowerUSBTask: tslib: ts_config failed
[0x6] LoadTSLib: use_tslib=0, handle=0x7f3d8, tsl=(nil), fd=0
[0x6] ButtonPowerUSBTask: Use tslib
[0x6] ButtonPowerUSBTask: tslib: ts_config failed
[0x6] LoadTSLib: use_tslib=0, handle=0x814a0, tsl=(nil), fd=0
[0x6] ButtonPowerUSBTask: Use tslib
[0x6] ButtonPowerUSBTask: tslib: ts_config failed
[0x6] LoadTSLib: use_tslib=0, handle=0x1ee50, tsl=(nil), fd=0
[0x6] ButtonPowerUSBTask: Use tslib
[0x6] ButtonPowerUSBTask: tslib: ts_config failed
[0x6] LoadTSLib: use_tslib=0, handle=0x814a0, tsl=(nil), fd=0
[0x6] ButtonPowerUSBTask: Use tslib
[0x6] ButtonPowerUSBTask: tslib: ts_config failed
[0x6] LoadTSLib: use_tslib=0, handle=0x7f3d8, tsl=(nil), fd=0
[0x6] ButtonPowerUSBTask: Use tslib
[0x6] ButtonPowerUSBTask: tslib: ts_config failed
[0x6] LoadTSLib: use_tslib=0, handle=0x814a0, tsl=(nil), fd=0
[0x6] ButtonPowerUSBTask: Use tslib
[0x6] ButtonPowerUSBTask: tslib: ts_config failed
[0x6] LoadTSLib: use_tslib=0, handle=0x1ee50, tsl=(nil), fd=0
[0x6] ButtonPowerUSBTask: Use tslib
[0x6] ButtonPowerUSBTask: tslib: ts_config failed
[0x6] LoadTSLib: use_tslib=0, handle=0x814a0, tsl=(nil), fd=0
[0x6] ButtonPowerUSBTask: Use tslib
[0x6] ButtonPowerUSBTask: tslib: ts_config failed
[0x6] LoadTSLib: use_tslib=0, handle=0x7f3d8, tsl=(nil), fd=0
[0x6] ButtonPowerUSBTask: Use tslib
[0x6] ButtonPowerUSBTask: tslib: ts_config failed
[0x6] LoadTSLib: use_tslib=0, handle=0x814a0, tsl=(nil), fd=0
[0x6] ButtonPowerUSBTask: Use tslib
[0x6] ButtonPowerUSBTask: tslib: ts_config failed
[0x6] LoadTSLib: use_tslib=0, handle=0x1ee50, tsl=(nil), fd=0
[0x6] ButtonPowerUSBTask: Use tslib
[0x6] ButtonPowerUSBTask: tslib: ts_config failed
[0x6] LoadTSLib: use_tslib=0, handle=0x814a0, tsl=(nil), fd=0
[0x6] ButtonPowerUSBTask: Use tslib
[0x6] ButtonPowerUSBTask: tslib: ts_config failed
[0x6] LoadTSLib: use_tslib=0, handle=0x7f3d8, tsl=(nil), fd=0
[0x6] ButtonPowerUSBTask: Use tslib
[0x6] ButtonPowerUSBTask: tslib: ts_config failed
[0x6] LoadTSLib: use_tslib=0, handle=0x814a0, tsl=(nil), fd=0
[0x6] ButtonPowerUSBTask: Use tslib
[0x6] ButtonPowerUSBTask: tslib: ts_config failed
[0x6] LoadTSLib: use_tslib=0, handle=0x1ee50, tsl=(nil), fd=0
[0x6] ButtonPowerUSBTask: Use tslib
[0x6] ButtonPowerUSBTask: tslib: ts_config failed
[0x6] LoadTSLib: use_tslib=0, handle=0x814a0, tsl=(nil), fd=0
[0x6] ButtonPowerUSBTask: Use tslib
[0x6] ButtonPowerUSBTask: tslib: ts_config failed
[0x6] LoadTSLib: use_tslib=0, handle=0x7f3d8, tsl=(nil), fd=0
[0x6] ButtonPowerUSBTask: Use tslib
[0x6] ButtonPowerUSBTask: tslib: ts_config failed
[0x6] LoadTSLib: use_tslib=0, handle=0x814a0, tsl=(nil), fd=0
[0x6] ButtonPowerUSBTask: Use tslib
[0x6] ButtonPowerUSBTask: tslib: ts_config failed
[0x6] LoadTSLib: use_tslib=0, handle=0x1ee50, tsl=(nil), fd=0
[0x6] ButtonPowerUSBTask: Use tslib
[0x6] ButtonPowerUSBTask: tslib: ts_config failed
[0x6] LoadTSLib: use_tslib=0, handle=0x814a0, tsl=(nil), fd=0
[0x6] ButtonPowerUSBTask: Use tslib
[0x6] ButtonPowerUSBTask: tslib: ts_config failed
[0x6] LoadTSLib: use_tslib=0, handle=0x7f3d8, tsl=(nil), fd=0
[0x6] ButtonPowerUSBTask: Use tslib
[0x6] ButtonPowerUSBTask: tslib: ts_config failed
[0x6] LoadTSLib: use_tslib=0, handle=0x814a0, tsl=(nil), fd=0
[0x6] ButtonPowerUSBTask: Use tslib
[0x6] ButtonPowerUSBTask: tslib: ts_config failed
[0x6] LoadTSLib: use_tslib=0, handle=0x1ee50, tsl=(nil), fd=0
[0x6] ButtonPowerUSBTask: Use tslib
[0x6] ButtonPowerUSBTask: tslib: ts_config failed
[0x6] LoadTSLib: use_tslib=0, handle=0x814a0, tsl=(nil), fd=0
[0x6] ButtonPowerUSBTask: Use tslib
[0x6] ButtonPowerUSBTask: tslib: ts_config failed
[0x6] LoadTSLib: use_tslib=0, handle=0x7f3d8, tsl=(nil), fd=0
[0x6] ButtonPowerUSBTask: Use tslib
[0x6] ButtonPowerUSBTask: tslib: ts_config failed
[0x6] LoadTSLib: use_tslib=0, handle=0x814a0, tsl=(nil), fd=0
[0x6] ButtonPowerUSBTask: Use tslib
[0x6] ButtonPowerUSBTask: tslib: ts_config failed
[0x6] LoadTSLib: use_tslib=0, handle=0x1ee50, tsl=(nil), fd=0
[0x6] ButtonPowerUSBTask: Use tslib
[0x6] ButtonPowerUSBTask: tslib: ts_config failed
[0x6] LoadTSLib: use_tslib=0, handle=0x814a0, tsl=(nil), fd=0
[0x6] ButtonPowerUSBTask: Use tslib
[0x6] ButtonPowerUSBTask: tslib: ts_config failed
[0x6] LoadTSLib: use_tslib=0, handle=0x7f3d8, tsl=(nil), fd=0
[0x6] ButtonPowerUSBTask: Use tslib
[0x6] ButtonPowerUSBTask: tslib: ts_config failed
[0x6] LoadTSLib: use_tslib=0, handle=0x814a0, tsl=(nil), fd=0
[0x6] ButtonPowerUSBTask: Use tslib
[0x6] ButtonPowerUSBTask: tslib: ts_config failed
[0x6] LoadTSLib: use_tslib=0, handle=0x1ee50, tsl=(nil), fd=0
[0x6] ButtonPowerUSBTask: Use tslib
[0x6] ButtonPowerUSBTask: tslib: ts_config failed
[0x6] LoadTSLib: use_tslib=0, handle=0x814a0, tsl=(nil), fd=0
[0x6] ButtonPowerUSBTask: Use tslib
[0x6] ButtonPowerUSBTask: tslib: ts_config failed
[0x6] LoadTSLib: use_tslib=0, handle=0x7f3d8, tsl=(nil), fd=0
[0x6] ButtonPowerUSBTask: Use tslib
[0x6] ButtonPowerUSBTask: tslib: ts_config failed
[0x6] LoadTSLib: use_tslib=0, handle=0x814a0, tsl=(nil), fd=0
[0x6] ButtonPowerUSBTask: Use tslib
[0x6] ButtonPowerUSBTask: tslib: ts_config failed
[0x6] LoadTSLib: use_tslib=0, handle=0x1ee50, tsl=(nil), fd=0
[0x6] ButtonPowerUSBTask: Use tslib
[0x6] ButtonPowerUSBTask: tslib: ts_config failed
[0x6] LoadTSLib: use_tslib=0, handle=0x814a0, tsl=(nil), fd=0
[0x6] ButtonPowerUSBTask: Use tslib
[0x6] ButtonPowerUSBTask: tslib: ts_config failed
[0x6] LoadTSLib: use_tslib=0, handle=0x7f3d8, tsl=(nil), fd=0
[0x6] ButtonPowerUSBTask: Use tslib
[0x6] ButtonPowerUSBTask: tslib: ts_config failed
[0x6] LoadTSLib: use_tslib=0, handle=0x814a0, tsl=(nil), fd=0
[0x6] ButtonPowerUSBTask: Use tslib
[0x6] ButtonPowerUSBTask: tslib: ts_config failed
[0x6] LoadTSLib: use_tslib=0, handle=0x1ee50, tsl=(nil), fd=0
[0x6] ButtonPowerUSBTask: Use tslib
[0x6] ButtonPowerUSBTask: tslib: ts_config failed
[0x6] LoadTSLib: use_tslib=0, handle=0x814a0, tsl=(nil), fd=0
[0x6] ButtonPowerUSBTask: Use tslib
[0x6] ButtonPowerUSBTask: tslib: ts_config failed
[0x6] LoadTSLib: use_tslib=0, handle=0x1a0fa0, tsl=(nil), fd=0
[0x6] ButtonPowerUSBTask: Use tslib
[0x6] ButtonPowerUSBTask: tslib: ts_config failed
[0x6] LoadTSLib: use_tslib=0, handle=0x181540, tsl=(nil), fd=0
[0x6] ButtonPowerUSBTask: Use tslib
[0x6] ButtonPowerUSBTask: tslib: ts_config failed
[0x6] LoadTSLib: use_tslib=0, handle=0x814a0, tsl=(nil), fd=0
[0x6] ButtonPowerUSBTask: Use tslib
[0x6] ButtonPowerUSBTask: tslib: ts_config failed
[0x6] LoadTSLib: use_tslib=0, handle=0x181540, tsl=(nil), fd=0
[0x6] ButtonPowerUSBTask: Use tslib
[0x6] ButtonPowerUSBTask: tslib: ts_config failed
[0x6] LoadTSLib: use_tslib=0, handle=0x1a0fa0, tsl=(nil), fd=0
[0x6] ButtonPowerUSBTask: Use tslib
[0x6] ButtonPowerUSBTask: tslib: ts_config failed
[0x6] LoadTSLib: use_tslib=0, handle=0x181540, tsl=(nil), fd=0
[0x6] ButtonPowerUSBTask: Use tslib
[0x6] ButtonPowerUSBTask: tslib: ts_config failed
[0x6] LoadTSLib: use_tslib=0, handle=0x814a0, tsl=(nil), fd=0
[0x6] ButtonPowerUSBTask: Use tslib
[0x6] ButtonPowerUSBTask: tslib: ts_config failed
[0x6] LoadTSLib: use_tslib=0, handle=0x181540, tsl=(nil), fd=0
[0x6] ButtonPowerUSBTask: Use tslib
[0x6] ButtonPowerUSBTask: tslib: ts_config failed
[0x6] LoadTSLib: use_tslib=0, handle=0x1a0fa0, tsl=(nil), fd=0
[0x6] ButtonPowerUSBTask: Use tslib
[0x6] ButtonPowerUSBTask: tslib: ts_config failed
[0x6] LoadTSLib: use_tslib=0, handle=0x181540, tsl=(nil), fd=0
[0x6] ButtonPowerUSBTask: Use tslib
[0x6] ButtonPowerUSBTask: tslib: ts_config failed
[0x6] LoadTSLib: use_tslib=0, handle=0x814a0, tsl=(nil), fd=0
[0x6] ButtonPowerUSBTask: Use tslib
[0x6] ButtonPowerUSBTask: tslib: ts_config failed
[0x6] LoadTSLib: use_tslib=0, handle=0x181540, tsl=(nil), fd=0
[0x6] ButtonPowerUSBTask: Use tslib
[0x6] ButtonPowerUSBTask: tslib: ts_config failed
[0x6] LoadTSLib: use_tslib=0, handle=0x1a0fa0, tsl=(nil), fd=0
[0x6] ButtonPowerUSBTask: Use tslib
[0x6] ButtonPowerUSBTask: tslib: ts_config failed
[0x6] LoadTSLib: use_tslib=0, handle=0x181540, tsl=(nil), fd=0
[0x6] ButtonPowerUSBTask: Use tslib
[0x6] ButtonPowerUSBTask: tslib: ts_config failed
[0x6] LoadTSLib: use_tslib=0, handle=0x814a0, tsl=(nil), fd=0
[0x6] ButtonPowerUSBTask: Use tslib
[0x6] ButtonPowerUSBTask: tslib: ts_config failed
[0x6] LoadTSLib: use_tslib=0, handle=0x181540, tsl=(nil), fd=0
[0x6] ButtonPowerUSBTask: Use tslib
[0x6] ButtonPowerUSBTask: tslib: ts_config failed
[0x6] LoadTSLib: use_tslib=0, handle=0x1a0fa0, tsl=(nil), fd=0
[0x6] ButtonPowerUSBTask: Use tslib
[0x6] ButtonPowerUSBTask: tslib: ts_config failed
[0x6] LoadTSLib: use_tslib=0, handle=0x181540, tsl=(nil), fd=0
[0x6] ButtonPowerUSBTask: Use tslib
[0x6] ButtonPowerUSBTask: tslib: ts_config failed
[0x6] LoadTSLib: use_tslib=0, handle=0x814a0, tsl=(nil), fd=0
[0x6] ButtonPowerUSBTask: Use tslib
[0x6] ButtonPowerUSBTask: tslib: ts_config failed
[0x6] LoadTSLib: use_tslib=0, handle=0x181540, tsl=(nil), fd=0
[0x6] ButtonPowerUSBTask: Use tslib
[0x6] ButtonPowerUSBTask: tslib: ts_config failed
[0x6] LoadTSLib: use_tslib=0, handle=0x1a0fa0, tsl=(nil), fd=0
[0x6] ButtonPowerUSBTask: Use tslib
[0x6] ButtonPowerUSBTask: tslib: ts_config failed
[0x6] LoadTSLib: use_tslib=0, handle=0x181540, tsl=(nil), fd=0
[0x6] ButtonPowerUSBTask: Use tslib
[0x6] ButtonPowerUSBTask: tslib: ts_config failed
[0x6] LoadTSLib: use_tslib=0, handle=0x814a0, tsl=(nil), fd=0
[0x6] ButtonPowerUSBTask: Use tslib
[0x6] ButtonPowerUSBTask: tslib: ts_config failed
[0x6] LoadTSLib: use_tslib=0, handle=0x181540, tsl=(nil), fd=0
[0x6] ButtonPowerUSBTask: Use tslib
[0x6] ButtonPowerUSBTask: tslib: ts_config failed
[0x6] LoadTSLib: use_tslib=0, handle=0x1a0fa0, tsl=(nil), fd=0
[0x6] ButtonPowerUSBTask: Use tslib
[0x6] ButtonPowerUSBTask: tslib: ts_config failed
[0x6] LoadTSLib: use_tslib=0, handle=0x181540, tsl=(nil), fd=0
[0x6] ButtonPowerUSBTask: Use tslib
[0x6] ButtonPowerUSBTask: tslib: ts_config failed
[0x6] LoadTSLib: use_tslib=0, handle=0x814a0, tsl=(nil), fd=0
[0x6] ButtonPowerUSBTask: Use tslib
[0x6] ButtonPowerUSBTask: tslib: ts_config failed
[0x6] LoadTSLib: use_tslib=0, handle=0x181540, tsl=(nil), fd=0
[0x6] ButtonPowerUSBTask: Use tslib
[0x6] ButtonPowerUSBTask: tslib: ts_config failed
[0x6] LoadTSLib: use_tslib=0, handle=0x1a0fa0, tsl=(nil), fd=0
[0x6] ButtonPowerUSBTask: Use tslib
[0x6] ButtonPowerUSBTask: tslib: ts_config failed
[0x6] LoadTSLib: use_tslib=0, handle=0x181540, tsl=(nil), fd=0
[0x6] ButtonPowerUSBTask: Use tslib
[0x6] ButtonPowerUSBTask: tslib: ts_config failed
[0x6] LoadTSLib: use_tslib=0, handle=0x814a0, tsl=(nil), fd=0
[0x6] ButtonPowerUSBTask: Use tslib
[0x6] ButtonPowerUSBTask: tslib: ts_config failed
[0x6] LoadTSLib: use_tslib=0, handle=0x181540, tsl=(nil), fd=0
[0x6] ButtonPowerUSBTask: Use tslib
[0x6] ButtonPowerUSBTask: tslib: ts_config failed
[0x6] LoadTSLib: use_tslib=0, handle=0x1a0fa0, tsl=(nil), fd=0
[0x6] ButtonPowerUSBTask: Use tslib
[0x6] ButtonPowerUSBTask: tslib: ts_config failed
[0x6] LoadTSLib: use_tslib=0, handle=0x181540, tsl=(nil), fd=0
[0x6] ButtonPowerUSBTask: Use tslib
[0x6] ButtonPowerUSBTask: tslib: ts_config failed
[0x6] LoadTSLib: use_tslib=0, handle=0x814a0, tsl=(nil), fd=0
[0x6] ButtonPowerUSBTask: Use tslib
[0x6] ButtonPowerUSBTask: tslib: ts_config failed
[0x6] LoadTSLib: use_tslib=0, handle=0x181540, tsl=(nil), fd=0
[0x6] ButtonPowerUSBTask: Use tslib
[0x6] ButtonPowerUSBTask: tslib: ts_config failed
[0x6] LoadTSLib: use_tslib=0, handle=0x1a0fa0, tsl=(nil), fd=0
[0x6] ButtonPowerUSBTask: Use tslib
[0x6] ButtonPowerUSBTask: tslib: ts_config failed
[0x6] LoadTSLib: use_tslib=0, handle=0x181540, tsl=(nil), fd=0
[0x6] ButtonPowerUSBTask: Use tslib
[0x6] ButtonPowerUSBTask: tslib: ts_config failed
[0x6] LoadTSLib: use_tslib=0, handle=0x814a0, tsl=(nil), fd=0
[0x6] ButtonPowerUSBTask: Use tslib
[0x6] ButtonPowerUSBTask: tslib: ts_config failed
[0x6] LoadTSLib: use_tslib=0, handle=0x181540, tsl=(nil), fd=0
[0x6] ButtonPowerUSBTask: Use tslib
[0x6] ButtonPowerUSBTask: tslib: ts_config failed
[0x6] LoadTSLib: use_tslib=0, handle=0x1a0fa0, tsl=(nil), fd=0
[0x6] ButtonPowerUSBTask: Use tslib
[0x6] ButtonPowerUSBTask: tslib: ts_config failed
[0x6] LoadTSLib: use_tslib=0, handle=0x181540, tsl=(nil), fd=0
[0x6] ButtonPowerUSBTask: Use tslib
[0x6] ButtonPowerUSBTask: tslib: ts_config failed
[0x6] LoadTSLib: use_tslib=0, handle=0x814a0, tsl=(nil), fd=0
[0x6] ButtonPowerUSBTask: Use tslib
[0x6] ButtonPowerUSBTask: tslib: ts_config failed
[0x6] LoadTSLib: use_tslib=0, handle=0x181540, tsl=(nil), fd=0
[0x6] ButtonPowerUSBTask: Use tslib
[0x6] ButtonPowerUSBTask: tslib: ts_config failed
[0x6] LoadTSLib: use_tslib=0, handle=0x1a0fa0, tsl=(nil), fd=0
[0x6] ButtonPowerUSBTask: Use tslib
[0x6] ButtonPowerUSBTask: tslib: ts_config failed
[0x6] LoadTSLib: use_tslib=0, handle=0x181540, tsl=(nil), fd=0
[0x6] ButtonPowerUSBTask: Use tslib
[0x6] ButtonPowerUSBTask: tslib: ts_config failed
[0x6] LoadTSLib: use_tslib=0, handle=0x814a0, tsl=(nil), fd=0
[0x6] ButtonPowerUSBTask: Use tslib
[0x6] ButtonPowerUSBTask: tslib: ts_config failed
[0x6] LoadTSLib: use_tslib=0, handle=0x181540, tsl=(nil), fd=0
[0x6] ButtonPowerUSBTask: Use tslib
[0x6] ButtonPowerUSBTask: tslib: ts_config failed
[0x6] LoadTSLib: use_tslib=0, handle=0x1a0fa0, tsl=(nil), fd=0
[0x6] ButtonPowerUSBTask: Use tslib
[0x6] ButtonPowerUSBTask: tslib: ts_config failed
[0x6] LoadTSLib: use_tslib=0, handle=0x181540, tsl=(nil), fd=0
[0x6] ButtonPowerUSBTask: Use tslib
[0x6] ButtonPowerUSBTask: tslib: ts_config failed
[0x6] LoadTSLib: use_tslib=0, handle=0x814a0, tsl=(nil), fd=0
[0x6] ButtonPowerUSBTask: Use tslib
[0x6] ButtonPowerUSBTask: tslib: ts_config failed
[0x6] LoadTSLib: use_tslib=0, handle=0x181540, tsl=(nil), fd=0
[0x6] ButtonPowerUSBTask: Use tslib
[0x6] ButtonPowerUSBTask: tslib: ts_config failed
[0x6] LoadTSLib: use_tslib=0, handle=0x1a0fa0, tsl=(nil), fd=0
[0x6] ButtonPowerUSBTask: Use tslib
[0x6] ButtonPowerUSBTask: tslib: ts_config failed
[0x6] LoadTSLib: use_tslib=0, handle=0x181540, tsl=(nil), fd=0
[0x6] ButtonPowerUSBTask: Use tslib
[0x6] ButtonPowerUSBTask: tslib: ts_config failed
[0x6] LoadTSLib: use_tslib=0, handle=0x814a0, tsl=(nil), fd=0
[0x6] ButtonPowerUSBTask: Use tslib
[0x6] ButtonPowerUSBTask: tslib: ts_config failed
[0x6] LoadTSLib: use_tslib=0, handle=0x181540, tsl=(nil), fd=0
[0x6] ButtonPowerUSBTask: Use tslib
[0x6] ButtonPowerUSBTask: tslib: ts_config failed
[0x6] LoadTSLib: use_tslib=0, handle=0x1a0fa0, tsl=(nil), fd=0
[0x6] ButtonPowerUSBTask: Use tslib
[0x6] ButtonPowerUSBTask: tslib: ts_config failed
[0x6] LoadTSLib: use_tslib=0, handle=0x181540, tsl=(nil), fd=0
[0x6] ButtonPowerUSBTask: Use tslib
[0x6] ButtonPowerUSBTask: tslib: ts_config failed
[0x6] LoadTSLib: use_tslib=0, handle=0x814a0, tsl=(nil), fd=0
[0x6] ButtonPowerUSBTask: Use tslib
[0x6] ButtonPowerUSBTask: tslib: ts_config failed
[0x6] LoadTSLib: use_tslib=0, handle=0x181540, tsl=(nil), fd=0
[0x6] ButtonPowerUSBTask: Use tslib
[0x6] ButtonPowerUSBTask: tslib: ts_config failed
[0x6] LoadTSLib: use_tslib=0, handle=0x1a0fa0, tsl=(nil), fd=0
[0x6] ButtonPowerUSBTask: Use tslib
[0x6] ButtonPowerUSBTask: tslib: ts_config failed
[0x6] LoadTSLib: use_tslib=0, handle=0x181540, tsl=(nil), fd=0
[0x6] ButtonPowerUSBTask: Use tslib
[0x6] ButtonPowerUSBTask: tslib: ts_config failed
[0x6] LoadTSLib: use_tslib=0, handle=0x814a0, tsl=(nil), fd=0
[0x6] ButtonPowerUSBTask: Use tslib
[0x6] ButtonPowerUSBTask: tslib: ts_config failed
[0x6] LoadTSLib: use_tslib=0, handle=0x181540, tsl=(nil), fd=0
[0x6] ButtonPowerUSBTask: Use tslib
[0x6] ButtonPowerUSBTask: tslib: ts_config failed
[0x6] LoadTSLib: use_tslib=0, handle=0x1a0fa0, tsl=(nil), fd=0
[0x6] ButtonPowerUSBTask: Use tslib
[0x6] ButtonPowerUSBTask: tslib: ts_config failed
[0x6] LoadTSLib: use_tslib=0, handle=0x181540, tsl=(nil), fd=0
[0x6] ButtonPowerUSBTask: Use tslib
[0x6] ButtonPowerUSBTask: tslib: ts_config failed
[0x6] LoadTSLib: use_tslib=0, handle=0x814a0, tsl=(nil), fd=0
[0x6] ButtonPowerUSBTask: Use tslib
[0x6] ButtonPowerUSBTask: tslib: ts_config failed
[0x6] LoadTSLib: use_tslib=0, handle=0x181540, tsl=(nil), fd=0
[0x6] ButtonPowerUSBTask: Use tslib
[0x6] ButtonPowerUSBTask: tslib: ts_config failed
[0x6] LoadTSLib: use_tslib=0, handle=0x1a0fa0, tsl=(nil), fd=0
[0x6] ButtonPowerUSBTask: Use tslib
[0x6] ButtonPowerUSBTask: tslib: ts_config failed
[0x6] LoadTSLib: use_tslib=0, handle=0x181540, tsl=(nil), fd=0
[0x6] ButtonPowerUSBTask: Use tslib
[0x6] ButtonPowerUSBTask: tslib: ts_config failed
[0x6] LoadTSLib: use_tslib=0, handle=0x814a0, tsl=(nil), fd=0
[0x6] ButtonPowerUSBTask: Use tslib
[0x6] ButtonPowerUSBTask: tslib: ts_config failed
[0x6] LoadTSLib: use_tslib=0, handle=0x181540, tsl=(nil), fd=0
[0x6] ButtonPowerUSBTask: Use tslib
[0x6] ButtonPowerUSBTask: tslib: ts_config failed
[0x6] LoadTSLib: use_tslib=0, handle=0x1a0fa0, tsl=(nil), fd=0
[0x6] ButtonPowerUSBTask: Use tslib
[0x6] ButtonPowerUSBTask: tslib: ts_config failed
[0x6] LoadTSLib: use_tslib=0, handle=0x181540, tsl=(nil), fd=0
[0x6] ButtonPowerUSBTask: Use tslib
[0x6] ButtonPowerUSBTask: tslib: ts_config failed
[0x6] LoadTSLib: use_tslib=0, handle=0x814a0, tsl=(nil), fd=0
[0x6] ButtonPowerUSBTask: Use tslib
[0x6] ButtonPowerUSBTask: tslib: ts_config failed
[0x6] LoadTSLib: use_tslib=0, handle=0x181540, tsl=(nil), fd=0
[0x6] ButtonPowerUSBTask: Use tslib
[0x6] ButtonPowerUSBTask: tslib: ts_config failed
[0x6] LoadTSLib: use_tslib=0, handle=0x1a0fa0, tsl=(nil), fd=0
[0x6] ButtonPowerUSBTask: Use tslib
[0x6] ButtonPowerUSBTask: tslib: ts_config failed
[0x6] LoadTSLib: use_tslib=0, handle=0x181540, tsl=(nil), fd=0
[0x6] ButtonPowerUSBTask: Use tslib
[0x6] ButtonPowerUSBTask: tslib: ts_config failed
[0x6] LoadTSLib: use_tslib=0, handle=0x814a0, tsl=(nil), fd=0
[0x6] ButtonPowerUSBTask: Use tslib
[0x6] ButtonPowerUSBTask: tslib: ts_config failed
[0x6] LoadTSLib: use_tslib=0, handle=0x181540, tsl=(nil), fd=0
[0x6] ButtonPowerUSBTask: Use tslib
[0x6] ButtonPowerUSBTask: tslib: ts_config failed
[0x6] LoadTSLib: use_tslib=0, handle=0x1a0fa0, tsl=(nil), fd=0
[0x6] ButtonPowerUSBTask: Use tslib
[0x6] ButtonPowerUSBTask: tslib: ts_config failed
[0x6] LoadTSLib: use_tslib=0, handle=0x181540, tsl=(nil), fd=0
[0x6] ButtonPowerUSBTask: Use tslib
[0x6] ButtonPowerUSBTask: tslib: ts_config failed
[0x6] LoadTSLib: use_tslib=0, handle=0x814a0, tsl=(nil), fd=0
[0x6] ButtonPowerUSBTask: Use tslib
[0x6] ButtonPowerUSBTask: tslib: ts_config failed
[0x6] LoadTSLib: use_tslib=0, handle=0x181540, tsl=(nil), fd=0
[0x6] ButtonPowerUSBTask: Use tslib
[0x6] ButtonPowerUSBTask: tslib: ts_config failed
[0x6] LoadTSLib: use_tslib=0, handle=0x1a0fa0, tsl=(nil), fd=0
[0x6] ButtonPowerUSBTask: Use tslib
[0x6] ButtonPowerUSBTask: tslib: ts_config failed
[0x6] LoadTSLib: use_tslib=0, handle=0x181540, tsl=(nil), fd=0
[0x6] ButtonPowerUSBTask: Use tslib
[0x6] ButtonPowerUSBTask: tslib: ts_config failed
[0x6] LoadTSLib: use_tslib=0, handle=0x814a0, tsl=(nil), fd=0
[0x6] ButtonPowerUSBTask: Use tslib
[0x6] ButtonPowerUSBTask: tslib: ts_config failed
[0x6] LoadTSLib: use_tslib=0, handle=0x181540, tsl=(nil), fd=0
[0x6] ButtonPowerUSBTask: Use tslib
[0x6] ButtonPowerUSBTask: tslib: ts_config failed
[0x6] LoadTSLib: use_tslib=0, handle=0x1a0fa0, tsl=(nil), fd=0
[0x6] ButtonPowerUSBTask: Use tslib
[0x6] ButtonPowerUSBTask: tslib: ts_config failed
[0x6] LoadTSLib: use_tslib=0, handle=0x181540, tsl=(nil), fd=0
[0x6] ButtonPowerUSBTask: Use tslib
[0x6] ButtonPowerUSBTask: tslib: ts_config failed
[0x6] LoadTSLib: use_tslib=0, handle=0x814a0, tsl=(nil), fd=0
[0x6] ButtonPowerUSBTask: Use tslib
[0x6] ButtonPowerUSBTask: tslib: ts_config failed
[0x6] LoadTSLib: use_tslib=0, handle=0x181540, tsl=(nil), fd=0
[0x6] ButtonPowerUSBTask: Use tslib
[0x6] ButtonPowerUSBTask: tslib: ts_config failed
[0x6] LoadTSLib: use_tslib=0, handle=0x1a0fa0, tsl=(nil), fd=0
[0x6] ButtonPowerUSBTask: Use tslib
[0x6] ButtonPowerUSBTask: tslib: ts_config failed
[0x6] LoadTSLib: use_tslib=0, handle=0x181540, tsl=(nil), fd=0
[0x6] ButtonPowerUSBTask: Use tslib
[0x6] ButtonPowerUSBTask: tslib: ts_config failed
[0x6] LoadTSLib: use_tslib=0, handle=0x814a0, tsl=(nil), fd=0
[0x6] ButtonPowerUSBTask: Use tslib
[0x6] ButtonPowerUSBTask: tslib: ts_config failed
[0x6] LoadTSLib: use_tslib=0, handle=0x181540, tsl=(nil), fd=0
[0x6] ButtonPowerUSBTask: Use tslib
[0x6] ButtonPowerUSBTask: tslib: ts_config failed
[0x6] LoadTSLib: use_tslib=0, handle=0x1a0fa0, tsl=(nil), fd=0
[0x6] ButtonPowerUSBTask: Use tslib
[0x6] ButtonPowerUSBTask: tslib: ts_config failed
[0x6] LoadTSLib: use_tslib=0, handle=0x181540, tsl=(nil), fd=0
[0x6] ButtonPowerUSBTask: Use tslib
[0x6] ButtonPowerUSBTask: tslib: ts_config failed
[0x6] LoadTSLib: use_tslib=0, handle=0x814a0, tsl=(nil), fd=0
[0x6] ButtonPowerUSBTask: Use tslib
[0x6] ButtonPowerUSBTask: tslib: ts_config failed
[0x6] LoadTSLib: use_tslib=0, handle=0x181540, tsl=(nil), fd=0
[0x6] ButtonPowerUSBTask: Use tslib
[0x6] ButtonPowerUSBTask: tslib: ts_config failed
[0x6] LoadTSLib: use_tslib=0, handle=0x1a0fa0, tsl=(nil), fd=0
[0x6] ButtonPowerUSBTask: Use tslib
[0x6] ButtonPowerUSBTask: tslib: ts_config failed
[0x6] LoadTSLib: use_tslib=0, handle=0x181540, tsl=(nil), fd=0
[0x6] ButtonPowerUSBTask: Use tslib
[0x6] ButtonPowerUSBTask: tslib: ts_config failed
[0x6] LoadTSLib: use_tslib=0, handle=0x814a0, tsl=(nil), fd=0
[0x6] ButtonPowerUSBTask: Use tslib
[0x6] ButtonPowerUSBTask: tslib: ts_config failed
[0x6] LoadTSLib: use_tslib=0, handle=0x181540, tsl=(nil), fd=0
[0x6] ButtonPowerUSBTask: Use tslib
[0x6] ButtonPowerUSBTask: tslib: ts_config failed
[0x6] LoadTSLib: use_tslib=0, handle=0x1a0fa0, tsl=(nil), fd=0
[0x6] ButtonPowerUSBTask: Use tslib
[0x6] ButtonPowerUSBTask: tslib: ts_config failed
[0x6] LoadTSLib: use_tslib=0, handle=0x181540, tsl=(nil), fd=0
[0x6] ButtonPowerUSBTask: Use tslib
[0x6] ButtonPowerUSBTask: tslib: ts_config failed
[0x6] LoadTSLib: use_tslib=0, handle=0x814a0, tsl=(nil), fd=0
[0x6] ButtonPowerUSBTask: Use tslib
[0x6] ButtonPowerUSBTask: tslib: ts_config failed
[0x6] LoadTSLib: use_tslib=0, handle=0x181540, tsl=(nil), fd=0
[0x6] ButtonPowerUSBTask: Use tslib
[0x6] ButtonPowerUSBTask: tslib: ts_config failed
[0x6] LoadTSLib: use_tslib=0, handle=0x1a0fa0, tsl=(nil), fd=0
[0x6] ButtonPowerUSBTask: Use tslib
[0x6] ButtonPowerUSBTask: tslib: ts_config failed
[0x6] LoadTSLib: use_tslib=0, handle=0x181540, tsl=(nil), fd=0
[0x6] ButtonPowerUSBTask: Use tslib
[0x6] ButtonPowerUSBTask: tslib: ts_config failed
[0x6] LoadTSLib: use_tslib=0, handle=0x814a0, tsl=(nil), fd=0
[0x6] ButtonPowerUSBTask: Use tslib
[0x6] ButtonPowerUSBTask: tslib: ts_config failed
[0x6] LoadTSLib: use_tslib=0, handle=0x181540, tsl=(nil), fd=0
[0x6] ButtonPowerUSBTask: Use tslib
[0x6] ButtonPowerUSBTask: tslib: ts_config failed
[0x6] LoadTSLib: use_tslib=0, handle=0x1a0fa0, tsl=(nil), fd=0
[0x6] ButtonPowerUSBTask: Use tslib
[0x6] ButtonPowerUSBTask: tslib: ts_config failed
[0x6] LoadTSLib: use_tslib=0, handle=0x181540, tsl=(nil), fd=0
[0x6] ButtonPowerUSBTask: Use tslib
[0x6] ButtonPowerUSBTask: tslib: ts_config failed
[0x6] LoadTSLib: use_tslib=0, handle=0x814a0, tsl=(nil), fd=0
[0x6] ButtonPowerUSBTask: Use tslib
[0x6] ButtonPowerUSBTask: tslib: ts_config failed
[0x6] LoadTSLib: use_tslib=0, handle=0x181540, tsl=(nil), fd=0
[0x6] ButtonPowerUSBTask: Use tslib
[0x6] ButtonPowerUSBTask: tslib: ts_config failed
[0x6] LoadTSLib: use_tslib=0, handle=0x1a0fa0, tsl=(nil), fd=0
[0x6] ButtonPowerUSBTask: Use tslib
[0x6] ButtonPowerUSBTask: tslib: ts_config failed
[0x6] LoadTSLib: use_tslib=0, handle=0x181540, tsl=(nil), fd=0
[0x6] ButtonPowerUSBTask: Use tslib
[0x6] ButtonPowerUSBTask: tslib: ts_config failed
[0x6] LoadTSLib: use_tslib=0, handle=0x814a0, tsl=(nil), fd=0
[0x6] ButtonPowerUSBTask: Use tslib
[0x6] ButtonPowerUSBTask: tslib: ts_config failed
[0x6] LoadTSLib: use_tslib=0, handle=0x181540, tsl=(nil), fd=0
[0x6] ButtonPowerUSBTask: Use tslib
[0x6] ButtonPowerUSBTask: tslib: ts_config failed
[0x6] LoadTSLib: use_tslib=0, handle=0x1a0fa0, tsl=(nil), fd=0
[0x6] ButtonPowerUSBTask: Use tslib
[0x6] ButtonPowerUSBTask: tslib: ts_config failed
[0x6] LoadTSLib: use_tslib=0, handle=0x181540, tsl=(nil), fd=0
[0x6] ButtonPowerUSBTask: Use tslib
[0x6] ButtonPowerUSBTask: tslib: ts_config failed
[0x6] LoadTSLib: use_tslib=0, handle=0x814a0, tsl=(nil), fd=0
[0x6] ButtonPowerUSBTask: Use tslib
[0x6] ButtonPowerUSBTask: tslib: ts_config failed
[0x6] LoadTSLib: use_tslib=0, handle=0x181540, tsl=(nil), fd=0
[0x6] ButtonPowerUSBTask: Use tslib
[0x6] ButtonPowerUSBTask: tslib: ts_config failed
[0x6] LoadTSLib: use_tslib=0, handle=0x1a0fa0, tsl=(nil), fd=0
[0x6] ButtonPowerUSBTask: Use tslib
[0x6] ButtonPowerUSBTask: tslib: ts_config failed
[0x6] LoadTSLib: use_tslib=0, handle=0x181540, tsl=(nil), fd=0
[0x6] ButtonPowerUSBTask: Use tslib
[0x6] ButtonPowerUSBTask: tslib: ts_config failed
[0x6] LoadTSLib: use_tslib=0, handle=0x814a0, tsl=(nil), fd=0
[0x6] ButtonPowerUSBTask: Use tslib
[0x6] ButtonPowerUSBTask: tslib: ts_config failed
[0x6] LoadTSLib: use_tslib=0, handle=0x181540, tsl=(nil), fd=0
[0x6] ButtonPowerUSBTask: Use tslib
[0x6] ButtonPowerUSBTask: tslib: ts_config failed
[0x6] LoadTSLib: use_tslib=0, handle=0x1a0fa0, tsl=(nil), fd=0
[0x6] ButtonPowerUSBTask: Use tslib
[0x6] ButtonPowerUSBTask: tslib: ts_config failed
[0x6] LoadTSLib: use_tslib=0, handle=0x181540, tsl=(nil), fd=0
[0x6] ButtonPowerUSBTask: Use tslib
[0x6] ButtonPowerUSBTask: tslib: ts_config failed
[0x6] LoadTSLib: use_tslib=0, handle=0x814a0, tsl=(nil), fd=0
[0x6] ButtonPowerUSBTask: Use tslib
[0x6] ButtonPowerUSBTask: tslib: ts_config failed
[0x6] LoadTSLib: use_tslib=0, handle=0x181540, tsl=(nil), fd=0
[0x6] ButtonPowerUSBTask: Use tslib
[0x6] ButtonPowerUSBTask: tslib: ts_config failed
[0x6] LoadTSLib: use_tslib=0, handle=0x1a0fa0, tsl=(nil), fd=0
[0x6] ButtonPowerUSBTask: Use tslib
[0x6] ButtonPowerUSBTask: tslib: ts_config failed
[0x6] LoadTSLib: use_tslib=0, handle=0x181540, tsl=(nil), fd=0
[0x6] ButtonPowerUSBTask: Use tslib
[0x6] ButtonPowerUSBTask: tslib: ts_config failed
[0x6] LoadTSLib: use_tslib=0, handle=0x814a0, tsl=(nil), fd=0
[0x6] ButtonPowerUSBTask: Use tslib
[0x6] ButtonPowerUSBTask: tslib: ts_config failed
[0x6] LoadTSLib: use_tslib=0, handle=0x181540, tsl=(nil), fd=0
[0x6] ButtonPowerUSBTask: Use tslib
[0x6] ButtonPowerUSBTask: tslib: ts_config failed
[0x6] LoadTSLib: use_tslib=0, handle=0x1a0fa0, tsl=(nil), fd=0
[0x6] ButtonPowerUSBTask: Use tslib
[0x6] ButtonPowerUSBTask: tslib: ts_config failed
[0x6] LoadTSLib: use_tslib=0, handle=0x181540, tsl=(nil), fd=0
[0x6] ButtonPowerUSBTask: Use tslib
[0x6] ButtonPowerUSBTask: tslib: ts_config failed
[0x6] LoadTSLib: use_tslib=0, handle=0x814a0, tsl=(nil), fd=0
[0x6] ButtonPowerUSBTask: Use tslib
[0x6] ButtonPowerUSBTask: tslib: ts_config failed
[0x6] LoadTSLib: use_tslib=0, handle=0x181540, tsl=(nil), fd=0
[0x6] ButtonPowerUSBTask: Use tslib
[0x6] ButtonPowerUSBTask: tslib: ts_config failed
[0x6] LoadTSLib: use_tslib=0, handle=0x1a0fa0, tsl=(nil), fd=0
[0x6] ButtonPowerUSBTask: Use tslib
[0x6] ButtonPowerUSBTask: tslib: ts_config failed
[0x6] LoadTSLib: use_tslib=0, handle=0x181540, tsl=(nil), fd=0
[0x6] ButtonPowerUSBTask: Use tslib
[0x6] ButtonPowerUSBTask: tslib: ts_config failed
[0x6] LoadTSLib: use_tslib=0, handle=0x814a0, tsl=(nil), fd=0
[0x6] ButtonPowerUSBTask: Use tslib
[0x6] ButtonPowerUSBTask: tslib: ts_config failed
[0x6] LoadTSLib: use_tslib=0, handle=0x181540, tsl=(nil), fd=0
[0x6] ButtonPowerUSBTask: Use tslib
[0x6] ButtonPowerUSBTask: tslib: ts_config failed
[0x6] LoadTSLib: use_tslib=0, handle=0x1a0fa0, tsl=(nil), fd=0
[0x6] ButtonPowerUSBTask: Use tslib
[0x6] ButtonPowerUSBTask: tslib: ts_config failed
[0x6] LoadTSLib: use_tslib=0, handle=0x181540, tsl=(nil), fd=0
[0x6] ButtonPowerUSBTask: Use tslib
[0x6] ButtonPowerUSBTask: tslib: ts_config failed
[0x6] LoadTSLib: use_tslib=0, handle=0x814a0, tsl=(nil), fd=0
[0x6] ButtonPowerUSBTask: Use tslib
[0x6] ButtonPowerUSBTask: tslib: ts_config failed
[0x6] LoadTSLib: use_tslib=0, handle=0x181540, tsl=(nil), fd=0
[0x6] ButtonPowerUSBTask: Use tslib
[0x6] ButtonPowerUSBTask: tslib: ts_config failed
[0x6] LoadTSLib: use_tslib=0, handle=0x1a0fa0, tsl=(nil), fd=0
[0x6] ButtonPowerUSBTask: Use tslib
[0x6] ButtonPowerUSBTask: tslib: ts_config failed
[0x6] LoadTSLib: use_tslib=0, handle=0x181540, tsl=(nil), fd=0
[0x6] ButtonPowerUSBTask: Use tslib
[0x6] ButtonPowerUSBTask: tslib: ts_config failed
[0x6] LoadTSLib: use_tslib=0, handle=0x814a0, tsl=(nil), fd=0
[0x6] ButtonPowerUSBTask: Use tslib
[0x6] ButtonPowerUSBTask: tslib: ts_config failed
[0x6] LoadTSLib: use_tslib=0, handle=0x181540, tsl=(nil), fd=0
[0x6] ButtonPowerUSBTask: Use tslib
[0x6] ButtonPowerUSBTask: tslib: ts_config failed
[0x6] LoadTSLib: use_tslib=0, handle=0x1a0fa0, tsl=(nil), fd=0
[0x6] ButtonPowerUSBTask: Use tslib
[0x6] ButtonPowerUSBTask: tslib: ts_config failed
[0x6] LoadTSLib: use_tslib=0, handle=0x181540, tsl=(nil), fd=0
[0x6] ButtonPowerUSBTask: Use tslib
[0x6] ButtonPowerUSBTask: tslib: ts_config failed
[0x6] LoadTSLib: use_tslib=0, handle=0x814a0, tsl=(nil), fd=0
[0x6] ButtonPowerUSBTask: Use tslib
[0x6] ButtonPowerUSBTask: tslib: ts_config failed
[0x6] LoadTSLib: use_tslib=0, handle=0x181540, tsl=(nil), fd=0
[0x6] ButtonPowerUSBTask: Use tslib
[0x6] ButtonPowerUSBTask: tslib: ts_config failed
[0x6] LoadTSLib: use_tslib=0, handle=0x1a0fa0, tsl=(nil), fd=0
[0x6] ButtonPowerUSBTask: Use tslib
[0x6] ButtonPowerUSBTask: tslib: ts_config failed
[0x6] LoadTSLib: use_tslib=0, handle=0x181540, tsl=(nil), fd=0
[0x6] ButtonPowerUSBTask: Use tslib
[0x6] ButtonPowerUSBTask: tslib: ts_config failed
[0x6] LoadTSLib: use_tslib=0, handle=0x814a0, tsl=(nil), fd=0
[0x6] ButtonPowerUSBTask: Use tslib
[0x6] ButtonPowerUSBTask: tslib: ts_config failed
[0x6] LoadTSLib: use_tslib=0, handle=0x181540, tsl=(nil), fd=0
[0x6] ButtonPowerUSBTask: Use tslib
[0x6] ButtonPowerUSBTask: tslib: ts_config failed
[0x6] LoadTSLib: use_tslib=0, handle=0x1a0fa0, tsl=(nil), fd=0
[0x6] ButtonPowerUSBTask: Use tslib
[0x6] ButtonPowerUSBTask: tslib: ts_config failed
[0x6] LoadTSLib: use_tslib=0, handle=0x181540, tsl=(nil), fd=0
[0x6] ButtonPowerUSBTask: Use tslib
[0x6] ButtonPowerUSBTask: tslib: ts_config failed
[0x6] LoadTSLib: use_tslib=0, handle=0x814a0, tsl=(nil), fd=0
[0x6] ButtonPowerUSBTask: Use tslib
[0x6] ButtonPowerUSBTask: tslib: ts_config failed
[0x6] LoadTSLib: use_tslib=0, handle=0x181540, tsl=(nil), fd=0
[0x6] ButtonPowerUSBTask: Use tslib
[0x6] ButtonPowerUSBTask: tslib: ts_config failed
[0x6] LoadTSLib: use_tslib=0, handle=0x1a0fa0, tsl=(nil), fd=0
[0x6] ButtonPowerUSBTask: Use tslib
[0x6] ButtonPowerUSBTask: tslib: ts_config failed
[0x6] LoadTSLib: use_tslib=0, handle=0x181540, tsl=(nil), fd=0
[0x6] ButtonPowerUSBTask: Use tslib
[0x6] ButtonPowerUSBTask: tslib: ts_config failed
[0x6] LoadTSLib: use_tslib=0, handle=0x814a0, tsl=(nil), fd=0
[0x6] ButtonPowerUSBTask: Use tslib
[0x6] ButtonPowerUSBTask: tslib: ts_config failed
[0x6] LoadTSLib: use_tslib=0, handle=0x181540, tsl=(nil), fd=0
[0x6] ButtonPowerUSBTask: Use tslib
[0x6] ButtonPowerUSBTask: tslib: ts_config failed
[0x6] LoadTSLib: use_tslib=0, handle=0x1a0fa0, tsl=(nil), fd=0
[0x6] ButtonPowerUSBTask: Use tslib
[0x6] ButtonPowerUSBTask: tslib: ts_config failed
[0x6] LoadTSLib: use_tslib=0, handle=0x181540, tsl=(nil), fd=0
[0x6] ButtonPowerUSBTask: Use tslib
[0x6] ButtonPowerUSBTask: tslib: ts_config failed
[0x6] LoadTSLib: use_tslib=0, handle=0x814a0, tsl=(nil), fd=0
[0x6] ButtonPowerUSBTask: Use tslib
[0x6] ButtonPowerUSBTask: tslib: ts_config failed
[0x6] LoadTSLib: use_tslib=0, handle=0x181540, tsl=(nil), fd=0
[0x6] ButtonPowerUSBTask: Use tslib
[0x6] ButtonPowerUSBTask: tslib: ts_config failed
[0x6] LoadTSLib: use_tslib=0, handle=0x1a0fa0, tsl=(nil), fd=0
[0x6] ButtonPowerUSBTask: Use tslib
[0x6] ButtonPowerUSBTask: tslib: ts_config failed
[0x6] LoadTSLib: use_tslib=0, handle=0x181540, tsl=(nil), fd=0
[0x6] ButtonPowerUSBTask: Use tslib
[0x6] ButtonPowerUSBTask: tslib: ts_config failed
[0x6] LoadTSLib: use_tslib=0, handle=0x814a0, tsl=(nil), fd=0
[0x6] ButtonPowerUSBTask: Use tslib
[0x6] ButtonPowerUSBTask: tslib: ts_config failed
[0x6] LoadTSLib: use_tslib=0, handle=0x181540, tsl=(nil), fd=0
[0x6] ButtonPowerUSBTask: Use tslib
[0x6] ButtonPowerUSBTask: tslib: ts_config failed
[0x6] LoadTSLib: use_tslib=0, handle=0x1a0fa0, tsl=(nil), fd=0
[0x6] ButtonPowerUSBTask: Use tslib
[0x6] ButtonPowerUSBTask: tslib: ts_config failed
[0x6] LoadTSLib: use_tslib=0, handle=0x181540, tsl=(nil), fd=0
[0x6] ButtonPowerUSBTask: Use tslib
[0x6] ButtonPowerUSBTask: tslib: ts_config failed
[0x6] LoadTSLib: use_tslib=0, handle=0x814a0, tsl=(nil), fd=0
[0x6] ButtonPowerUSBTask: Use tslib
[0x6] ButtonPowerUSBTask: tslib: ts_config failed
[0x6] LoadTSLib: use_tslib=0, handle=0x181540, tsl=(nil), fd=0
[0x6] ButtonPowerUSBTask: Use tslib
[0x6] ButtonPowerUSBTask: tslib: ts_config failed
[0x6] LoadTSLib: use_tslib=0, handle=0x1a0fa0, tsl=(nil), fd=0
[0x6] ButtonPowerUSBTask: Use tslib
[0x6] ButtonPowerUSBTask: tslib: ts_config failed
[0x6] LoadTSLib: use_tslib=0, handle=0x181540, tsl=(nil), fd=0
[0x6] ButtonPowerUSBTask: Use tslib
[0x6] ButtonPowerUSBTask: tslib: ts_config failed
[0x6] LoadTSLib: use_tslib=0, handle=0x814a0, tsl=(nil), fd=0
[0x6] ButtonPowerUSBTask: Use tslib
[0x6] ButtonPowerUSBTask: tslib: ts_config failed
[0x6] LoadTSLib: use_tslib=0, handle=0x181540, tsl=(nil), fd=0
[0x6] ButtonPowerUSBTask: Use tslib
[0x6] ButtonPowerUSBTask: tslib: ts_config failed
[0x6] LoadTSLib: use_tslib=0, handle=0x1a0fa0, tsl=(nil), fd=0
[0x6] ButtonPowerUSBTask: Use tslib
[0x6] ButtonPowerUSBTask: tslib: ts_config failed
[0x6] LoadTSLib: use_tslib=0, handle=0x181540, tsl=(nil), fd=0
[0x6] ButtonPowerUSBTask: Use tslib
[0x6] ButtonPowerUSBTask: tslib: ts_config failed
[0x6] LoadTSLib: use_tslib=0, handle=0x814a0, tsl=(nil), fd=0
[0x6] ButtonPowerUSBTask: Use tslib
[0x6] ButtonPowerUSBTask: tslib: ts_config failed
[0x6] LoadTSLib: use_tslib=0, handle=0x181540, tsl=(nil), fd=0
[0x6] ButtonPowerUSBTask: Use tslib
[0x6] ButtonPowerUSBTask: tslib: ts_config failed
[0x6] LoadTSLib: use_tslib=0, handle=0x1a0fa0, tsl=(nil), fd=0
[0x6] ButtonPowerUSBTask: Use tslib
[0x6] ButtonPowerUSBTask: tslib: ts_config failed
[0x6] LoadTSLib: use_tslib=0, handle=0x181540, tsl=(nil), fd=0
[0x6] ButtonPowerUSBTask: Use tslib
[0x6] ButtonPowerUSBTask: tslib: ts_config failed
[0x6] LoadTSLib: use_tslib=0, handle=0x814a0, tsl=(nil), fd=0
[0x6] ButtonPowerUSBTask: Use tslib
[0x6] ButtonPowerUSBTask: tslib: ts_config failed
[0x6] LoadTSLib: use_tslib=0, handle=0x181540, tsl=(nil), fd=0
[0x6] ButtonPowerUSBTask: Use tslib
[0x6] ButtonPowerUSBTask: tslib: ts_config failed
[0x6] LoadTSLib: use_tslib=0, handle=0x1a0fa0, tsl=(nil), fd=0
[0x6] ButtonPowerUSBTask: Use tslib
[0x6] ButtonPowerUSBTask: tslib: ts_config failed
[0x6] LoadTSLib: use_tslib=0, handle=0x181540, tsl=(nil), fd=0
[0x6] ButtonPowerUSBTask: Use tslib
[0x6] ButtonPowerUSBTask: tslib: ts_config failed
[0x6] LoadTSLib: use_tslib=0, handle=0x814a0, tsl=(nil), fd=0
[0x6] ButtonPowerUSBTask: Use tslib
[0x6] ButtonPowerUSBTask: tslib: ts_config failed
[0x6] LoadTSLib: use_tslib=0, handle=0x181540, tsl=(nil), fd=0
[0x6] ButtonPowerUSBTask: Use tslib
[0x6] ButtonPowerUSBTask: tslib: ts_config failed
[0x6] LoadTSLib: use_tslib=0, handle=0x1a0fa0, tsl=(nil), fd=0
[0x6] ButtonPowerUSBTask: Use tslib
[0x6] ButtonPowerUSBTask: tslib: ts_config failed
[0x6] LoadTSLib: use_tslib=0, handle=0x181540, tsl=(nil), fd=0
[0x6] ButtonPowerUSBTask: Use tslib
[0x6] ButtonPowerUSBTask: tslib: ts_config failed
[0x6] LoadTSLib: use_tslib=0, handle=0x814a0, tsl=(nil), fd=0
[0x6] ButtonPowerUSBTask: Use tslib
[0x6] ButtonPowerUSBTask: tslib: ts_config failed
[0x6] LoadTSLib: use_tslib=0, handle=0x181540, tsl=(nil), fd=0
[0x6] ButtonPowerUSBTask: Use tslib
[0x6] ButtonPowerUSBTask: tslib: ts_config failed
[0x6] LoadTSLib: use_tslib=0, handle=0x1a0fa0, tsl=(nil), fd=0
[0x6] ButtonPowerUSBTask: Use tslib
[0x6] ButtonPowerUSBTask: tslib: ts_config failed
[0x6] LoadTSLib: use_tslib=0, handle=0x181540, tsl=(nil), fd=0
[0x6] ButtonPowerUSBTask: Use tslib
[0x6] ButtonPowerUSBTask: tslib: ts_config failed
[0x6] LoadTSLib: use_tslib=0, handle=0x814a0, tsl=(nil), fd=0
[0x6] ButtonPowerUSBTask: Use tslib
[0x6] ButtonPowerUSBTask: tslib: ts_config failed
[0x6] LoadTSLib: use_tslib=0, handle=0x181540, tsl=(nil), fd=0
[0x6] ButtonPowerUSBTask: Use tslib
[0x6] ButtonPowerUSBTask: tslib: ts_config failed
[0x6] LoadTSLib: use_tslib=0, handle=0x1a0fa0, tsl=(nil), fd=0
[0x6] ButtonPowerUSBTask: Use tslib
[0x6] ButtonPowerUSBTask: tslib: ts_config failed
[0x6] LoadTSLib: use_tslib=0, handle=0x181540, tsl=(nil), fd=0
[0x6] ButtonPowerUSBTask: Use tslib
[0x6] ButtonPowerUSBTask: tslib: ts_config failed
[0x6] LoadTSLib: use_tslib=0, handle=0x814a0, tsl=(nil), fd=0
[0x6] ButtonPowerUSBTask: Use tslib
[0x6] ButtonPowerUSBTask: tslib: ts_config failed
[0x6] LoadTSLib: use_tslib=0, handle=0x181540, tsl=(nil), fd=0
[0x6] ButtonPowerUSBTask: Use tslib
[0x6] ButtonPowerUSBTask: tslib: ts_config failed
[0x6] LoadTSLib: use_tslib=0, handle=0x1a0fa0, tsl=(nil), fd=0
[0x6] ButtonPowerUSBTask: Use tslib
[0x6] ButtonPowerUSBTask: tslib: ts_config failed
[0x6] LoadTSLib: use_tslib=0, handle=0x181540, tsl=(nil), fd=0
[0x6] ButtonPowerUSBTask: Use tslib
[0x6] ButtonPowerUSBTask: tslib: ts_config failed
[0x6] LoadTSLib: use_tslib=0, handle=0x814a0, tsl=(nil), fd=0
[0x6] ButtonPowerUSBTask: Use tslib
[0x6] ButtonPowerUSBTask: tslib: ts_config failed
[0x6] LoadTSLib: use_tslib=0, handle=0x181540, tsl=(nil), fd=0
[0x6] ButtonPowerUSBTask: Use tslib
[0x6] ButtonPowerUSBTask: tslib: ts_config failed
[0x6] LoadTSLib: use_tslib=0, handle=0x1a0fa0, tsl=(nil), fd=0
[0x6] ButtonPowerUSBTask: Use tslib
[0x6] ButtonPowerUSBTask: tslib: ts_config failed
[0x6] LoadTSLib: use_tslib=0, handle=0x7f3d8, tsl=(nil), fd=0
[0x6] ButtonPowerUSBTask: Use tslib
[0x6] ButtonPowerUSBTask: tslib: ts_config failed
[0x6] LoadTSLib: use_tslib=0, handle=0x181540, tsl=(nil), fd=0
[0x6] ButtonPowerUSBTask: Use tslib
[0x6] ButtonPowerUSBTask: tslib: ts_config failed
[0x6] LoadTSLib: use_tslib=0, handle=0x1a0fa0, tsl=(nil), fd=0
[0x6] ButtonPowerUSBTask: Use tslib
[0x6] ButtonPowerUSBTask: tslib: ts_config failed
[0x6] LoadTSLib: use_tslib=0, handle=0x181540, tsl=(nil), fd=0
[0x6] ButtonPowerUSBTask: Use tslib
[0x6] ButtonPowerUSBTask: tslib: ts_config failed
[0x6] LoadTSLib: use_tslib=0, handle=0x814a0, tsl=(nil), fd=0
[0x6] ButtonPowerUSBTask: Use tslib
[0x6] ButtonPowerUSBTask: tslib: ts_config failed
[0x6] LoadTSLib: use_tslib=0, handle=0x181540, tsl=(nil), fd=0
[0x6] ButtonPowerUSBTask: Use tslib
[0x6] ButtonPowerUSBTask: tslib: ts_config failed
[0x6] LoadTSLib: use_tslib=0, handle=0x1a0fa0, tsl=(nil), fd=0
[0x6] ButtonPowerUSBTask: Use tslib
[0x6] ButtonPowerUSBTask: tslib: ts_config failed
[0x6] LoadTSLib: use_tslib=0, handle=0x181540, tsl=(nil), fd=0
[0x6] ButtonPowerUSBTask: Use tslib
[0x6] ButtonPowerUSBTask: tslib: ts_config failed
[0x6] LoadTSLib: use_tslib=0, handle=0x814a0, tsl=(nil), fd=0
[0x6] ButtonPowerUSBTask: Use tslib
[0x6] ButtonPowerUSBTask: tslib: ts_config failed
[0x6] LoadTSLib: use_tslib=0, handle=0x181540, tsl=(nil), fd=0
[0x6] ButtonPowerUSBTask: Use tslib
[0x6] ButtonPowerUSBTask: tslib: ts_config failed
[0x6] LoadTSLib: use_tslib=0, handle=0x1a0fa0, tsl=(nil), fd=0
[0x6] ButtonPowerUSBTask: Use tslib
[0x6] ButtonPowerUSBTask: tslib: ts_config failed
[0x6] LoadTSLib: use_tslib=0, handle=0x181540, tsl=(nil), fd=0
[0x6] ButtonPowerUSBTask: Use tslib
[0x6] ButtonPowerUSBTask: tslib: ts_config failed
[0x6] LoadTSLib: use_tslib=0, handle=0x814a0, tsl=(nil), fd=0
[0x6] ButtonPowerUSBTask: Use tslib
[0x6] ButtonPowerUSBTask: tslib: ts_config failed
[0x6] LoadTSLib: use_tslib=0, handle=0x181540, tsl=(nil), fd=0
[0x6] ButtonPowerUSBTask: Use tslib
[0x6] ButtonPowerUSBTask: tslib: ts_config failed
[0x6] LoadTSLib: use_tslib=0, handle=0x1a0fa0, tsl=(nil), fd=0
[0x6] ButtonPowerUSBTask: Use tslib
[0x6] ButtonPowerUSBTask: tslib: ts_config failed
[0x6] LoadTSLib: use_tslib=0, handle=0x181540, tsl=(nil), fd=0
[0x6] ButtonPowerUSBTask: Use tslib
[0x6] ButtonPowerUSBTask: tslib: ts_config failed
[0x6] LoadTSLib: use_tslib=0, handle=0x814a0, tsl=(nil), fd=0
[0x6] ButtonPowerUSBTask: Use tslib
[0x6] ButtonPowerUSBTask: tslib: ts_config failed
[0x6] LoadTSLib: use_tslib=0, handle=0x181540, tsl=(nil), fd=0
[0x6] ButtonPowerUSBTask: Use tslib
[0x6] ButtonPowerUSBTask: tslib: ts_config failed
[0x6] LoadTSLib: use_tslib=0, handle=0x1a0fa0, tsl=(nil), fd=0
[0x6] ButtonPowerUSBTask: Use tslib
[0x6] ButtonPowerUSBTask: tslib: ts_config failed
[0x6] LoadTSLib: use_tslib=0, handle=0x181540, tsl=(nil), fd=0
[0x6] ButtonPowerUSBTask: Use tslib
[0x6] ButtonPowerUSBTask: tslib: ts_config failed
[0x6] LoadTSLib: use_tslib=0, handle=0x814a0, tsl=(nil), fd=0
[0x6] ButtonPowerUSBTask: Use tslib
[0x6] ButtonPowerUSBTask: tslib: ts_config failed
[0x6] LoadTSLib: use_tslib=0, handle=0x181540, tsl=(nil), fd=0
[0x6] ButtonPowerUSBTask: Use tslib
[0x6] ButtonPowerUSBTask: tslib: ts_config failed
[0x6] LoadTSLib: use_tslib=0, handle=0x1a0fa0, tsl=(nil), fd=0
[0x6] ButtonPowerUSBTask: Use tslib
[0x6] ButtonPowerUSBTask: tslib: ts_config failed
[0x6] LoadTSLib: use_tslib=0, handle=0x181540, tsl=(nil), fd=0
[0x6] ButtonPowerUSBTask: Use tslib
[0x6] ButtonPowerUSBTask: tslib: ts_config failed
[0x6] LoadTSLib: use_tslib=0, handle=0x814a0, tsl=(nil), fd=0
[0x6] ButtonPowerUSBTask: Use tslib
[0x6] ButtonPowerUSBTask: tslib: ts_config failed
[0x6] LoadTSLib: use_tslib=0, handle=0x181540, tsl=(nil), fd=0
[0x6] ButtonPowerUSBTask: Use tslib
[0x6] ButtonPowerUSBTask: tslib: ts_config failed
[0x6] LoadTSLib: use_tslib=0, handle=0x1a0fa0, tsl=(nil), fd=0
[0x6] ButtonPowerUSBTask: Use tslib
[0x6] ButtonPowerUSBTask: tslib: ts_config failed
[0x6] LoadTSLib: use_tslib=0, handle=0x181540, tsl=(nil), fd=0
[0x6] ButtonPowerUSBTask: Use tslib
[0x6] ButtonPowerUSBTask: tslib: ts_config failed
[0x6] LoadTSLib: use_tslib=0, handle=0x814a0, tsl=(nil), fd=0
[0x6] ButtonPowerUSBTask: Use tslib
[0x6] ButtonPowerUSBTask: tslib: ts_config failed
[0x6] LoadTSLib: use_tslib=0, handle=0x181540, tsl=(nil), fd=0
[0x6] ButtonPowerUSBTask: Use tslib
[0x6] ButtonPowerUSBTask: tslib: ts_config failed
[0x6] LoadTSLib: use_tslib=0, handle=0x1a0fa0, tsl=(nil), fd=0
[0x6] ButtonPowerUSBTask: Use tslib
[0x6] ButtonPowerUSBTask: tslib: ts_config failed
[0x6] LoadTSLib: use_tslib=0, handle=0x181540, tsl=(nil), fd=0
[0x6] ButtonPowerUSBTask: Use tslib
[0x6] ButtonPowerUSBTask: tslib: ts_config failed
[0x6] LoadTSLib: use_tslib=0, handle=0x814a0, tsl=(nil), fd=0
[0x6] ButtonPowerUSBTask: Use tslib
[0x6] ButtonPowerUSBTask: tslib: ts_config failed
[0x6] LoadTSLib: use_tslib=0, handle=0x181540, tsl=(nil), fd=0
[0x6] ButtonPowerUSBTask: Use tslib
[0x6] ButtonPowerUSBTask: tslib: ts_config failed
[0x6] LoadTSLib: use_tslib=0, handle=0x1a0fa0, tsl=(nil), fd=0
[0x6] ButtonPowerUSBTask: Use tslib
[0x6] ButtonPowerUSBTask: tslib: ts_config failed
[0x6] LoadTSLib: use_tslib=0, handle=0x181540, tsl=(nil), fd=0
[0x6] ButtonPowerUSBTask: Use tslib
[0x6] ButtonPowerUSBTask: tslib: ts_config failed
[0x6] LoadTSLib: use_tslib=0, handle=0x814a0, tsl=(nil), fd=0
[0x6] ButtonPowerUSBTask: Use tslib
[0x6] ButtonPowerUSBTask: tslib: ts_config failed
[0x6] LoadTSLib: use_tslib=0, handle=0x181540, tsl=(nil), fd=0
[0x6] ButtonPowerUSBTask: Use tslib
[0x6] ButtonPowerUSBTask: tslib: ts_config failed
[0x6] LoadTSLib: use_tslib=0, handle=0x1a0fa0, tsl=(nil), fd=0
[0x6] ButtonPowerUSBTask: Use tslib
[0x6] ButtonPowerUSBTask: tslib: ts_config failed
[0x6] LoadTSLib: use_tslib=0, handle=0x181540, tsl=(nil), fd=0
[0x6] ButtonPowerUSBTask: Use tslib
[0x6] ButtonPowerUSBTask: tslib: ts_config failed
[0x6] LoadTSLib: use_tslib=0, handle=0x814a0, tsl=(nil), fd=0
[0x6] ButtonPowerUSBTask: Use tslib
[0x6] ButtonPowerUSBTask: tslib: ts_config failed
[0x6] LoadTSLib: use_tslib=0, handle=0x181540, tsl=(nil), fd=0
[0x6] ButtonPowerUSBTask: Use tslib
[0x6] ButtonPowerUSBTask: tslib: ts_config failed
[0x6] LoadTSLib: use_tslib=0, handle=0x1a0fa0, tsl=(nil), fd=0
[0x6] ButtonPowerUSBTask: Use tslib
[0x6] ButtonPowerUSBTask: tslib: ts_config failed
[0x6] LoadTSLib: use_tslib=0, handle=0x181540, tsl=(nil), fd=0
[0x6] ButtonPowerUSBTask: Use tslib
[0x6] ButtonPowerUSBTask: tslib: ts_config failed
[0x6] LoadTSLib: use_tslib=0, handle=0x814a0, tsl=(nil), fd=0
[0x6] ButtonPowerUSBTask: Use tslib
[0x6] ButtonPowerUSBTask: tslib: ts_config failed
[0x6] LoadTSLib: use_tslib=0, handle=0x181540, tsl=(nil), fd=0
[0x6] ButtonPowerUSBTask: Use tslib
[0x6] ButtonPowerUSBTask: tslib: ts_config failed
[0x6] LoadTSLib: use_tslib=0, handle=0x1a0fa0, tsl=(nil), fd=0
[0x6] ButtonPowerUSBTask: Use tslib
[0x6] ButtonPowerUSBTask: tslib: ts_config failed
[0x6] LoadTSLib: use_tslib=0, handle=0x181540, tsl=(nil), fd=0
[0x6] ButtonPowerUSBTask: Use tslib
[0x6] ButtonPowerUSBTask: tslib: ts_config failed
[0x6] LoadTSLib: use_tslib=0, handle=0x814a0, tsl=(nil), fd=0
[0x6] ButtonPowerUSBTask: Use tslib
[0x6] ButtonPowerUSBTask: tslib: ts_config failed
[0x6] LoadTSLib: use_tslib=0, handle=0x181540, tsl=(nil), fd=0
[0x6] ButtonPowerUSBTask: Use tslib
[0x6] ButtonPowerUSBTask: tslib: ts_config failed
[0x6] LoadTSLib: use_tslib=0, handle=0x1a0fa0, tsl=(nil), fd=0
[0x6] ButtonPowerUSBTask: Use tslib
[0x6] ButtonPowerUSBTask: tslib: ts_config failed
[0x6] LoadTSLib: use_tslib=0, handle=0x181540, tsl=(nil), fd=0
[0x6] ButtonPowerUSBTask: Use tslib
[0x6] ButtonPowerUSBTask: tslib: ts_config failed
[0x6] LoadTSLib: use_tslib=0, handle=0x814a0, tsl=(nil), fd=0
[0x6] ButtonPowerUSBTask: Use tslib
[0x6] ButtonPowerUSBTask: tslib: ts_config failed
[0x6] LoadTSLib: use_tslib=0, handle=0x181540, tsl=(nil), fd=0
[0x6] ButtonPowerUSBTask: Use tslib
[0x6] ButtonPowerUSBTask: tslib: ts_config failed
[0x6] LoadTSLib: use_tslib=0, handle=0x1a0fa0, tsl=(nil), fd=0
[0x6] ButtonPowerUSBTask: Use tslib
[0x6] ButtonPowerUSBTask: tslib: ts_config failed
[0x6] LoadTSLib: use_tslib=0, handle=0x181540, tsl=(nil), fd=0
[0x6] ButtonPowerUSBTask: Use tslib
[0x6] ButtonPowerUSBTask: tslib: ts_config failed
[0x6] LoadTSLib: use_tslib=0, handle=0x814a0, tsl=(nil), fd=0
[0x6] ButtonPowerUSBTask: Use tslib
[0x6] ButtonPowerUSBTask: tslib: ts_config failed
[0x6] LoadTSLib: use_tslib=0, handle=0x181540, tsl=(nil), fd=0
[0x6] ButtonPowerUSBTask: Use tslib
[0x6] ButtonPowerUSBTask: tslib: ts_config failed
[0x6] LoadTSLib: use_tslib=0, handle=0x1a0fa0, tsl=(nil), fd=0
[0x6] ButtonPowerUSBTask: Use tslib
[0x6] ButtonPowerUSBTask: tslib: ts_config failed
[0x6] LoadTSLib: use_tslib=0, handle=0x181540, tsl=(nil), fd=0
[0x6] ButtonPowerUSBTask: Use tslib
[0x6] ButtonPowerUSBTask: tslib: ts_config failed
[0x6] LoadTSLib: use_tslib=0, handle=0x814a0, tsl=(nil), fd=0
[0x6] ButtonPowerUSBTask: Use tslib
[0x6] ButtonPowerUSBTask: tslib: ts_config failed
[0x6] LoadTSLib: use_tslib=0, handle=0x181540, tsl=(nil), fd=0
[0x6] ButtonPowerUSBTask: Use tslib
[0x6] ButtonPowerUSBTask: tslib: ts_config failed
[0x6] LoadTSLib: use_tslib=0, handle=0x1a0fa0, tsl=(nil), fd=0
[0x6] ButtonPowerUSBTask: Use tslib
[0x6] ButtonPowerUSBTask: tslib: ts_config failed
[0x6] LoadTSLib: use_tslib=0, handle=0x181540, tsl=(nil), fd=0
[0x6] ButtonPowerUSBTask: Use tslib
[0x6] ButtonPowerUSBTask: tslib: ts_config failed
[0x6] LoadTSLib: use_tslib=0, handle=0x814a0, tsl=(nil), fd=0
[0x6] ButtonPowerUSBTask: Use tslib
[0x6] ButtonPowerUSBTask: tslib: ts_config failed
[0x6] LoadTSLib: use_tslib=0, handle=0x181540, tsl=(nil), fd=0
[0x6] ButtonPowerUSBTask: Use tslib
[0x6] ButtonPowerUSBTask: tslib: ts_config failed
[0x6] LoadTSLib: use_tslib=0, handle=0x1a0fa0, tsl=(nil), fd=0
[0x6] ButtonPowerUSBTask: Use tslib
[0x6] ButtonPowerUSBTask: tslib: ts_config failed
[0x6] LoadTSLib: use_tslib=0, handle=0x181540, tsl=(nil), fd=0
[0x6] ButtonPowerUSBTask: Use tslib
[0x6] ButtonPowerUSBTask: tslib: ts_config failed
[0x6] LoadTSLib: use_tslib=0, handle=0x814a0, tsl=(nil), fd=0
[0x6] ButtonPowerUSBTask: Use tslib
[0x6] ButtonPowerUSBTask: tslib: ts_config failed
[0x6] LoadTSLib: use_tslib=0, handle=0x181540, tsl=(nil), fd=0
[0x6] ButtonPowerUSBTask: Use tslib
[0x6] ButtonPowerUSBTask: tslib: ts_config failed
[0x6] LoadTSLib: use_tslib=0, handle=0x1a0fa0, tsl=(nil), fd=0
[0x6] ButtonPowerUSBTask: Use tslib
[0x6] ButtonPowerUSBTask: tslib: ts_config failed
[0x6] LoadTSLib: use_tslib=0, handle=0x181540, tsl=(nil), fd=0
[0x6] ButtonPowerUSBTask: Use tslib
[0x6] ButtonPowerUSBTask: tslib: ts_config failed
[0x6] LoadTSLib: use_tslib=0, handle=0x814a0, tsl=(nil), fd=0
[0x6] ButtonPowerUSBTask: Use tslib
[0x6] ButtonPowerUSBTask: tslib: ts_config failed
[0x6] LoadTSLib: use_tslib=0, handle=0x181540, tsl=(nil), fd=0
[0x6] ButtonPowerUSBTask: Use tslib
[0x6] ButtonPowerUSBTask: tslib: ts_config failed
[0x6] LoadTSLib: use_tslib=0, handle=0x1a0fa0, tsl=(nil), fd=0
[0x6] ButtonPowerUSBTask: Use tslib
[0x6] ButtonPowerUSBTask: tslib: ts_config failed
[0x6] LoadTSLib: use_tslib=0, handle=0x181540, tsl=(nil), fd=0
[0x6] ButtonPowerUSBTask: Use tslib
[0x6] ButtonPowerUSBTask: tslib: ts_config failed
[0x6] LoadTSLib: use_tslib=0, handle=0x814a0, tsl=(nil), fd=0
[0x6] ButtonPowerUSBTask: Use tslib
[0x6] ButtonPowerUSBTask: tslib: ts_config failed
[0x6] LoadTSLib: use_tslib=0, handle=0x181540, tsl=(nil), fd=0
[0x6] ButtonPowerUSBTask: Use tslib
[0x6] ButtonPowerUSBTask: tslib: ts_config failed
[0x6] LoadTSLib: use_tslib=0, handle=0x1a0fa0, tsl=(nil), fd=0
[0x6] ButtonPowerUSBTask: Use tslib
[0x6] ButtonPowerUSBTask: tslib: ts_config failed
[0x6] LoadTSLib: use_tslib=0, handle=0x181540, tsl=(nil), fd=0
[0x6] ButtonPowerUSBTask: Use tslib
[0x6] ButtonPowerUSBTask: tslib: ts_config failed
[0x6] LoadTSLib: use_tslib=0, handle=0x814a0, tsl=(nil), fd=0
[0x6] ButtonPowerUSBTask: Use tslib
[0x6] ButtonPowerUSBTask: tslib: ts_config failed
[0x6] LoadTSLib: use_tslib=0, handle=0x181540, tsl=(nil), fd=0
[0x6] ButtonPowerUSBTask: Use tslib
[0x6] ButtonPowerUSBTask: tslib: ts_config failed
[0x6] LoadTSLib: use_tslib=0, handle=0x1a0fa0, tsl=(nil), fd=0
[0x6] ButtonPowerUSBTask: Use tslib
[0x6] ButtonPowerUSBTask: tslib: ts_config failed
[0x6] LoadTSLib: use_tslib=0, handle=0x181540, tsl=(nil), fd=0
[0x6] ButtonPowerUSBTask: Use tslib
[0x6] ButtonPowerUSBTask: tslib: ts_config failed
[0x6] LoadTSLib: use_tslib=0, handle=0x814a0, tsl=(nil), fd=0
[0x6] ButtonPowerUSBTask: Use tslib
[0x6] ButtonPowerUSBTask: tslib: ts_config failed
[0x6] LoadTSLib: use_tslib=0, handle=0x181540, tsl=(nil), fd=0
[0x6] ButtonPowerUSBTask: Use tslib
[0x6] ButtonPowerUSBTask: tslib: ts_config failed
[0x6] LoadTSLib: use_tslib=0, handle=0x1a0fa0, tsl=(nil), fd=0
[0x6] ButtonPowerUSBTask: Use tslib
[0x6] ButtonPowerUSBTask: tslib: ts_config failed
[0x6] LoadTSLib: use_tslib=0, handle=0x181540, tsl=(nil), fd=0
[0x6] ButtonPowerUSBTask: Use tslib
[0x6] ButtonPowerUSBTask: tslib: ts_config failed
[0x6] LoadTSLib: use_tslib=0, handle=0x814a0, tsl=(nil), fd=0
[0x6] ButtonPowerUSBTask: Use tslib
[0x6] ButtonPowerUSBTask: tslib: ts_config failed
[0x6] LoadTSLib: use_tslib=0, handle=0x181540, tsl=(nil), fd=0
[0x6] ButtonPowerUSBTask: Use tslib
[0x6] ButtonPowerUSBTask: tslib: ts_config failed
[0x6] LoadTSLib: use_tslib=0, handle=0x1a0fa0, tsl=(nil), fd=0
[0x6] ButtonPowerUSBTask: Use tslib
[0x6] ButtonPowerUSBTask: tslib: ts_config failed
[0x6] LoadTSLib: use_tslib=0, handle=0x181540, tsl=(nil), fd=0
[0x6] ButtonPowerUSBTask: Use tslib
[0x6] ButtonPowerUSBTask: tslib: ts_config failed
[0x6] LoadTSLib: use_tslib=0, handle=0x814a0, tsl=(nil), fd=0
[0x6] ButtonPowerUSBTask: Use tslib
[0x6] ButtonPowerUSBTask: tslib: ts_config failed
[0x6] LoadTSLib: use_tslib=0, handle=0x181540, tsl=(nil), fd=0
[0x6] ButtonPowerUSBTask: Use tslib
[0x6] ButtonPowerUSBTask: tslib: ts_config failed
[0x6] LoadTSLib: use_tslib=0, handle=0x1a0fa0, tsl=(nil), fd=0
[0x6] ButtonPowerUSBTask: Use tslib
[0x6] ButtonPowerUSBTask: tslib: ts_config failed
[0x6] LoadTSLib: use_tslib=0, handle=0x181540, tsl=(nil), fd=0
[0x6] ButtonPowerUSBTask: Use tslib
[0x6] ButtonPowerUSBTask: tslib: ts_config failed
[0x6] LoadTSLib: use_tslib=0, handle=0x814a0, tsl=(nil), fd=0
[0x6] ButtonPowerUSBTask: Use tslib
[0x6] ButtonPowerUSBTask: tslib: ts_config failed
[0x6] LoadTSLib: use_tslib=0, handle=0x181540, tsl=(nil), fd=0
[0x6] ButtonPowerUSBTask: Use tslib
[0x6] ButtonPowerUSBTask: tslib: ts_config failed
[0x6] LoadTSLib: use_tslib=0, handle=0x1a0fa0, tsl=(nil), fd=0
[0x6] ButtonPowerUSBTask: Use tslib
[0x6] ButtonPowerUSBTask: tslib: ts_config failed
[0x6] LoadTSLib: use_tslib=0, handle=0x181540, tsl=(nil), fd=0
[0x6] ButtonPowerUSBTask: Use tslib
[0x6] ButtonPowerUSBTask: tslib: ts_config failed
[0x6] LoadTSLib: use_tslib=0, handle=0x814a0, tsl=(nil), fd=0
[0x6] ButtonPowerUSBTask: Use tslib
[0x6] ButtonPowerUSBTask: tslib: ts_config failed
[0x6] LoadTSLib: use_tslib=0, handle=0x181540, tsl=(nil), fd=0
[0x6] ButtonPowerUSBTask: Use tslib
[0x6] ButtonPowerUSBTask: tslib: ts_config failed
[0x6] LoadTSLib: use_tslib=0, handle=0x1a0fa0, tsl=(nil), fd=0
[0x6] ButtonPowerUSBTask: Use tslib
[0x6] ButtonPowerUSBTask: tslib: ts_config failed
[0x6] LoadTSLib: use_tslib=0, handle=0x181540, tsl=(nil), fd=0
[0x6] ButtonPowerUSBTask: Use tslib
[0x6] ButtonPowerUSBTask: tslib: ts_config failed
[0x6] LoadTSLib: use_tslib=0, handle=0x814a0, tsl=(nil), fd=0
[0x6] ButtonPowerUSBTask: Use tslib
[0x6] ButtonPowerUSBTask: tslib: ts_config failed
[0x6] LoadTSLib: use_tslib=0, handle=0x181540, tsl=(nil), fd=0
[0x6] ButtonPowerUSBTask: Use tslib
[0x6] ButtonPowerUSBTask: tslib: ts_config failed
[0x6] LoadTSLib: use_tslib=0, handle=0x1a0fa0, tsl=(nil), fd=0
[0x6] ButtonPowerUSBTask: Use tslib
[0x6] ButtonPowerUSBTask: tslib: ts_config failed
[0x6] LoadTSLib: use_tslib=0, handle=0x181540, tsl=(nil), fd=0
[0x6] ButtonPowerUSBTask: Use tslib
[0x6] ButtonPowerUSBTask: tslib: ts_config failed
[0x6] LoadTSLib: use_tslib=0, handle=0x814a0, tsl=(nil), fd=0
[0x6] ButtonPowerUSBTask: Use tslib
[0x6] ButtonPowerUSBTask: tslib: ts_config failed
[0x6] LoadTSLib: use_tslib=0, handle=0x181540, tsl=(nil), fd=0
[0x6] ButtonPowerUSBTask: Use tslib
[0x6] ButtonPowerUSBTask: tslib: ts_config failed
[0x6] LoadTSLib: use_tslib=0, handle=0x1a0fa0, tsl=(nil), fd=0
[0x6] ButtonPowerUSBTask: Use tslib
[0x6] ButtonPowerUSBTask: tslib: ts_config failed
[0x6] LoadTSLib: use_tslib=0, handle=0x181540, tsl=(nil), fd=0
[0x6] ButtonPowerUSBTask: Use tslib
[0x6] ButtonPowerUSBTask: tslib: ts_config failed
[0x6] LoadTSLib: use_tslib=0, handle=0x814a0, tsl=(nil), fd=0
[0x6] ButtonPowerUSBTask: Use tslib
[0x6] ButtonPowerUSBTask: tslib: ts_config failed
[0x6] LoadTSLib: use_tslib=0, handle=0x181540, tsl=(nil), fd=0
[0x6] ButtonPowerUSBTask: Use tslib
[0x6] ButtonPowerUSBTask: tslib: ts_config failed
[0x6] LoadTSLib: use_tslib=0, handle=0x1a0fa0, tsl=(nil), fd=0
[0x6] ButtonPowerUSBTask: Use tslib
[0x6] ButtonPowerUSBTask: tslib: ts_config failed
[0x6] LoadTSLib: use_tslib=0, handle=0x181540, tsl=(nil), fd=0
[0x6] ButtonPowerUSBTask: Use tslib
[0x6] ButtonPowerUSBTask: tslib: ts_config failed
[0x6] LoadTSLib: use_tslib=0, handle=0x814a0, tsl=(nil), fd=0
[0x6] ButtonPowerUSBTask: Use tslib
[0x6] ButtonPowerUSBTask: tslib: ts_config failed
[0x6] LoadTSLib: use_tslib=0, handle=0x181540, tsl=(nil), fd=0
[0x6] ButtonPowerUSBTask: Use tslib
[0x6] ButtonPowerUSBTask: tslib: ts_config failed
[0x6] LoadTSLib: use_tslib=0, handle=0x1a0fa0, tsl=(nil), fd=0
[0x6] ButtonPowerUSBTask: Use tslib
[0x6] ButtonPowerUSBTask: tslib: ts_config failed
[0x6] LoadTSLib: use_tslib=0, handle=0x181540, tsl=(nil), fd=0
[0x6] ButtonPowerUSBTask: Use tslib
[0x6] ButtonPowerUSBTask: tslib: ts_config failed
[0x6] LoadTSLib: use_tslib=0, handle=0x814a0, tsl=(nil), fd=0
[0x6] ButtonPowerUSBTask: Use tslib
[0x6] ButtonPowerUSBTask: tslib: ts_config failed
[0x6] LoadTSLib: use_tslib=0, handle=0x181540, tsl=(nil), fd=0
[0x6] ButtonPowerUSBTask: Use tslib
[0x6] ButtonPowerUSBTask: tslib: ts_config failed
[0x6] LoadTSLib: use_tslib=0, handle=0x1a0fa0, tsl=(nil), fd=0
[0x6] ButtonPowerUSBTask: Use tslib
[0x6] ButtonPowerUSBTask: tslib: ts_config failed
[0x6] LoadTSLib: use_tslib=0, handle=0x181540, tsl=(nil), fd=0
[0x6] ButtonPowerUSBTask: Use tslib
[0x6] ButtonPowerUSBTask: tslib: ts_config failed
[0x6] LoadTSLib: use_tslib=0, handle=0x814a0, tsl=(nil), fd=0
[0x6] ButtonPowerUSBTask: Use tslib
[0x6] ButtonPowerUSBTask: tslib: ts_config failed
[0x6] LoadTSLib: use_tslib=0, handle=0x181540, tsl=(nil), fd=0
[0x6] ButtonPowerUSBTask: Use tslib
[0x6] ButtonPowerUSBTask: tslib: ts_config failed
[0x6] LoadTSLib: use_tslib=0, handle=0x1a0fa0, tsl=(nil), fd=0
[0x6] ButtonPowerUSBTask: Use tslib
[0x6] ButtonPowerUSBTask: tslib: ts_config failed
[0x6] LoadTSLib: use_tslib=0, handle=0x181540, tsl=(nil), fd=0
[0x6] ButtonPowerUSBTask: Use tslib
[0x6] ButtonPowerUSBTask: tslib: ts_config failed
[0x6] LoadTSLib: use_tslib=0, handle=0x814a0, tsl=(nil), fd=0
[0x6] ButtonPowerUSBTask: Use tslib
[0x6] ButtonPowerUSBTask: tslib: ts_config failed
[0x6] LoadTSLib: use_tslib=0, handle=0x181540, tsl=(nil), fd=0
[0x6] ButtonPowerUSBTask: Use tslib
[0x6] ButtonPowerUSBTask: tslib: ts_config failed
[0x6] LoadTSLib: use_tslib=0, handle=0x1a0fa0, tsl=(nil), fd=0
[0x6] ButtonPowerUSBTask: Use tslib
[0x6] ButtonPowerUSBTask: tslib: ts_config failed
[0x6] LoadTSLib: use_tslib=0, handle=0x181540, tsl=(nil), fd=0
[0x6] ButtonPowerUSBTask: Use tslib
[0x6] ButtonPowerUSBTask: tslib: ts_config failed
[0x6] LoadTSLib: use_tslib=0, handle=0x814a0, tsl=(nil), fd=0
[0x6] ButtonPowerUSBTask: Use tslib
[0x6] ButtonPowerUSBTask: tslib: ts_config failed
[0x6] LoadTSLib: use_tslib=0, handle=0x181540, tsl=(nil), fd=0
[0x6] ButtonPowerUSBTask: Use tslib
[0x6] ButtonPowerUSBTask: tslib: ts_config failed
[0x6] LoadTSLib: use_tslib=0, handle=0x1a0fa0, tsl=(nil), fd=0
[0x6] ButtonPowerUSBTask: Use tslib
[0x6] ButtonPowerUSBTask: tslib: ts_config failed
[0x6] LoadTSLib: use_tslib=0, handle=0x181540, tsl=(nil), fd=0
[0x6] ButtonPowerUSBTask: Use tslib
[0x6] ButtonPowerUSBTask: tslib: ts_config failed
[0x6] LoadTSLib: use_tslib=0, handle=0x814a0, tsl=(nil), fd=0
[0x6] ButtonPowerUSBTask: Use tslib
[0x6] ButtonPowerUSBTask: tslib: ts_config failed
[0x6] LoadTSLib: use_tslib=0, handle=0x181540, tsl=(nil), fd=0
[0x6] ButtonPowerUSBTask: Use tslib
[0x6] ButtonPowerUSBTask: tslib: ts_config failed
[0x6] LoadTSLib: use_tslib=0, handle=0x1a0fa0, tsl=(nil), fd=0
[0x6] ButtonPowerUSBTask: Use tslib
[0x6] ButtonPowerUSBTask: tslib: ts_config failed
[0x6] LoadTSLib: use_tslib=0, handle=0x181540, tsl=(nil), fd=0
[0x6] ButtonPowerUSBTask: Use tslib
[0x6] ButtonPowerUSBTask: tslib: ts_config failed
[0x6] LoadTSLib: use_tslib=0, handle=0x814a0, tsl=(nil), fd=0
[0x6] ButtonPowerUSBTask: Use tslib
[0x6] ButtonPowerUSBTask: tslib: ts_config failed
[0x6] LoadTSLib: use_tslib=0, handle=0x181540, tsl=(nil), fd=0
[0x6] ButtonPowerUSBTask: Use tslib
[0x6] ButtonPowerUSBTask: tslib: ts_config failed
[0x6] LoadTSLib: use_tslib=0, handle=0x1a0fa0, tsl=(nil), fd=0
[0x6] ButtonPowerUSBTask: Use tslib
[0x6] ButtonPowerUSBTask: tslib: ts_config failed
[0x6] LoadTSLib: use_tslib=0, handle=0x181540, tsl=(nil), fd=0
[0x6] ButtonPowerUSBTask: Use tslib
[0x6] ButtonPowerUSBTask: tslib: ts_config failed
[0x6] LoadTSLib: use_tslib=0, handle=0x814a0, tsl=(nil), fd=0
[0x6] ButtonPowerUSBTask: Use tslib
[0x6] ButtonPowerUSBTask: tslib: ts_config failed
[0x6] LoadTSLib: use_tslib=0, handle=0x181540, tsl=(nil), fd=0
[0x6] ButtonPowerUSBTask: Use tslib
[0x6] ButtonPowerUSBTask: tslib: ts_config failed
[0x6] LoadTSLib: use_tslib=0, handle=0x1a0fa0, tsl=(nil), fd=0
[0x6] ButtonPowerUSBTask: Use tslib
[0x6] ButtonPowerUSBTask: tslib: ts_config failed
[0x6] LoadTSLib: use_tslib=0, handle=0x181540, tsl=(nil), fd=0
[0x6] ButtonPowerUSBTask: Use tslib
[0x6] ButtonPowerUSBTask: tslib: ts_config failed
[0x6] LoadTSLib: use_tslib=0, handle=0x814a0, tsl=(nil), fd=0
[0x6] ButtonPowerUSBTask: Use tslib
[0x6] ButtonPowerUSBTask: tslib: ts_config failed
[0x6] LoadTSLib: use_tslib=0, handle=0x181540, tsl=(nil), fd=0
[0x6] ButtonPowerUSBTask: Use tslib
[0x6] ButtonPowerUSBTask: tslib: ts_config failed
[0x6] LoadTSLib: use_tslib=0, handle=0x1a0fa0, tsl=(nil), fd=0
[0x6] ButtonPowerUSBTask: Use tslib
[0x6] ButtonPowerUSBTask: tslib: ts_config failed
[0x6] LoadTSLib: use_tslib=0, handle=0x181540, tsl=(nil), fd=0
[0x6] ButtonPowerUSBTask: Use tslib
[0x6] ButtonPowerUSBTask: tslib: ts_config failed
[0x6] LoadTSLib: use_tslib=0, handle=0x814a0, tsl=(nil), fd=0
[0x6] ButtonPowerUSBTask: Use tslib
[0x6] ButtonPowerUSBTask: tslib: ts_config failed
[0x6] LoadTSLib: use_tslib=0, handle=0x181540, tsl=(nil), fd=0
[0x6] ButtonPowerUSBTask: Use tslib
[0x6] ButtonPowerUSBTask: tslib: ts_config failed
[0x6] LoadTSLib: use_tslib=0, handle=0x1a0fa0, tsl=(nil), fd=0
[0x6] ButtonPowerUSBTask: Use tslib
[0x6] ButtonPowerUSBTask: tslib: ts_config failed
[0x6] LoadTSLib: use_tslib=0, handle=0x181540, tsl=(nil), fd=0
[0x6] ButtonPowerUSBTask: Use tslib
[0x6] ButtonPowerUSBTask: tslib: ts_config failed
[0x6] LoadTSLib: use_tslib=0, handle=0x814a0, tsl=(nil), fd=0
[0x6] ButtonPowerUSBTask: Use tslib
[0x6] ButtonPowerUSBTask: tslib: ts_config failed
[0x6] LoadTSLib: use_tslib=0, handle=0x181540, tsl=(nil), fd=0
[0x6] ButtonPowerUSBTask: Use tslib
[0x6] ButtonPowerUSBTask: tslib: ts_config failed
[0x6] LoadTSLib: use_tslib=0, handle=0x1a0fa0, tsl=(nil), fd=0
[0x6] ButtonPowerUSBTask: Use tslib
[0x6] ButtonPowerUSBTask: tslib: ts_config failed
[0x6] LoadTSLib: use_tslib=0, handle=0x181540, tsl=(nil), fd=0
[0x6] ButtonPowerUSBTask: Use tslib
[0x6] ButtonPowerUSBTask: tslib: ts_config failed
[0x6] LoadTSLib: use_tslib=0, handle=0x814a0, tsl=(nil), fd=0
[0x6] ButtonPowerUSBTask: Use tslib
[0x6] ButtonPowerUSBTask: tslib: ts_config failed
[0x6] LoadTSLib: use_tslib=0, handle=0x181540, tsl=(nil), fd=0
[0x6] ButtonPowerUSBTask: Use tslib
[0x6] ButtonPowerUSBTask: tslib: ts_config failed
[0x6] LoadTSLib: use_tslib=0, handle=0x1a0fa0, tsl=(nil), fd=0
[0x6] ButtonPowerUSBTask: Use tslib
[0x6] ButtonPowerUSBTask: tslib: ts_config failed
[0x6] LoadTSLib: use_tslib=0, handle=0x181540, tsl=(nil), fd=0
[0x6] ButtonPowerUSBTask: Use tslib
[0x6] ButtonPowerUSBTask: tslib: ts_config failed
[0x6] LoadTSLib: use_tslib=0, handle=0x814a0, tsl=(nil), fd=0
[0x6] ButtonPowerUSBTask: Use tslib
[0x6] ButtonPowerUSBTask: tslib: ts_config failed
[0x6] LoadTSLib: use_tslib=0, handle=0x181540, tsl=(nil), fd=0
[0x6] ButtonPowerUSBTask: Use tslib
[0x6] ButtonPowerUSBTask: tslib: ts_config failed
[0x6] LoadTSLib: use_tslib=0, handle=0x1a0fa0, tsl=(nil), fd=0
[0x6] ButtonPowerUSBTask: Use tslib
[0x6] ButtonPowerUSBTask: tslib: ts_config failed
[0x6] LoadTSLib: use_tslib=0, handle=0x181540, tsl=(nil), fd=0
[0x6] ButtonPowerUSBTask: Use tslib
[0x6] ButtonPowerUSBTask: tslib: ts_config failed
[0x6] LoadTSLib: use_tslib=0, handle=0x814a0, tsl=(nil), fd=0
[0x6] ButtonPowerUSBTask: Use tslib
[0x6] ButtonPowerUSBTask: tslib: ts_config failed
[0x6] LoadTSLib: use_tslib=0, handle=0x181540, tsl=(nil), fd=0
[0x6] ButtonPowerUSBTask: Use tslib
[0x6] ButtonPowerUSBTask: tslib: ts_config failed
[0x6] LoadTSLib: use_tslib=0, handle=0x1a0fa0, tsl=(nil), fd=0
[0x6] ButtonPowerUSBTask: Use tslib
[0x6] ButtonPowerUSBTask: tslib: ts_config failed
[0x6] LoadTSLib: use_tslib=0, handle=0x181540, tsl=(nil), fd=0
[0x6] ButtonPowerUSBTask: Use tslib
[0x6] ButtonPowerUSBTask: tslib: ts_config failed
[0x6] LoadTSLib: use_tslib=0, handle=0x814a0, tsl=(nil), fd=0
[0x6] ButtonPowerUSBTask: Use tslib
[0x6] ButtonPowerUSBTask: tslib: ts_config failed
[0x6] LoadTSLib: use_tslib=0, handle=0x181540, tsl=(nil), fd=0
[0x6] ButtonPowerUSBTask: Use tslib
[0x6] ButtonPowerUSBTask: tslib: ts_config failed
[0x6] LoadTSLib: use_tslib=0, handle=0x1a0fa0, tsl=(nil), fd=0
[0x6] ButtonPowerUSBTask: Use tslib
[0x6] ButtonPowerUSBTask: tslib: ts_config failed
[0x6] LoadTSLib: use_tslib=0, handle=0x181540, tsl=(nil), fd=0
[0x6] ButtonPowerUSBTask: Use tslib
[0x6] ButtonPowerUSBTask: tslib: ts_config failed
[0x6] LoadTSLib: use_tslib=0, handle=0x814a0, tsl=(nil), fd=0
[0x6] ButtonPowerUSBTask: Use tslib
[0x6] ButtonPowerUSBTask: tslib: ts_config failed
[0x6] LoadTSLib: use_tslib=0, handle=0x181540, tsl=(nil), fd=0
[0x6] ButtonPowerUSBTask: Use tslib
[0x6] ButtonPowerUSBTask: tslib: ts_config failed
[0x6] LoadTSLib: use_tslib=0, handle=0x1a0fa0, tsl=(nil), fd=0
[0x6] ButtonPowerUSBTask: Use tslib
[0x6] ButtonPowerUSBTask: tslib: ts_config failed
[0x6] LoadTSLib: use_tslib=0, handle=0x181540, tsl=(nil), fd=0
[0x6] ButtonPowerUSBTask: Use tslib
[0x6] ButtonPowerUSBTask: tslib: ts_config failed
[0x6] LoadTSLib: use_tslib=0, handle=0x814a0, tsl=(nil), fd=0
[0x6] ButtonPowerUSBTask: Use tslib
[0x6] ButtonPowerUSBTask: tslib: ts_config failed
[0x6] LoadTSLib: use_tslib=0, handle=0x181540, tsl=(nil), fd=0
[0x6] ButtonPowerUSBTask: Use tslib
[0x6] ButtonPowerUSBTask: tslib: ts_config failed
[0x6] LoadTSLib: use_tslib=0, handle=0x1a0fa0, tsl=(nil), fd=0
[0x6] ButtonPowerUSBTask: Use tslib
[0x6] ButtonPowerUSBTask: tslib: ts_config failed
[0x6] LoadTSLib: use_tslib=0, handle=0x181540, tsl=(nil), fd=0
[0x6] ButtonPowerUSBTask: Use tslib
[0x6] ButtonPowerUSBTask: tslib: ts_config failed
[0x6] LoadTSLib: use_tslib=0, handle=0x814a0, tsl=(nil), fd=0
[0x6] ButtonPowerUSBTask: Use tslib
[0x6] ButtonPowerUSBTask: tslib: ts_config failed
[0x6] LoadTSLib: use_tslib=0, handle=0x181540, tsl=(nil), fd=0
[0x6] ButtonPowerUSBTask: Use tslib
[0x6] ButtonPowerUSBTask: tslib: ts_config failed
[0x6] LoadTSLib: use_tslib=0, handle=0x1a0fa0, tsl=(nil), fd=0
[0x6] ButtonPowerUSBTask: Use tslib
[0x6] ButtonPowerUSBTask: tslib: ts_config failed
[0x6] LoadTSLib: use_tslib=0, handle=0x181540, tsl=(nil), fd=0
[0x6] ButtonPowerUSBTask: Use tslib
[0x6] ButtonPowerUSBTask: tslib: ts_config failed
[0x6] LoadTSLib: use_tslib=0, handle=0x814a0, tsl=(nil), fd=0
[0x6] ButtonPowerUSBTask: Use tslib
[0x6] ButtonPowerUSBTask: tslib: ts_config failed
[0x6] LoadTSLib: use_tslib=0, handle=0x181540, tsl=(nil), fd=0
[0x6] ButtonPowerUSBTask: Use tslib
[0x6] ButtonPowerUSBTask: tslib: ts_config failed
[0x6] LoadTSLib: use_tslib=0, handle=0x1a0fa0, tsl=(nil), fd=0
[0x6] ButtonPowerUSBTask: Use tslib
[0x6] ButtonPowerUSBTask: tslib: ts_config failed
[0x6] LoadTSLib: use_tslib=0, handle=0x181540, tsl=(nil), fd=0
[0x6] ButtonPowerUSBTask: Use tslib
[0x6] ButtonPowerUSBTask: tslib: ts_config failed
[0x6] LoadTSLib: use_tslib=0, handle=0x814a0, tsl=(nil), fd=0
[0x6] ButtonPowerUSBTask: Use tslib
[0x6] ButtonPowerUSBTask: tslib: ts_config failed
[0x6] LoadTSLib: use_tslib=0, handle=0x181540, tsl=(nil), fd=0
[0x6] ButtonPowerUSBTask: Use tslib
[0x6] ButtonPowerUSBTask: tslib: ts_config failed
[0x6] LoadTSLib: use_tslib=0, handle=0x1a0fa0, tsl=(nil), fd=0
[0x6] ButtonPowerUSBTask: Use tslib
[0x6] ButtonPowerUSBTask: tslib: ts_config failed
[0x6] LoadTSLib: use_tslib=0, handle=0x181540, tsl=(nil), fd=0
[0x6] ButtonPowerUSBTask: Use tslib
[0x6] ButtonPowerUSBTask: tslib: ts_config failed
[0x6] LoadTSLib: use_tslib=0, handle=0x814a0, tsl=(nil), fd=0
[0x6] ButtonPowerUSBTask: Use tslib
[0x6] ButtonPowerUSBTask: tslib: ts_config failed
[0x6] LoadTSLib: use_tslib=0, handle=0x181540, tsl=(nil), fd=0
[0x6] ButtonPowerUSBTask: Use tslib
[0x6] ButtonPowerUSBTask: tslib: ts_config failed
[0x6] LoadTSLib: use_tslib=0, handle=0x1a0fa0, tsl=(nil), fd=0
[0x6] ButtonPowerUSBTask: Use tslib
[0x6] ButtonPowerUSBTask: tslib: ts_config failed
[0x6] LoadTSLib: use_tslib=0, handle=0x181540, tsl=(nil), fd=0
[0x6] ButtonPowerUSBTask: Use tslib
[0x6] ButtonPowerUSBTask: tslib: ts_config failed
[0x6] LoadTSLib: use_tslib=0, handle=0x814a0, tsl=(nil), fd=0
[0x6] ButtonPowerUSBTask: Use tslib
[0x6] ButtonPowerUSBTask: tslib: ts_config failed
[0x6] LoadTSLib: use_tslib=0, handle=0x181540, tsl=(nil), fd=0
[0x6] ButtonPowerUSBTask: Use tslib
[0x6] ButtonPowerUSBTask: tslib: ts_config failed
[0x6] LoadTSLib: use_tslib=0, handle=0x1a0fa0, tsl=(nil), fd=0
[0x6] ButtonPowerUSBTask: Use tslib
[0x6] ButtonPowerUSBTask: tslib: ts_config failed
[0x6] LoadTSLib: use_tslib=0, handle=0x181540, tsl=(nil), fd=0
[0x6] ButtonPowerUSBTask: Use tslib
[0x6] ButtonPowerUSBTask: tslib: ts_config failed
[0x6] LoadTSLib: use_tslib=0, handle=0x814a0, tsl=(nil), fd=0
[0x6] ButtonPowerUSBTask: Use tslib
[0x6] ButtonPowerUSBTask: tslib: ts_config failed
[0x6] LoadTSLib: use_tslib=0, handle=0x181540, tsl=(nil), fd=0
[0x6] ButtonPowerUSBTask: Use tslib
[0x6] ButtonPowerUSBTask: tslib: ts_config failed
[0x6] LoadTSLib: use_tslib=0, handle=0x1a0fa0, tsl=(nil), fd=0
[0x6] ButtonPowerUSBTask: Use tslib
[0x6] ButtonPowerUSBTask: tslib: ts_config failed
[0x6] LoadTSLib: use_tslib=0, handle=0x181540, tsl=(nil), fd=0
[0x6] ButtonPowerUSBTask: Use tslib
[0x6] ButtonPowerUSBTask: tslib: ts_config failed
[0x6] LoadTSLib: use_tslib=0, handle=0x814a0, tsl=(nil), fd=0
[0x6] ButtonPowerUSBTask: Use tslib
[0x6] ButtonPowerUSBTask: tslib: ts_config failed
[0x6] LoadTSLib: use_tslib=0, handle=0x181540, tsl=(nil), fd=0
[0x6] ButtonPowerUSBTask: Use tslib
[0x6] ButtonPowerUSBTask: tslib: ts_config failed
[0x6] LoadTSLib: use_tslib=0, handle=0x1a0fa0, tsl=(nil), fd=0
[0x6] ButtonPowerUSBTask: Use tslib
[0x6] ButtonPowerUSBTask: tslib: ts_config failed
[0x6] LoadTSLib: use_tslib=0, handle=0x181540, tsl=(nil), fd=0
[0x6] ButtonPowerUSBTask: Use tslib
[0x6] ButtonPowerUSBTask: tslib: ts_config failed
[0x6] LoadTSLib: use_tslib=0, handle=0x814a0, tsl=(nil), fd=0
[0x6] ButtonPowerUSBTask: Use tslib
[0x6] ButtonPowerUSBTask: tslib: ts_config failed
[0x6] LoadTSLib: use_tslib=0, handle=0x181540, tsl=(nil), fd=0
[0x6] ButtonPowerUSBTask: Use tslib
[0x6] ButtonPowerUSBTask: tslib: ts_config failed
[0x6] LoadTSLib: use_tslib=0, handle=0x1a0fa0, tsl=(nil), fd=0
[0x6] ButtonPowerUSBTask: Use tslib
[0x6] ButtonPowerUSBTask: tslib: ts_config failed
[0x6] LoadTSLib: use_tslib=0, handle=0x181540, tsl=(nil), fd=0
[0x6] ButtonPowerUSBTask: Use tslib
[0x6] ButtonPowerUSBTask: tslib: ts_config failed
[0x6] LoadTSLib: use_tslib=0, handle=0x814a0, tsl=(nil), fd=0
[0x6] ButtonPowerUSBTask: Use tslib
[0x6] ButtonPowerUSBTask: tslib: ts_config failed
[0x6] LoadTSLib: use_tslib=0, handle=0x181540, tsl=(nil), fd=0
[0x6] ButtonPowerUSBTask: Use tslib
[0x6] ButtonPowerUSBTask: tslib: ts_config failed
[0x6] LoadTSLib: use_tslib=0, handle=0x1a0fa0, tsl=(nil), fd=0
[0x6] ButtonPowerUSBTask: Use tslib
[0x6] ButtonPowerUSBTask: tslib: ts_config failed
[0x6] LoadTSLib: use_tslib=0, handle=0x181540, tsl=(nil), fd=0
[0x6] ButtonPowerUSBTask: Use tslib
[0x6] ButtonPowerUSBTask: tslib: ts_config failed
[0x6] LoadTSLib: use_tslib=0, handle=0x814a0, tsl=(nil), fd=0
[0x6] ButtonPowerUSBTask: Use tslib
[0x6] ButtonPowerUSBTask: tslib: ts_config failed
[0x6] LoadTSLib: use_tslib=0, handle=0x181540, tsl=(nil), fd=0
[0x6] ButtonPowerUSBTask: Use tslib
[0x6] ButtonPowerUSBTask: tslib: ts_config failed
[0x6] LoadTSLib: use_tslib=0, handle=0x1a0fa0, tsl=(nil), fd=0
[0x6] ButtonPowerUSBTask: Use tslib
[0x6] ButtonPowerUSBTask: tslib: ts_config failed
[0x6] LoadTSLib: use_tslib=0, handle=0x181540, tsl=(nil), fd=0
[0x6] ButtonPowerUSBTask: Use tslib
[0x6] ButtonPowerUSBTask: tslib: ts_config failed
[0x6] LoadTSLib: use_tslib=0, handle=0x814a0, tsl=(nil), fd=0
[0x6] ButtonPowerUSBTask: Use tslib
[0x6] ButtonPowerUSBTask: tslib: ts_config failed
[0x6] LoadTSLib: use_tslib=0, handle=0x181540, tsl=(nil), fd=0
[0x6] ButtonPowerUSBTask: Use tslib
[0x6] ButtonPowerUSBTask: tslib: ts_config failed
[0x6] LoadTSLib: use_tslib=0, handle=0x1a0fa0, tsl=(nil), fd=0
[0x6] ButtonPowerUSBTask: Use tslib
[0x6] ButtonPowerUSBTask: tslib: ts_config failed
[0x6] LoadTSLib: use_tslib=0, handle=0x181540, tsl=(nil), fd=0
[0x6] ButtonPowerUSBTask: Use tslib
[0x6] ButtonPowerUSBTask: tslib: ts_config failed
[0x6] LoadTSLib: use_tslib=0, handle=0x814a0, tsl=(nil), fd=0
[0x6] ButtonPowerUSBTask: Use tslib
[0x6] ButtonPowerUSBTask: tslib: ts_config failed
[0x6] LoadTSLib: use_tslib=0, handle=0x181540, tsl=(nil), fd=0
[0x6] ButtonPowerUSBTask: Use tslib
[0x6] ButtonPowerUSBTask: tslib: ts_config failed
[0x6] LoadTSLib: use_tslib=0, handle=0x1a0fa0, tsl=(nil), fd=0
[0x6] ButtonPowerUSBTask: Use tslib
[0x6] ButtonPowerUSBTask: tslib: ts_config failed
[0x6] LoadTSLib: use_tslib=0, handle=0x181540, tsl=(nil), fd=0
[0x6] ButtonPowerUSBTask: Use tslib
[0x6] ButtonPowerUSBTask: tslib: ts_config failed
[0x6] LoadTSLib: use_tslib=0, handle=0x814a0, tsl=(nil), fd=0
[0x6] ButtonPowerUSBTask: Use tslib
[0x6] ButtonPowerUSBTask: tslib: ts_config failed
[0x6] LoadTSLib: use_tslib=0, handle=0x181540, tsl=(nil), fd=0
[0x6] ButtonPowerUSBTask: Use tslib
[0x6] ButtonPowerUSBTask: tslib: ts_config failed
[0x6] LoadTSLib: use_tslib=0, handle=0x1a0fa0, tsl=(nil), fd=0
[0x6] ButtonPowerUSBTask: Use tslib
[0x6] ButtonPowerUSBTask: tslib: ts_config failed
[0x6] LoadTSLib: use_tslib=0, handle=0x181540, tsl=(nil), fd=0
[0x6] ButtonPowerUSBTask: Use tslib
[0x6] ButtonPowerUSBTask: tslib: ts_config failed
[0x6] LoadTSLib: use_tslib=0, handle=0x814a0, tsl=(nil), fd=0
[0x6] ButtonPowerUSBTask: Use tslib
[0x6] ButtonPowerUSBTask: tslib: ts_config failed
[0x6] LoadTSLib: use_tslib=0, handle=0x181540, tsl=(nil), fd=0
[0x6] ButtonPowerUSBTask: Use tslib
[0x6] ButtonPowerUSBTask: tslib: ts_config failed
[0x6] LoadTSLib: use_tslib=0, handle=0x1a0fa0, tsl=(nil), fd=0
[0x6] ButtonPowerUSBTask: Use tslib
[0x6] ButtonPowerUSBTask: tslib: ts_config failed
[0x6] LoadTSLib: use_tslib=0, handle=0x181540, tsl=(nil), fd=0
[0x6] ButtonPowerUSBTask: Use tslib
[0x6] ButtonPowerUSBTask: tslib: ts_config failed
[0x6] LoadTSLib: use_tslib=0, handle=0x814a0, tsl=(nil), fd=0
[0x6] ButtonPowerUSBTask: Use tslib
[0x6] ButtonPowerUSBTask: tslib: ts_config failed
[0x6] LoadTSLib: use_tslib=0, handle=0x181540, tsl=(nil), fd=0
[0x6] ButtonPowerUSBTask: Use tslib
[0x6] ButtonPowerUSBTask: tslib: ts_config failed
[0x6] LoadTSLib: use_tslib=0, handle=0x1a0fa0, tsl=(nil), fd=0
[0x6] ButtonPowerUSBTask: Use tslib
[0x6] ButtonPowerUSBTask: tslib: ts_config failed
[0x6] LoadTSLib: use_tslib=0, handle=0x181540, tsl=(nil), fd=0
[0x6] ButtonPowerUSBTask: Use tslib
[0x6] ButtonPowerUSBTask: tslib: ts_config failed
[0x6] LoadTSLib: use_tslib=0, handle=0x814a0, tsl=(nil), fd=0
[0x6] ButtonPowerUSBTask: Use tslib
[0x6] ButtonPowerUSBTask: tslib: ts_config failed
[0x6] LoadTSLib: use_tslib=0, handle=0x181540, tsl=(nil), fd=0
[0x6] ButtonPowerUSBTask: Use tslib
[0x6] ButtonPowerUSBTask: tslib: ts_config failed
[0x6] LoadTSLib: use_tslib=0, handle=0x1a0fa0, tsl=(nil), fd=0
[0x6] ButtonPowerUSBTask: Use tslib
[0x6] ButtonPowerUSBTask: tslib: ts_config failed
[0x6] LoadTSLib: use_tslib=0, handle=0x181540, tsl=(nil), fd=0
[0x6] ButtonPowerUSBTask: Use tslib
[0x6] ButtonPowerUSBTask: tslib: ts_config failed
[0x6] LoadTSLib: use_tslib=0, handle=0x814a0, tsl=(nil), fd=0
[0x6] ButtonPowerUSBTask: Use tslib
[0x6] ButtonPowerUSBTask: tslib: ts_config failed
[0x6] LoadTSLib: use_tslib=0, handle=0x181540, tsl=(nil), fd=0
[0x6] ButtonPowerUSBTask: Use tslib
[0x6] ButtonPowerUSBTask: tslib: ts_config failed
[0x6] LoadTSLib: use_tslib=0, handle=0x1a0fa0, tsl=(nil), fd=0
[0x6] ButtonPowerUSBTask: Use tslib
[0x6] ButtonPowerUSBTask: tslib: ts_config failed
[0x6] LoadTSLib: use_tslib=0, handle=0x181540, tsl=(nil), fd=0
[0x6] ButtonPowerUSBTask: Use tslib
[0x6] ButtonPowerUSBTask: tslib: ts_config failed
[0x6] LoadTSLib: use_tslib=0, handle=0x814a0, tsl=(nil), fd=0
[0x6] ButtonPowerUSBTask: Use tslib
[0x6] ButtonPowerUSBTask: tslib: ts_config failed
[0x6] LoadTSLib: use_tslib=0, handle=0x181540, tsl=(nil), fd=0
[0x6] ButtonPowerUSBTask: Use tslib
[0x6] ButtonPowerUSBTask: tslib: ts_config failed
[0x6] LoadTSLib: use_tslib=0, handle=0x1a0fa0, tsl=(nil), fd=0
[0x6] ButtonPowerUSBTask: Use tslib
[0x6] ButtonPowerUSBTask: tslib: ts_config failed
[0x6] LoadTSLib: use_tslib=0, handle=0x181540, tsl=(nil), fd=0
[0x6] ButtonPowerUSBTask: Use tslib
[0x6] ButtonPowerUSBTask: tslib: ts_config failed
[0x6] LoadTSLib: use_tslib=0, handle=0x814a0, tsl=(nil), fd=0
[0x6] ButtonPowerUSBTask: Use tslib
[0x6] ButtonPowerUSBTask: tslib: ts_config failed
[0x6] LoadTSLib: use_tslib=0, handle=0x181540, tsl=(nil), fd=0
[0x6] ButtonPowerUSBTask: Use tslib
[0x6] ButtonPowerUSBTask: tslib: ts_config failed
[0x6] LoadTSLib: use_tslib=0, handle=0x1a0fa0, tsl=(nil), fd=0
[0x6] ButtonPowerUSBTask: Use tslib
[0x6] ButtonPowerUSBTask: tslib: ts_config failed
[0x6] LoadTSLib: use_tslib=0, handle=0x181540, tsl=(nil), fd=0
[0x6] ButtonPowerUSBTask: Use tslib
[0x6] ButtonPowerUSBTask: tslib: ts_config failed
[0x6] LoadTSLib: use_tslib=0, handle=0x814a0, tsl=(nil), fd=0
[0x6] ButtonPowerUSBTask: Use tslib
[0x6] ButtonPowerUSBTask: tslib: ts_config failed
[0x6] LoadTSLib: use_tslib=0, handle=0x181540, tsl=(nil), fd=0
[0x6] ButtonPowerUSBTask: Use tslib
[0x6] ButtonPowerUSBTask: tslib: ts_config failed
[0x6] LoadTSLib: use_tslib=0, handle=0x1a0fa0, tsl=(nil), fd=0
[0x6] ButtonPowerUSBTask: Use tslib
[0x6] ButtonPowerUSBTask: tslib: ts_config failed
[0x6] LoadTSLib: use_tslib=0, handle=0x181540, tsl=(nil), fd=0
[0x6] ButtonPowerUSBTask: Use tslib
[0x6] ButtonPowerUSBTask: tslib: ts_config failed
[0x6] LoadTSLib: use_tslib=0, handle=0x814a0, tsl=(nil), fd=0
[0x6] ButtonPowerUSBTask: Use tslib
[0x6] ButtonPowerUSBTask: tslib: ts_config failed
[0x6] LoadTSLib: use_tslib=0, handle=0x181540, tsl=(nil), fd=0
[0x6] ButtonPowerUSBTask: Use tslib
[0x6] ButtonPowerUSBTask: tslib: ts_config failed
[0x6] LoadTSLib: use_tslib=0, handle=0x1a0fa0, tsl=(nil), fd=0
[0x6] ButtonPowerUSBTask: Use tslib
[0x6] ButtonPowerUSBTask: tslib: ts_config failed
[0x6] LoadTSLib: use_tslib=0, handle=0x181540, tsl=(nil), fd=0
[0x6] ButtonPowerUSBTask: Use tslib
[0x6] ButtonPowerUSBTask: tslib: ts_config failed
[0x6] LoadTSLib: use_tslib=0, handle=0x814a0, tsl=(nil), fd=0
[0x6] ButtonPowerUSBTask: Use tslib
[0x6] ButtonPowerUSBTask: tslib: ts_config failed
[0x6] LoadTSLib: use_tslib=0, handle=0x181540, tsl=(nil), fd=0
[0x6] ButtonPowerUSBTask: Use tslib
[0x6] ButtonPowerUSBTask: tslib: ts_config failed
[0x6] LoadTSLib: use_tslib=0, handle=0x1a0fa0, tsl=(nil), fd=0
[0x6] ButtonPowerUSBTask: Use tslib
[0x6] ButtonPowerUSBTask: tslib: ts_config failed
[0x6] LoadTSLib: use_tslib=0, handle=0x181540, tsl=(nil), fd=0
[0x6] ButtonPowerUSBTask: Use tslib
[0x6] ButtonPowerUSBTask: tslib: ts_config failed
[0x6] LoadTSLib: use_tslib=0, handle=0x814a0, tsl=(nil), fd=0
[0x6] ButtonPowerUSBTask: Use tslib
[0x6] ButtonPowerUSBTask: tslib: ts_config failed
[0x6] LoadTSLib: use_tslib=0, handle=0x181540, tsl=(nil), fd=0
[0x6] ButtonPowerUSBTask: Use tslib
[0x6] ButtonPowerUSBTask: tslib: ts_config failed
[0x6] LoadTSLib: use_tslib=0, handle=0x1a0fa0, tsl=(nil), fd=0
[0x6] ButtonPowerUSBTask: Use tslib
[0x6] ButtonPowerUSBTask: tslib: ts_config failed
[0x6] LoadTSLib: use_tslib=0, handle=0x181540, tsl=(nil), fd=0
[0x6] ButtonPowerUSBTask: Use tslib
[0x6] ButtonPowerUSBTask: tslib: ts_config failed
[0x6] LoadTSLib: use_tslib=0, handle=0x814a0, tsl=(nil), fd=0
[0x6] ButtonPowerUSBTask: Use tslib
[0x6] ButtonPowerUSBTask: tslib: ts_config failed
[0x6] LoadTSLib: use_tslib=0, handle=0x181540, tsl=(nil), fd=0
[0x6] ButtonPowerUSBTask: Use tslib
[0x6] ButtonPowerUSBTask: tslib: ts_config failed
[0x6] LoadTSLib: use_tslib=0, handle=0x1a0fa0, tsl=(nil), fd=0
[0x6] ButtonPowerUSBTask: Use tslib
[0x6] ButtonPowerUSBTask: tslib: ts_config failed
[0x6] LoadTSLib: use_tslib=0, handle=0x181540, tsl=(nil), fd=0
[0x6] ButtonPowerUSBTask: Use tslib
[0x6] ButtonPowerUSBTask: tslib: ts_config failed
[0x6] LoadTSLib: use_tslib=0, handle=0x814a0, tsl=(nil), fd=0
[0x6] ButtonPowerUSBTask: Use tslib
[0x6] ButtonPowerUSBTask: tslib: ts_config failed
[0x6] LoadTSLib: use_tslib=0, handle=0x181540, tsl=(nil), fd=0
[0x6] ButtonPowerUSBTask: Use tslib
[0x6] ButtonPowerUSBTask: tslib: ts_config failed
[0x6] LoadTSLib: use_tslib=0, handle=0x1a0fa0, tsl=(nil), fd=0
[0x6] ButtonPowerUSBTask: Use tslib
[0x6] ButtonPowerUSBTask: tslib: ts_config failed
[0x6] LoadTSLib: use_tslib=0, handle=0x181540, tsl=(nil), fd=0
[0x6] ButtonPowerUSBTask: Use tslib
[0x6] ButtonPowerUSBTask: tslib: ts_config failed
[0x6] LoadTSLib: use_tslib=0, handle=0x814a0, tsl=(nil), fd=0
[0x6] ButtonPowerUSBTask: Use tslib
[0x6] ButtonPowerUSBTask: tslib: ts_config failed
[0x6] LoadTSLib: use_tslib=0, handle=0x181540, tsl=(nil), fd=0
[0x6] ButtonPowerUSBTask: Use tslib
[0x6] ButtonPowerUSBTask: tslib: ts_config failed
[0x6] LoadTSLib: use_tslib=0, handle=0x1a0fa0, tsl=(nil), fd=0
[0x6] ButtonPowerUSBTask: Use tslib
[0x6] ButtonPowerUSBTask: tslib: ts_config failed
[0x6] LoadTSLib: use_tslib=0, handle=0x181540, tsl=(nil), fd=0
[0x6] ButtonPowerUSBTask: Use tslib
[0x6] ButtonPowerUSBTask: tslib: ts_config failed
[0x6] LoadTSLib: use_tslib=0, handle=0x814a0, tsl=(nil), fd=0
[0x6] ButtonPowerUSBTask: Use tslib
[0x6] ButtonPowerUSBTask: tslib: ts_config failed
[0x6] LoadTSLib: use_tslib=0, handle=0x181540, tsl=(nil), fd=0
[0x6] ButtonPowerUSBTask: Use tslib
[0x6] ButtonPowerUSBTask: tslib: ts_config failed
[0x6] LoadTSLib: use_tslib=0, handle=0x1a0fa0, tsl=(nil), fd=0
[0x6] ButtonPowerUSBTask: Use tslib
[0x6] ButtonPowerUSBTask: tslib: ts_config failed
[0x6] LoadTSLib: use_tslib=0, handle=0x181540, tsl=(nil), fd=0
[0x6] ButtonPowerUSBTask: Use tslib
[0x6] ButtonPowerUSBTask: tslib: ts_config failed
[0x6] LoadTSLib: use_tslib=0, handle=0x814a0, tsl=(nil), fd=0
[0x6] ButtonPowerUSBTask: Use tslib
[0x6] ButtonPowerUSBTask: tslib: ts_config failed
[0x6] LoadTSLib: use_tslib=0, handle=0x181540, tsl=(nil), fd=0
[0x6] ButtonPowerUSBTask: Use tslib
[0x6] ButtonPowerUSBTask: tslib: ts_config failed
[0x6] LoadTSLib: use_tslib=0, handle=0x1a0fa0, tsl=(nil), fd=0
[0x6] ButtonPowerUSBTask: Use tslib
[0x6] ButtonPowerUSBTask: tslib: ts_config failed
[0x6] LoadTSLib: use_tslib=0, handle=0x181540, tsl=(nil), fd=0
[0x6] ButtonPowerUSBTask: Use tslib
[0x6] ButtonPowerUSBTask: tslib: ts_config failed
[0x6] LoadTSLib: use_tslib=0, handle=0x814a0, tsl=(nil), fd=0
[0x6] ButtonPowerUSBTask: Use tslib
[0x6] ButtonPowerUSBTask: tslib: ts_config failed
[0x6] LoadTSLib: use_tslib=0, handle=0x181540, tsl=(nil), fd=0
[0x6] ButtonPowerUSBTask: Use tslib
[0x6] ButtonPowerUSBTask: tslib: ts_config failed
[0x6] LoadTSLib: use_tslib=0, handle=0x1a0fa0, tsl=(nil), fd=0
[0x6] ButtonPowerUSBTask: Use tslib
[0x6] ButtonPowerUSBTask: tslib: ts_config failed
[0x6] LoadTSLib: use_tslib=0, handle=0x181540, tsl=(nil), fd=0
[0x6] ButtonPowerUSBTask: Use tslib
[0x6] ButtonPowerUSBTask: tslib: ts_config failed
[0x6] LoadTSLib: use_tslib=0, handle=0x814a0, tsl=(nil), fd=0
[0x6] ButtonPowerUSBTask: Use tslib
[0x6] ButtonPowerUSBTask: tslib: ts_config failed
[0x6] LoadTSLib: use_tslib=0, handle=0x181540, tsl=(nil), fd=0
[0x6] ButtonPowerUSBTask: Use tslib
[0x6] ButtonPowerUSBTask: tslib: ts_config failed
[0x6] LoadTSLib: use_tslib=0, handle=0x1a0fa0, tsl=(nil), fd=0
[0x6] ButtonPowerUSBTask: Use tslib
[0x6] ButtonPowerUSBTask: tslib: ts_config failed
[0x6] LoadTSLib: use_tslib=0, handle=0x181540, tsl=(nil), fd=0
[0x6] ButtonPowerUSBTask: Use tslib
[0x6] ButtonPowerUSBTask: tslib: ts_config failed
[0x6] LoadTSLib: use_tslib=0, handle=0x814a0, tsl=(nil), fd=0
[0x6] ButtonPowerUSBTask: Use tslib
[0x6] ButtonPowerUSBTask: tslib: ts_config failed
[0x6] LoadTSLib: use_tslib=0, handle=0x181540, tsl=(nil), fd=0
[0x6] ButtonPowerUSBTask: Use tslib
[0x6] ButtonPowerUSBTask: tslib: ts_config failed
[0x6] LoadTSLib: use_tslib=0, handle=0x1a0fa0, tsl=(nil), fd=0
[0x6] ButtonPowerUSBTask: Use tslib
[0x6] ButtonPowerUSBTask: tslib: ts_config failed
[0x6] LoadTSLib: use_tslib=0, handle=0x181540, tsl=(nil), fd=0
[0x6] ButtonPowerUSBTask: Use tslib
[0x6] ButtonPowerUSBTask: tslib: ts_config failed
[0x6] LoadTSLib: use_tslib=0, handle=0x814a0, tsl=(nil), fd=0
[0x6] ButtonPowerUSBTask: Use tslib
[0x6] ButtonPowerUSBTask: tslib: ts_config failed
[0x6] LoadTSLib: use_tslib=0, handle=0x181540, tsl=(nil), fd=0
[0x6] ButtonPowerUSBTask: Use tslib
[0x6] ButtonPowerUSBTask: tslib: ts_config failed
[0x6] LoadTSLib: use_tslib=0, handle=0x1a0fa0, tsl=(nil), fd=0
[0x6] ButtonPowerUSBTask: Use tslib
[0x6] ButtonPowerUSBTask: tslib: ts_config failed
[0x6] LoadTSLib: use_tslib=0, handle=0x181540, tsl=(nil), fd=0
[0x6] ButtonPowerUSBTask: Use tslib
[0x6] ButtonPowerUSBTask: tslib: ts_config failed
[0x6] LoadTSLib: use_tslib=0, handle=0x814a0, tsl=(nil), fd=0
[0x6] ButtonPowerUSBTask: Use tslib
[0x6] ButtonPowerUSBTask: tslib: ts_config failed
[0x6] LoadTSLib: use_tslib=0, handle=0x181540, tsl=(nil), fd=0
[0x6] ButtonPowerUSBTask: Use tslib
[0x6] ButtonPowerUSBTask: tslib: ts_config failed
[0x6] LoadTSLib: use_tslib=0, handle=0x1a0fa0, tsl=(nil), fd=0
[0x6] ButtonPowerUSBTask: Use tslib
[0x6] ButtonPowerUSBTask: tslib: ts_config failed
[0x6] LoadTSLib: use_tslib=0, handle=0x181540, tsl=(nil), fd=0
[0x6] ButtonPowerUSBTask: Use tslib
[0x6] ButtonPowerUSBTask: tslib: ts_config failed
[0x6] LoadTSLib: use_tslib=0, handle=0x814a0, tsl=(nil), fd=0
[0x6] ButtonPowerUSBTask: Use tslib
[0x6] ButtonPowerUSBTask: tslib: ts_config failed
[0x6] LoadTSLib: use_tslib=0, handle=0x181540, tsl=(nil), fd=0
[0x6] ButtonPowerUSBTask: Use tslib
[0x6] ButtonPowerUSBTask: tslib: ts_config failed
[0x6] LoadTSLib: use_tslib=0, handle=0x1a0fa0, tsl=(nil), fd=0
[0x6] ButtonPowerUSBTask: Use tslib
[0x6] ButtonPowerUSBTask: tslib: ts_config failed
[0x6] LoadTSLib: use_tslib=0, handle=0x181540, tsl=(nil), fd=0
[0x6] ButtonPowerUSBTask: Use tslib
[0x6] ButtonPowerUSBTask: tslib: ts_config failed
[0x6] LoadTSLib: use_tslib=0, handle=0x814a0, tsl=(nil), fd=0
[0x6] ButtonPowerUSBTask: Use tslib
[0x6] ButtonPowerUSBTask: tslib: ts_config failed
[0x6] LoadTSLib: use_tslib=0, handle=0x181540, tsl=(nil), fd=0
[0x6] ButtonPowerUSBTask: Use tslib
[0x6] ButtonPowerUSBTask: tslib: ts_config failed
[0x6] LoadTSLib: use_tslib=0, handle=0x1a0fa0, tsl=(nil), fd=0
[0x6] ButtonPowerUSBTask: Use tslib
[0x6] ButtonPowerUSBTask: tslib: ts_config failed
[0x6] LoadTSLib: use_tslib=0, handle=0x181540, tsl=(nil), fd=0
[0x6] ButtonPowerUSBTask: Use tslib
[0x6] ButtonPowerUSBTask: tslib: ts_config failed
[0x6] LoadTSLib: use_tslib=0, handle=0x814a0, tsl=(nil), fd=0
[0x6] ButtonPowerUSBTask: Use tslib
[0x6] ButtonPowerUSBTask: tslib: ts_config failed
[0x6] LoadTSLib: use_tslib=0, handle=0x181540, tsl=(nil), fd=0
[0x6] ButtonPowerUSBTask: Use tslib
[0x6] ButtonPowerUSBTask: tslib: ts_config failed
[0x6] LoadTSLib: use_tslib=0, handle=0x1a0fa0, tsl=(nil), fd=0
[0x6] ButtonPowerUSBTask: Use tslib
[0x6] ButtonPowerUSBTask: tslib: ts_config failed
[0x6] LoadTSLib: use_tslib=0, handle=0x181540, tsl=(nil), fd=0
[0x6] ButtonPowerUSBTask: Use tslib
[0x6] ButtonPowerUSBTask: tslib: ts_config failed
[0x6] LoadTSLib: use_tslib=0, handle=0x814a0, tsl=(nil), fd=0
[0x6] ButtonPowerUSBTask: Use tslib
[0x6] ButtonPowerUSBTask: tslib: ts_config failed
[0x6] LoadTSLib: use_tslib=0, handle=0x181540, tsl=(nil), fd=0
[0x6] ButtonPowerUSBTask: Use tslib
[0x6] ButtonPowerUSBTask: tslib: ts_config failed
[0x6] LoadTSLib: use_tslib=0, handle=0x1a0fa0, tsl=(nil), fd=0
[0x6] ButtonPowerUSBTask: Use tslib
[0x6] ButtonPowerUSBTask: tslib: ts_config failed
[0x6] LoadTSLib: use_tslib=0, handle=0x181540, tsl=(nil), fd=0
[0x6] ButtonPowerUSBTask: Use tslib
[0x6] ButtonPowerUSBTask: tslib: ts_config failed
[0x6] LoadTSLib: use_tslib=0, handle=0x814a0, tsl=(nil), fd=0
[0x6] ButtonPowerUSBTask: Use tslib
[0x6] ButtonPowerUSBTask: tslib: ts_config failed
[0x6] LoadTSLib: use_tslib=0, handle=0x181540, tsl=(nil), fd=0
[0x6] ButtonPowerUSBTask: Use tslib
[0x6] ButtonPowerUSBTask: tslib: ts_config failed
[0x6] LoadTSLib: use_tslib=0, handle=0x1a0fa0, tsl=(nil), fd=0
[0x6] ButtonPowerUSBTask: Use tslib
[0x6] ButtonPowerUSBTask: tslib: ts_config failed
[0x6] LoadTSLib: use_tslib=0, handle=0x181540, tsl=(nil), fd=0
[0x6] ButtonPowerUSBTask: Use tslib
[0x6] ButtonPowerUSBTask: tslib: ts_config failed
[0x6] LoadTSLib: use_tslib=0, handle=0x814a0, tsl=(nil), fd=0
[0x6] ButtonPowerUSBTask: Use tslib
[0x6] ButtonPowerUSBTask: tslib: ts_config failed
[0x6] LoadTSLib: use_tslib=0, handle=0x181540, tsl=(nil), fd=0
[0x6] ButtonPowerUSBTask: Use tslib
[0x6] ButtonPowerUSBTask: tslib: ts_config failed
[0x6] LoadTSLib: use_tslib=0, handle=0x1a0fa0, tsl=(nil), fd=0
[0x6] ButtonPowerUSBTask: Use tslib
[0x6] ButtonPowerUSBTask: tslib: ts_config failed
[0x6] LoadTSLib: use_tslib=0, handle=0x181540, tsl=(nil), fd=0
[0x6] ButtonPowerUSBTask: Use tslib
[0x6] ButtonPowerUSBTask: tslib: ts_config failed
[0x6] LoadTSLib: use_tslib=0, handle=0x814a0, tsl=(nil), fd=0
[0x6] ButtonPowerUSBTask: Use tslib
[0x6] ButtonPowerUSBTask: tslib: ts_config failed
[0x6] LoadTSLib: use_tslib=0, handle=0x181540, tsl=(nil), fd=0
[0x6] ButtonPowerUSBTask: Use tslib
[0x6] ButtonPowerUSBTask: tslib: ts_config failed
[0x6] LoadTSLib: use_tslib=0, handle=0x1a0fa0, tsl=(nil), fd=0
[0x6] ButtonPowerUSBTask: Use tslib
[0x6] ButtonPowerUSBTask: tslib: ts_config failed
[0x6] LoadTSLib: use_tslib=0, handle=0x181540, tsl=(nil), fd=0
[0x6] ButtonPowerUSBTask: Use tslib
[0x6] ButtonPowerUSBTask: tslib: ts_config failed
[0x6] LoadTSLib: use_tslib=0, handle=0x814a0, tsl=(nil), fd=0
[0x6] ButtonPowerUSBTask: Use tslib
[0x6] ButtonPowerUSBTask: tslib: ts_config failed
[0x6] LoadTSLib: use_tslib=0, handle=0x181540, tsl=(nil), fd=0
[0x6] ButtonPowerUSBTask: Use tslib
[0x6] ButtonPowerUSBTask: tslib: ts_config failed
[0x6] LoadTSLib: use_tslib=0, handle=0x1a0fa0, tsl=(nil), fd=0
[0x6] ButtonPowerUSBTask: Use tslib
[0x6] ButtonPowerUSBTask: tslib: ts_config failed
[0x6] LoadTSLib: use_tslib=0, handle=0x181540, tsl=(nil), fd=0
[0x6] ButtonPowerUSBTask: Use tslib
[0x6] ButtonPowerUSBTask: tslib: ts_config failed
[0x6] LoadTSLib: use_tslib=0, handle=0x814a0, tsl=(nil), fd=0
[0x6] ButtonPowerUSBTask: Use tslib
[0x6] ButtonPowerUSBTask: tslib: ts_config failed
[0x6] LoadTSLib: use_tslib=0, handle=0x181540, tsl=(nil), fd=0
[0x6] ButtonPowerUSBTask: Use tslib
[0x6] ButtonPowerUSBTask: tslib: ts_config failed
[0x6] LoadTSLib: use_tslib=0, handle=0x1a0fa0, tsl=(nil), fd=0
[0x6] ButtonPowerUSBTask: Use tslib
[0x6] ButtonPowerUSBTask: tslib: ts_config failed
[0x6] LoadTSLib: use_tslib=0, handle=0x181540, tsl=(nil), fd=0
[0x6] ButtonPowerUSBTask: Use tslib
[0x6] ButtonPowerUSBTask: tslib: ts_config failed
[0x6] LoadTSLib: use_tslib=0, handle=0x814a0, tsl=(nil), fd=0
[0x6] ButtonPowerUSBTask: Use tslib
[0x6] ButtonPowerUSBTask: tslib: ts_config failed
[0x6] LoadTSLib: use_tslib=0, handle=0x181540, tsl=(nil), fd=0
[0x6] ButtonPowerUSBTask: Use tslib
[0x6] ButtonPowerUSBTask: tslib: ts_config failed
[0x6] LoadTSLib: use_tslib=0, handle=0x1a0fa0, tsl=(nil), fd=0
[0x6] ButtonPowerUSBTask: Use tslib
[0x6] ButtonPowerUSBTask: tslib: ts_config failed
[0x6] LoadTSLib: use_tslib=0, handle=0x181540, tsl=(nil), fd=0
[0x6] ButtonPowerUSBTask: Use tslib
[0x6] ButtonPowerUSBTask: tslib: ts_config failed
[0x6] LoadTSLib: use_tslib=0, handle=0x814a0, tsl=(nil), fd=0
[0x6] ButtonPowerUSBTask: Use tslib
[0x6] ButtonPowerUSBTask: tslib: ts_config failed
[0x6] LoadTSLib: use_tslib=0, handle=0x181540, tsl=(nil), fd=0
[0x6] ButtonPowerUSBTask: Use tslib
[0x6] ButtonPowerUSBTask: tslib: ts_config failed
[0x6] LoadTSLib: use_tslib=0, handle=0x1a0fa0, tsl=(nil), fd=0
[0x6] ButtonPowerUSBTask: Use tslib
[0x6] ButtonPowerUSBTask: tslib: ts_config failed
[0x6] LoadTSLib: use_tslib=0, handle=0x181540, tsl=(nil), fd=0
[0x6] ButtonPowerUSBTask: Use tslib
[0x6] ButtonPowerUSBTask: tslib: ts_config failed
[0x6] LoadTSLib: use_tslib=0, handle=0x814a0, tsl=(nil), fd=0
[0x6] ButtonPowerUSBTask: Use tslib
[0x6] ButtonPowerUSBTask: tslib: ts_config failed
[0x6] LoadTSLib: use_tslib=0, handle=0x181540, tsl=(nil), fd=0
[0x6] ButtonPowerUSBTask: Use tslib
[0x6] ButtonPowerUSBTask: tslib: ts_config failed
[0x6] LoadTSLib: use_tslib=0, handle=0x1a0fa0, tsl=(nil), fd=0
[0x6] ButtonPowerUSBTask: Use tslib
[0x6] ButtonPowerUSBTask: tslib: ts_config failed
[0x6] LoadTSLib: use_tslib=0, handle=0x181540, tsl=(nil), fd=0
[0x6] ButtonPowerUSBTask: Use tslib
[0x6] ButtonPowerUSBTask: tslib: ts_config failed
[0x6] LoadTSLib: use_tslib=0, handle=0x814a0, tsl=(nil), fd=0
[0x6] ButtonPowerUSBTask: Use tslib
[0x6] ButtonPowerUSBTask: tslib: ts_config failed
[0x6] LoadTSLib: use_tslib=0, handle=0x181540, tsl=(nil), fd=0
[0x6] ButtonPowerUSBTask: Use tslib
[0x6] ButtonPowerUSBTask: tslib: ts_config failed
[0x6] LoadTSLib: use_tslib=0, handle=0x1a0fa0, tsl=(nil), fd=0
[0x6] ButtonPowerUSBTask: Use tslib
[0x6] ButtonPowerUSBTask: tslib: ts_config failed
[0x6] LoadTSLib: use_tslib=0, handle=0x181540, tsl=(nil), fd=0
[0x6] ButtonPowerUSBTask: Use tslib
[0x6] ButtonPowerUSBTask: tslib: ts_config failed
[0x6] LoadTSLib: use_tslib=0, handle=0x814a0, tsl=(nil), fd=0
[0x6] ButtonPowerUSBTask: Use tslib
[0x6] ButtonPowerUSBTask: tslib: ts_config failed
[0x6] LoadTSLib: use_tslib=0, handle=0x181540, tsl=(nil), fd=0
[0x6] ButtonPowerUSBTask: Use tslib
[0x6] ButtonPowerUSBTask: tslib: ts_config failed
[0x6] LoadTSLib: use_tslib=0, handle=0x1a0fa0, tsl=(nil), fd=0
[0x6] ButtonPowerUSBTask: Use tslib
[0x6] ButtonPowerUSBTask: tslib: ts_config failed
[0x6] LoadTSLib: use_tslib=0, handle=0x181540, tsl=(nil), fd=0
[0x6] ButtonPowerUSBTask: Use tslib
[0x6] ButtonPowerUSBTask: tslib: ts_config failed
[0x6] LoadTSLib: use_tslib=0, handle=0x814a0, tsl=(nil), fd=0
[0x6] ButtonPowerUSBTask: Use tslib
[0x6] ButtonPowerUSBTask: tslib: ts_config failed
[0x6] LoadTSLib: use_tslib=0, handle=0x181540, tsl=(nil), fd=0
[0x6] ButtonPowerUSBTask: Use tslib
[0x6] ButtonPowerUSBTask: tslib: ts_config failed
[0x6] LoadTSLib: use_tslib=0, handle=0x1a0fa0, tsl=(nil), fd=0
[0x6] ButtonPowerUSBTask: Use tslib
[0x6] ButtonPowerUSBTask: tslib: ts_config failed
[0x6] LoadTSLib: use_tslib=0, handle=0x181540, tsl=(nil), fd=0
[0x6] ButtonPowerUSBTask: Use tslib
[0x6] ButtonPowerUSBTask: tslib: ts_config failed
[0x6] LoadTSLib: use_tslib=0, handle=0x814a0, tsl=(nil), fd=0
[0x6] ButtonPowerUSBTask: Use tslib
[0x6] ButtonPowerUSBTask: tslib: ts_config failed
[0x6] LoadTSLib: use_tslib=0, handle=0x181540, tsl=(nil), fd=0
[0x6] ButtonPowerUSBTask: Use tslib
[0x6] ButtonPowerUSBTask: tslib: ts_config failed
[0x6] LoadTSLib: use_tslib=0, handle=0x1a0fa0, tsl=(nil), fd=0
[0x6] ButtonPowerUSBTask: Use tslib
[0x6] ButtonPowerUSBTask: tslib: ts_config failed
[0x6] LoadTSLib: use_tslib=0, handle=0x181540, tsl=(nil), fd=0
[0x6] ButtonPowerUSBTask: Use tslib
[0x6] ButtonPowerUSBTask: tslib: ts_config failed
[0x6] LoadTSLib: use_tslib=0, handle=0x814a0, tsl=(nil), fd=0
[0x6] ButtonPowerUSBTask: Use tslib
[0x6] ButtonPowerUSBTask: tslib: ts_config failed
[0x6] LoadTSLib: use_tslib=0, handle=0x181540, tsl=(nil), fd=0
[0x6] ButtonPowerUSBTask: Use tslib
[0x6] ButtonPowerUSBTask: tslib: ts_config failed
[0x6] LoadTSLib: use_tslib=0, handle=0x1a0fa0, tsl=(nil), fd=0
[0x6] ButtonPowerUSBTask: Use tslib
[0x6] ButtonPowerUSBTask: tslib: ts_config failed
[0x6] LoadTSLib: use_tslib=0, handle=0x181540, tsl=(nil), fd=0
[0x6] ButtonPowerUSBTask: Use tslib
[0x6] ButtonPowerUSBTask: tslib: ts_config failed
[0x6] LoadTSLib: use_tslib=0, handle=0x814a0, tsl=(nil), fd=0
[0x6] ButtonPowerUSBTask: Use tslib
[0x6] ButtonPowerUSBTask: tslib: ts_config failed
[0x6] LoadTSLib: use_tslib=0, handle=0x181540, tsl=(nil), fd=0
[0x6] ButtonPowerUSBTask: Use tslib
[0x6] ButtonPowerUSBTask: tslib: ts_config failed
[0x6] LoadTSLib: use_tslib=0, handle=0x1a0fa0, tsl=(nil), fd=0
[0x6] ButtonPowerUSBTask: Use tslib
[0x6] ButtonPowerUSBTask: tslib: ts_config failed
[0x6] LoadTSLib: use_tslib=0, handle=0x181540, tsl=(nil), fd=0
[0x6] ButtonPowerUSBTask: Use tslib
[0x6] ButtonPowerUSBTask: tslib: ts_config failed
[0x6] LoadTSLib: use_tslib=0, handle=0x814a0, tsl=(nil), fd=0
[0x6] ButtonPowerUSBTask: Use tslib
[0x6] ButtonPowerUSBTask: tslib: ts_config failed
[0x6] LoadTSLib: use_tslib=0, handle=0x181540, tsl=(nil), fd=0
[0x6] ButtonPowerUSBTask: Use tslib
[0x6] ButtonPowerUSBTask: tslib: ts_config failed
[0x6] LoadTSLib: use_tslib=0, handle=0x1a0fa0, tsl=(nil), fd=0
[0x6] ButtonPowerUSBTask: Use tslib
[0x6] ButtonPowerUSBTask: tslib: ts_config failed
[0x6] LoadTSLib: use_tslib=0, handle=0x181540, tsl=(nil), fd=0
[0x6] ButtonPowerUSBTask: Use tslib
[0x6] ButtonPowerUSBTask: tslib: ts_config failed
[0x6] LoadTSLib: use_tslib=0, handle=0x814a0, tsl=(nil), fd=0
[0x6] ButtonPowerUSBTask: Use tslib
[0x6] ButtonPowerUSBTask: tslib: ts_config failed
[0x6] LoadTSLib: use_tslib=0, handle=0x181540, tsl=(nil), fd=0
[0x6] ButtonPowerUSBTask: Use tslib
[0x6] ButtonPowerUSBTask: tslib: ts_config failed
[0x6] LoadTSLib: use_tslib=0, handle=0x1a0fa0, tsl=(nil), fd=0
[0x6] ButtonPowerUSBTask: Use tslib
[0x6] ButtonPowerUSBTask: tslib: ts_config failed
[0x6] LoadTSLib: use_tslib=0, handle=0x181540, tsl=(nil), fd=0
[0x6] ButtonPowerUSBTask: Use tslib
[0x6] ButtonPowerUSBTask: tslib: ts_config failed
[0x6] LoadTSLib: use_tslib=0, handle=0x814a0, tsl=(nil), fd=0
[0x6] ButtonPowerUSBTask: Use tslib
[0x6] ButtonPowerUSBTask: tslib: ts_config failed
[0x6] LoadTSLib: use_tslib=0, handle=0x181540, tsl=(nil), fd=0
[0x6] ButtonPowerUSBTask: Use tslib
[0x6] ButtonPowerUSBTask: tslib: ts_config failed
[0x6] LoadTSLib: use_tslib=0, handle=0x1a0fa0, tsl=(nil), fd=0
[0x6] ButtonPowerUSBTask: Use tslib
[0x6] ButtonPowerUSBTask: tslib: ts_config failed
[0x6] LoadTSLib: use_tslib=0, handle=0x181540, tsl=(nil), fd=0
[0x6] ButtonPowerUSBTask: Use tslib
[0x6] ButtonPowerUSBTask: tslib: ts_config failed
[0x6] LoadTSLib: use_tslib=0, handle=0x814a0, tsl=(nil), fd=0
[0x6] ButtonPowerUSBTask: Use tslib
[0x6] ButtonPowerUSBTask: tslib: ts_config failed
[0x6] LoadTSLib: use_tslib=0, handle=0x181540, tsl=(nil), fd=0
[0x6] ButtonPowerUSBTask: Use tslib
[0x6] ButtonPowerUSBTask: tslib: ts_config failed
[0x6] LoadTSLib: use_tslib=0, handle=0x1a0fa0, tsl=(nil), fd=0
[0x6] ButtonPowerUSBTask: Use tslib
[0x6] ButtonPowerUSBTask: tslib: ts_config failed
[0x6] LoadTSLib: use_tslib=0, handle=0x181540, tsl=(nil), fd=0
[0x6] ButtonPowerUSBTask: Use tslib
[0x6] ButtonPowerUSBTask: tslib: ts_config failed
[0x6] LoadTSLib: use_tslib=0, handle=0x814a0, tsl=(nil), fd=0
[0x6] ButtonPowerUSBTask: Use tslib
[0x6] ButtonPowerUSBTask: tslib: ts_config failed
[0x6] LoadTSLib: use_tslib=0, handle=0x181540, tsl=(nil), fd=0
[0x6] ButtonPowerUSBTask: Use tslib
[0x6] ButtonPowerUSBTask: tslib: ts_config failed
[0x6] LoadTSLib: use_tslib=0, handle=0x1a0fa0, tsl=(nil), fd=0
[0x6] ButtonPowerUSBTask: Use tslib
[0x6] ButtonPowerUSBTask: tslib: ts_config failed
[0x6] LoadTSLib: use_tslib=0, handle=0x181540, tsl=(nil), fd=0
[0x6] ButtonPowerUSBTask: Use tslib
[0x6] ButtonPowerUSBTask: tslib: ts_config failed
[0x6] LoadTSLib: use_tslib=0, handle=0x814a0, tsl=(nil), fd=0
[0x6] ButtonPowerUSBTask: Use tslib
[0x6] ButtonPowerUSBTask: tslib: ts_config failed
[0x6] LoadTSLib: use_tslib=0, handle=0x181540, tsl=(nil), fd=0
[0x6] ButtonPowerUSBTask: Use tslib
[0x6] ButtonPowerUSBTask: tslib: ts_config failed
[0x6] LoadTSLib: use_tslib=0, handle=0x1a0fa0, tsl=(nil), fd=0
[0x6] ButtonPowerUSBTask: Use tslib
[0x6] ButtonPowerUSBTask: tslib: ts_config failed
[0x6] LoadTSLib: use_tslib=0, handle=0x181540, tsl=(nil), fd=0
[0x6] ButtonPowerUSBTask: Use tslib
[0x6] ButtonPowerUSBTask: tslib: ts_config failed
[0x6] LoadTSLib: use_tslib=0, handle=0x814a0, tsl=(nil), fd=0
[0x6] ButtonPowerUSBTask: Use tslib
[0x6] ButtonPowerUSBTask: tslib: ts_config failed
[0x6] LoadTSLib: use_tslib=0, handle=0x181540, tsl=(nil), fd=0
[0x6] ButtonPowerUSBTask: Use tslib
[0x6] ButtonPowerUSBTask: tslib: ts_config failed
[0x6] LoadTSLib: use_tslib=0, handle=0x1a0fa0, tsl=(nil), fd=0
[0x6] ButtonPowerUSBTask: Use tslib
[0x6] ButtonPowerUSBTask: tslib: ts_config failed
[0x6] LoadTSLib: use_tslib=0, handle=0x181540, tsl=(nil), fd=0
[0x6] ButtonPowerUSBTask: Use tslib
[0x6] ButtonPowerUSBTask: tslib: ts_config failed
[0x6] LoadTSLib: use_tslib=0, handle=0x814a0, tsl=(nil), fd=0
[0x6] ButtonPowerUSBTask: Use tslib
[0x6] ButtonPowerUSBTask: tslib: ts_config failed
[0x6] LoadTSLib: use_tslib=0, handle=0x181540, tsl=(nil), fd=0
[0x6] ButtonPowerUSBTask: Use tslib
[0x6] ButtonPowerUSBTask: tslib: ts_config failed
[0x6] LoadTSLib: use_tslib=0, handle=0x1a0fa0, tsl=(nil), fd=0
[0x6] ButtonPowerUSBTask: Use tslib
[0x6] ButtonPowerUSBTask: tslib: ts_config failed
[0x6] LoadTSLib: use_tslib=0, handle=0x181540, tsl=(nil), fd=0
[0x6] ButtonPowerUSBTask: Use tslib
[0x6] ButtonPowerUSBTask: tslib: ts_config failed
[0x6] LoadTSLib: use_tslib=0, handle=0x814a0, tsl=(nil), fd=0
[0x6] ButtonPowerUSBTask: Use tslib
[0x6] ButtonPowerUSBTask: tslib: ts_config failed
[0x6] LoadTSLib: use_tslib=0, handle=0x7f3b8, tsl=(nil), fd=0
[0x6] ButtonPowerUSBTask: Use tslib
[0x6] ButtonPowerUSBTask: tslib: ts_config failed
[0x6] LoadTSLib: use_tslib=0, handle=0x181540, tsl=(nil), fd=0
[0x6] ButtonPowerUSBTask: Use tslib
[0x6] ButtonPowerUSBTask: tslib: ts_config failed
[0x6] LoadTSLib: use_tslib=0, handle=0x814a0, tsl=(nil), fd=0
[0x6] ButtonPowerUSBTask: Use tslib
[0x6] ButtonPowerUSBTask: tslib: ts_config failed
[0x6] LoadTSLib: use_tslib=0, handle=0x181540, tsl=(nil), fd=0
[0x6] ButtonPowerUSBTask: Use tslib
[0x6] ButtonPowerUSBTask: tslib: ts_config failed
[0x6] LoadTSLib: use_tslib=0, handle=0x1a0fa0, tsl=(nil), fd=0
[0x6] ButtonPowerUSBTask: Use tslib
[0x6] ButtonPowerUSBTask: tslib: ts_config failed
[0x6] LoadTSLib: use_tslib=0, handle=0x181540, tsl=(nil), fd=0
[0x6] ButtonPowerUSBTask: Use tslib
[0x6] ButtonPowerUSBTask: tslib: ts_config failed
[0x6] LoadTSLib: use_tslib=0, handle=0x814a0, tsl=(nil), fd=0
[0x6] ButtonPowerUSBTask: Use tslib
[0x6] ButtonPowerUSBTask: tslib: ts_config failed
[0x6] LoadTSLib: use_tslib=0, handle=0x181540, tsl=(nil), fd=0
[0x6] ButtonPowerUSBTask: Use tslib
[0x6] ButtonPowerUSBTask: tslib: ts_config failed
[0x6] LoadTSLib: use_tslib=0, handle=0x1a0fa0, tsl=(nil), fd=0
[0x6] ButtonPowerUSBTask: Use tslib
[0x6] ButtonPowerUSBTask: tslib: ts_config failed
[0x6] LoadTSLib: use_tslib=0, handle=0x181540, tsl=(nil), fd=0
[0x6] ButtonPowerUSBTask: Use tslib
[0x6] ButtonPowerUSBTask: tslib: ts_config failed
[0x6] LoadTSLib: use_tslib=0, handle=0x814a0, tsl=(nil), fd=0
[0x6] ButtonPowerUSBTask: Use tslib
[0x6] ButtonPowerUSBTask: tslib: ts_config failed
[0x6] LoadTSLib: use_tslib=0, handle=0x181540, tsl=(nil), fd=0
[0x6] ButtonPowerUSBTask: Use tslib
[0x6] ButtonPowerUSBTask: tslib: ts_config failed
[0x6] LoadTSLib: use_tslib=0, handle=0x1a0fa0, tsl=(nil), fd=0
[0x6] ButtonPowerUSBTask: Use tslib
[0x6] ButtonPowerUSBTask: tslib: ts_config failed
[0x6] LoadTSLib: use_tslib=0, handle=0x181540, tsl=(nil), fd=0
[0x6] ButtonPowerUSBTask: Use tslib
[0x6] ButtonPowerUSBTask: tslib: ts_config failed
[0x6] LoadTSLib: use_tslib=0, handle=0x814a0, tsl=(nil), fd=0
[0x6] ButtonPowerUSBTask: Use tslib
[0x6] ButtonPowerUSBTask: tslib: ts_config failed
[0x6] LoadTSLib: use_tslib=0, handle=0x181540, tsl=(nil), fd=0
[0x6] ButtonPowerUSBTask: Use tslib
[0x6] ButtonPowerUSBTask: tslib: ts_config failed
[0x6] LoadTSLib: use_tslib=0, handle=0x1a0fa0, tsl=(nil), fd=0
[0x6] ButtonPowerUSBTask: Use tslib
[0x6] ButtonPowerUSBTask: tslib: ts_config failed
[0x6] LoadTSLib: use_tslib=0, handle=0x181540, tsl=(nil), fd=0
[0x6] ButtonPowerUSBTask: Use tslib
[0x6] ButtonPowerUSBTask: tslib: ts_config failed
[0x6] LoadTSLib: use_tslib=0, handle=0x814a0, tsl=(nil), fd=0
[0x6] ButtonPowerUSBTask: Use tslib
[0x6] ButtonPowerUSBTask: tslib: ts_config failed
[0x6] LoadTSLib: use_tslib=0, handle=0x181540, tsl=(nil), fd=0
[0x6] ButtonPowerUSBTask: Use tslib
[0x6] ButtonPowerUSBTask: tslib: ts_config failed
[0x6] LoadTSLib: use_tslib=0, handle=0x1a0fa0, tsl=(nil), fd=0
[0x6] ButtonPowerUSBTask: Use tslib
[0x6] ButtonPowerUSBTask: tslib: ts_config failed
[0x6] LoadTSLib: use_tslib=0, handle=0x181540, tsl=(nil), fd=0
[0x6] ButtonPowerUSBTask: Use tslib
[0x6] ButtonPowerUSBTask: tslib: ts_config failed
[0x6] LoadTSLib: use_tslib=0, handle=0x814a0, tsl=(nil), fd=0
[0x6] ButtonPowerUSBTask: Use tslib
[0x6] ButtonPowerUSBTask: tslib: ts_config failed
[0x6] LoadTSLib: use_tslib=0, handle=0x181540, tsl=(nil), fd=0
[0x6] ButtonPowerUSBTask: Use tslib
[0x6] ButtonPowerUSBTask: tslib: ts_config failed
[0x6] LoadTSLib: use_tslib=0, handle=0x1a0fa0, tsl=(nil), fd=0
[0x6] ButtonPowerUSBTask: Use tslib
[0x6] ButtonPowerUSBTask: tslib: ts_config failed
[0x6] LoadTSLib: use_tslib=0, handle=0x181540, tsl=(nil), fd=0
[0x6] ButtonPowerUSBTask: Use tslib
[0x6] ButtonPowerUSBTask: tslib: ts_config failed
[0x6] LoadTSLib: use_tslib=0, handle=0x814a0, tsl=(nil), fd=0
[0x6] ButtonPowerUSBTask: Use tslib
[0x6] ButtonPowerUSBTask: tslib: ts_config failed
[0x6] LoadTSLib: use_tslib=0, handle=0x181540, tsl=(nil), fd=0
[0x6] ButtonPowerUSBTask: Use tslib
[0x6] ButtonPowerUSBTask: tslib: ts_config failed
[0x6] LoadTSLib: use_tslib=0, handle=0x1a0fa0, tsl=(nil), fd=0
[0x6] ButtonPowerUSBTask: Use tslib
[0x6] ButtonPowerUSBTask: tslib: ts_config failed
[0x6] LoadTSLib: use_tslib=0, handle=0x181540, tsl=(nil), fd=0
[0x6] ButtonPowerUSBTask: Use tslib
[0x6] ButtonPowerUSBTask: tslib: ts_config failed
[0x6] LoadTSLib: use_tslib=0, handle=0x814a0, tsl=(nil), fd=0
[0x6] ButtonPowerUSBTask: Use tslib
[0x6] ButtonPowerUSBTask: tslib: ts_config failed
[0x6] LoadTSLib: use_tslib=0, handle=0x181540, tsl=(nil), fd=0
[0x6] ButtonPowerUSBTask: Use tslib
[0x6] ButtonPowerUSBTask: tslib: ts_config failed
[0x6] LoadTSLib: use_tslib=0, handle=0x1a0fa0, tsl=(nil), fd=0
[0x6] ButtonPowerUSBTask: Use tslib
[0x6] ButtonPowerUSBTask: tslib: ts_config failed
[0x6] LoadTSLib: use_tslib=0, handle=0x181540, tsl=(nil), fd=0
[0x6] ButtonPowerUSBTask: Use tslib
[0x6] ButtonPowerUSBTask: tslib: ts_config failed
[0x6] LoadTSLib: use_tslib=0, handle=0x814a0, tsl=(nil), fd=0
[0x6] ButtonPowerUSBTask: Use tslib
[0x6] ButtonPowerUSBTask: tslib: ts_config failed
[0x6] LoadTSLib: use_tslib=0, handle=0x181540, tsl=(nil), fd=0
[0x6] ButtonPowerUSBTask: Use tslib
[0x6] ButtonPowerUSBTask: tslib: ts_config failed
[0x6] LoadTSLib: use_tslib=0, handle=0x1a0fa0, tsl=(nil), fd=0
[0x6] ButtonPowerUSBTask: Use tslib
[0x6] ButtonPowerUSBTask: tslib: ts_config failed
[0x6] LoadTSLib: use_tslib=0, handle=0x181540, tsl=(nil), fd=0
[0x6] ButtonPowerUSBTask: Use tslib
[0x6] ButtonPowerUSBTask: tslib: ts_config failed
[0x6] LoadTSLib: use_tslib=0, handle=0x814a0, tsl=(nil), fd=0
[0x6] ButtonPowerUSBTask: Use tslib
[0x6] ButtonPowerUSBTask: tslib: ts_config failed
[0x6] LoadTSLib: use_tslib=0, handle=0x181540, tsl=(nil), fd=0
[0x6] ButtonPowerUSBTask: Use tslib
[0x6] ButtonPowerUSBTask: tslib: ts_config failed
[0x6] LoadTSLib: use_tslib=0, handle=0x1a0fa0, tsl=(nil), fd=0
[0x6] ButtonPowerUSBTask: Use tslib
[0x6] ButtonPowerUSBTask: tslib: ts_config failed
[0x6] LoadTSLib: use_tslib=0, handle=0x181540, tsl=(nil), fd=0
[0x6] ButtonPowerUSBTask: Use tslib
[0x6] ButtonPowerUSBTask: tslib: ts_config failed
[0x6] LoadTSLib: use_tslib=0, handle=0x814a0, tsl=(nil), fd=0
[0x6] ButtonPowerUSBTask: Use tslib
[0x6] ButtonPowerUSBTask: tslib: ts_config failed
[0x6] LoadTSLib: use_tslib=0, handle=0x181540, tsl=(nil), fd=0
[0x6] ButtonPowerUSBTask: Use tslib
[0x6] ButtonPowerUSBTask: tslib: ts_config failed
[0x6] LoadTSLib: use_tslib=0, handle=0x1a0fa0, tsl=(nil), fd=0
[0x6] ButtonPowerUSBTask: Use tslib
[0x6] ButtonPowerUSBTask: tslib: ts_config failed
[0x6] LoadTSLib: use_tslib=0, handle=0x181540, tsl=(nil), fd=0
[0x6] ButtonPowerUSBTask: Use tslib
[0x6] ButtonPowerUSBTask: tslib: ts_config failed
[0x6] LoadTSLib: use_tslib=0, handle=0x814a0, tsl=(nil), fd=0
[0x6] ButtonPowerUSBTask: Use tslib
[0x6] ButtonPowerUSBTask: tslib: ts_config failed
[0x6] LoadTSLib: use_tslib=0, handle=0x181540, tsl=(nil), fd=0
[0x6] ButtonPowerUSBTask: Use tslib
[0x6] ButtonPowerUSBTask: tslib: ts_config failed
[0x6] LoadTSLib: use_tslib=0, handle=0x1a0fa0, tsl=(nil), fd=0
[0x6] ButtonPowerUSBTask: Use tslib
[0x6] ButtonPowerUSBTask: tslib: ts_config failed
[0x6] LoadTSLib: use_tslib=0, handle=0x181540, tsl=(nil), fd=0
[0x6] ButtonPowerUSBTask: Use tslib
[0x6] ButtonPowerUSBTask: tslib: ts_config failed
[0x6] LoadTSLib: use_tslib=0, handle=0x814a0, tsl=(nil), fd=0
[0x6] ButtonPowerUSBTask: Use tslib
[0x6] ButtonPowerUSBTask: tslib: ts_config failed
[0x6] LoadTSLib: use_tslib=0, handle=0x181540, tsl=(nil), fd=0
[0x6] ButtonPowerUSBTask: Use tslib
[0x6] ButtonPowerUSBTask: tslib: ts_config failed
[0x6] LoadTSLib: use_tslib=0, handle=0x1a0fa0, tsl=(nil), fd=0
[0x6] ButtonPowerUSBTask: Use tslib
[0x6] ButtonPowerUSBTask: tslib: ts_config failed
[0x6] LoadTSLib: use_tslib=0, handle=0x181540, tsl=(nil), fd=0
[0x6] ButtonPowerUSBTask: Use tslib
[0x6] ButtonPowerUSBTask: tslib: ts_config failed
[0x6] LoadTSLib: use_tslib=0, handle=0x814a0, tsl=(nil), fd=0
[0x6] ButtonPowerUSBTask: Use tslib
[0x6] ButtonPowerUSBTask: tslib: ts_config failed
[0x6] LoadTSLib: use_tslib=0, handle=0x181540, tsl=(nil), fd=0
[0x6] ButtonPowerUSBTask: Use tslib
[0x6] ButtonPowerUSBTask: tslib: ts_config failed
[0x6] LoadTSLib: use_tslib=0, handle=0x1a0fa0, tsl=(nil), fd=0
[0x6] ButtonPowerUSBTask: Use tslib
[0x6] ButtonPowerUSBTask: tslib: ts_config failed
[0x6] LoadTSLib: use_tslib=0, handle=0x181540, tsl=(nil), fd=0
[0x6] ButtonPowerUSBTask: Use tslib
[0x6] ButtonPowerUSBTask: tslib: ts_config failed
[0x6] LoadTSLib: use_tslib=0, handle=0x814a0, tsl=(nil), fd=0
[0x6] ButtonPowerUSBTask: Use tslib
[0x6] ButtonPowerUSBTask: tslib: ts_config failed
[0x6] LoadTSLib: use_tslib=0, handle=0x181540, tsl=(nil), fd=0
[0x6] ButtonPowerUSBTask: Use tslib
[0x6] ButtonPowerUSBTask: tslib: ts_config failed
[0x6] LoadTSLib: use_tslib=0, handle=0x1a0fa0, tsl=(nil), fd=0
[0x6] ButtonPowerUSBTask: Use tslib
[0x6] ButtonPowerUSBTask: tslib: ts_config failed
[0x6] LoadTSLib: use_tslib=0, handle=0x181540, tsl=(nil), fd=0
[0x6] ButtonPowerUSBTask: Use tslib
[0x6] ButtonPowerUSBTask: tslib: ts_config failed
[0x6] LoadTSLib: use_tslib=0, handle=0x814a0, tsl=(nil), fd=0
[0x6] ButtonPowerUSBTask: Use tslib
[0x6] ButtonPowerUSBTask: tslib: ts_config failed
[0x6] LoadTSLib: use_tslib=0, handle=0x181540, tsl=(nil), fd=0
[0x6] ButtonPowerUSBTask: Use tslib
[0x6] ButtonPowerUSBTask: tslib: ts_config failed
[0x6] LoadTSLib: use_tslib=0, handle=0x1a0fa0, tsl=(nil), fd=0
[0x6] ButtonPowerUSBTask: Use tslib
[0x6] ButtonPowerUSBTask: tslib: ts_config failed
[0x6] LoadTSLib: use_tslib=0, handle=0x181540, tsl=(nil), fd=0
[0x6] ButtonPowerUSBTask: Use tslib
[0x6] ButtonPowerUSBTask: tslib: ts_config failed
[0x6] LoadTSLib: use_tslib=0, handle=0x814a0, tsl=(nil), fd=0
[0x6] ButtonPowerUSBTask: Use tslib
[0x6] ButtonPowerUSBTask: tslib: ts_config failed
[0x6] LoadTSLib: use_tslib=0, handle=0x7f3b8, tsl=(nil), fd=0
[0x6] ButtonPowerUSBTask: Use tslib
[0x6] ButtonPowerUSBTask: tslib: ts_config failed
[0x6] LoadTSLib: use_tslib=0, handle=0x181540, tsl=(nil), fd=0
[0x6] ButtonPowerUSBTask: Use tslib
[0x6] ButtonPowerUSBTask: tslib: ts_config failed
[0x6] LoadTSLib: use_tslib=0, handle=0x814a0, tsl=(nil), fd=0
[0x6] ButtonPowerUSBTask: Use tslib
[0x6] ButtonPowerUSBTask: tslib: ts_config failed
[0x6] LoadTSLib: use_tslib=0, handle=0x181540, tsl=(nil), fd=0
[0x6] ButtonPowerUSBTask: Use tslib
[0x6] ButtonPowerUSBTask: tslib: ts_config failed
[0x6] LoadTSLib: use_tslib=0, handle=0x1a0fa0, tsl=(nil), fd=0
[0x6] ButtonPowerUSBTask: Use tslib
[0x6] ButtonPowerUSBTask: tslib: ts_config failed
[0x6] LoadTSLib: use_tslib=0, handle=0x181540, tsl=(nil), fd=0
[0x6] ButtonPowerUSBTask: Use tslib
[0x6] ButtonPowerUSBTask: tslib: ts_config failed
[0x6] LoadTSLib: use_tslib=0, handle=0x814a0, tsl=(nil), fd=0
[0x6] ButtonPowerUSBTask: Use tslib
[0x6] ButtonPowerUSBTask: tslib: ts_config failed
[0x6] LoadTSLib: use_tslib=0, handle=0x181540, tsl=(nil), fd=0
[0x6] ButtonPowerUSBTask: Use tslib
[0x6] ButtonPowerUSBTask: tslib: ts_config failed
[0x6] LoadTSLib: use_tslib=0, handle=0x1a0fa0, tsl=(nil), fd=0
[0x6] ButtonPowerUSBTask: Use tslib
[0x6] ButtonPowerUSBTask: tslib: ts_config failed
[0x6] LoadTSLib: use_tslib=0, handle=0x181540, tsl=(nil), fd=0
[0x6] ButtonPowerUSBTask: Use tslib
[0x6] ButtonPowerUSBTask: tslib: ts_config failed
[0x6] LoadTSLib: use_tslib=0, handle=0x814a0, tsl=(nil), fd=0
[0x6] ButtonPowerUSBTask: Use tslib
[0x6] ButtonPowerUSBTask: tslib: ts_config failed
[0x6] LoadTSLib: use_tslib=0, handle=0x181540, tsl=(nil), fd=0
[0x6] ButtonPowerUSBTask: Use tslib
[0x6] ButtonPowerUSBTask: tslib: ts_config failed
[0x6] LoadTSLib: use_tslib=0, handle=0x1a0fa0, tsl=(nil), fd=0
[0x6] ButtonPowerUSBTask: Use tslib
[0x6] ButtonPowerUSBTask: tslib: ts_config failed
[0x6] LoadTSLib: use_tslib=0, handle=0x181540, tsl=(nil), fd=0
[0x6] ButtonPowerUSBTask: Use tslib
[0x6] ButtonPowerUSBTask: tslib: ts_config failed
[0x6] LoadTSLib: use_tslib=0, handle=0x814a0, tsl=(nil), fd=0
[0x6] ButtonPowerUSBTask: Use tslib
[0x6] ButtonPowerUSBTask: tslib: ts_config failed
[0x6] LoadTSLib: use_tslib=0, handle=0x181540, tsl=(nil), fd=0
[0x6] ButtonPowerUSBTask: Use tslib
[0x6] ButtonPowerUSBTask: tslib: ts_config failed
[0x6] LoadTSLib: use_tslib=0, handle=0x1a0fa0, tsl=(nil), fd=0
[0x6] ButtonPowerUSBTask: Use tslib
[0x6] ButtonPowerUSBTask: tslib: ts_config failed
[0x6] LoadTSLib: use_tslib=0, handle=0x181540, tsl=(nil), fd=0
[0x6] ButtonPowerUSBTask: Use tslib
[0x6] ButtonPowerUSBTask: tslib: ts_config failed
[0x6] LoadTSLib: use_tslib=0, handle=0x814a0, tsl=(nil), fd=0
[0x6] ButtonPowerUSBTask: Use tslib
[0x6] ButtonPowerUSBTask: tslib: ts_config failed
[0x6] LoadTSLib: use_tslib=0, handle=0x181540, tsl=(nil), fd=0
[0x6] ButtonPowerUSBTask: Use tslib
[0x6] ButtonPowerUSBTask: tslib: ts_config failed
[0x6] LoadTSLib: use_tslib=0, handle=0x1a0fa0, tsl=(nil), fd=0
[0x6] ButtonPowerUSBTask: Use tslib
[0x6] ButtonPowerUSBTask: tslib: ts_config failed
[0x6] LoadTSLib: use_tslib=0, handle=0x181540, tsl=(nil), fd=0
[0x6] ButtonPowerUSBTask: Use tslib
[0x6] ButtonPowerUSBTask: tslib: ts_config failed
[0x6] LoadTSLib: use_tslib=0, handle=0x814a0, tsl=(nil), fd=0
[0x6] ButtonPowerUSBTask: Use tslib
[0x6] ButtonPowerUSBTask: tslib: ts_config failed
[0x6] LoadTSLib: use_tslib=0, handle=0x181540, tsl=(nil), fd=0
[0x6] ButtonPowerUSBTask: Use tslib
[0x6] ButtonPowerUSBTask: tslib: ts_config failed
[0x6] LoadTSLib: use_tslib=0, handle=0x1a0fa0, tsl=(nil), fd=0
[0x6] ButtonPowerUSBTask: Use tslib
[0x6] ButtonPowerUSBTask: tslib: ts_config failed
[0x6] LoadTSLib: use_tslib=0, handle=0x181540, tsl=(nil), fd=0
[0x6] ButtonPowerUSBTask: Use tslib
[0x6] ButtonPowerUSBTask: tslib: ts_config failed
[0x6] LoadTSLib: use_tslib=0, handle=0x814a0, tsl=(nil), fd=0
[0x6] ButtonPowerUSBTask: Use tslib
[0x6] ButtonPowerUSBTask: tslib: ts_config failed
[0x6] LoadTSLib: use_tslib=0, handle=0x181540, tsl=(nil), fd=0
[0x6] ButtonPowerUSBTask: Use tslib
[0x6] ButtonPowerUSBTask: tslib: ts_config failed
[0x6] LoadTSLib: use_tslib=0, handle=0x1a0fa0, tsl=(nil), fd=0
[0x6] ButtonPowerUSBTask: Use tslib
[0x6] ButtonPowerUSBTask: tslib: ts_config failed
[0x6] LoadTSLib: use_tslib=0, handle=0x181540, tsl=(nil), fd=0
[0x6] ButtonPowerUSBTask: Use tslib
[0x6] ButtonPowerUSBTask: tslib: ts_config failed
[0x6] LoadTSLib: use_tslib=0, handle=0x814a0, tsl=(nil), fd=0
[0x6] ButtonPowerUSBTask: Use tslib
[0x6] ButtonPowerUSBTask: tslib: ts_config failed
[0x6] LoadTSLib: use_tslib=0, handle=0x181540, tsl=(nil), fd=0
[0x6] ButtonPowerUSBTask: Use tslib
[0x6] ButtonPowerUSBTask: tslib: ts_config failed
[0x6] LoadTSLib: use_tslib=0, handle=0x1a0fa0, tsl=(nil), fd=0
[0x6] ButtonPowerUSBTask: Use tslib
[0x6] ButtonPowerUSBTask: tslib: ts_config failed
[0x6] LoadTSLib: use_tslib=0, handle=0x181540, tsl=(nil), fd=0
[0x6] ButtonPowerUSBTask: Use tslib
[0x6] ButtonPowerUSBTask: tslib: ts_config failed
[0x6] LoadTSLib: use_tslib=0, handle=0x814a0, tsl=(nil), fd=0
[0x6] ButtonPowerUSBTask: Use tslib
[0x6] ButtonPowerUSBTask: tslib: ts_config failed
[0x6] LoadTSLib: use_tslib=0, handle=0x181540, tsl=(nil), fd=0
[0x6] ButtonPowerUSBTask: Use tslib
[0x6] ButtonPowerUSBTask: tslib: ts_config failed
[0x6] LoadTSLib: use_tslib=0, handle=0x1a0fa0, tsl=(nil), fd=0
[0x6] ButtonPowerUSBTask: Use tslib
[0x6] ButtonPowerUSBTask: tslib: ts_config failed
[0x6] LoadTSLib: use_tslib=0, handle=0x181540, tsl=(nil), fd=0
[0x6] ButtonPowerUSBTask: Use tslib
[0x6] ButtonPowerUSBTask: tslib: ts_config failed
[0x6] LoadTSLib: use_tslib=0, handle=0x814a0, tsl=(nil), fd=0
[0x6] ButtonPowerUSBTask: Use tslib
[0x6] ButtonPowerUSBTask: tslib: ts_config failed
[0x6] LoadTSLib: use_tslib=0, handle=0x181540, tsl=(nil), fd=0
[0x6] ButtonPowerUSBTask: Use tslib
[0x6] ButtonPowerUSBTask: tslib: ts_config failed
[0x6] LoadTSLib: use_tslib=0, handle=0x1a0fa0, tsl=(nil), fd=0
[0x6] ButtonPowerUSBTask: Use tslib
[0x6] ButtonPowerUSBTask: tslib: ts_config failed
[0x6] LoadTSLib: use_tslib=0, handle=0x181540, tsl=(nil), fd=0
[0x6] ButtonPowerUSBTask: Use tslib
[0x6] ButtonPowerUSBTask: tslib: ts_config failed
[0x6] LoadTSLib: use_tslib=0, handle=0x814a0, tsl=(nil), fd=0
[0x6] ButtonPowerUSBTask: Use tslib
[0x6] ButtonPowerUSBTask: tslib: ts_config failed
[0x6] LoadTSLib: use_tslib=0, handle=0x181540, tsl=(nil), fd=0
[0x6] ButtonPowerUSBTask: Use tslib
[0x6] ButtonPowerUSBTask: tslib: ts_config failed
[0x6] LoadTSLib: use_tslib=0, handle=0x1a0fa0, tsl=(nil), fd=0
[0x6] ButtonPowerUSBTask: Use tslib
[0x6] ButtonPowerUSBTask: tslib: ts_config failed
[0x6] LoadTSLib: use_tslib=0, handle=0x181540, tsl=(nil), fd=0
[0x6] ButtonPowerUSBTask: Use tslib
[0x6] ButtonPowerUSBTask: tslib: ts_config failed
[0x6] LoadTSLib: use_tslib=0, handle=0x814a0, tsl=(nil), fd=0
[0x6] ButtonPowerUSBTask: Use tslib
[0x6] ButtonPowerUSBTask: tslib: ts_config failed
[0x6] LoadTSLib: use_tslib=0, handle=0x181540, tsl=(nil), fd=0
[0x6] ButtonPowerUSBTask: Use tslib
[0x6] ButtonPowerUSBTask: tslib: ts_config failed
[0x6] LoadTSLib: use_tslib=0, handle=0x1a0fa0, tsl=(nil), fd=0
[0x6] ButtonPowerUSBTask: Use tslib
[0x6] ButtonPowerUSBTask: tslib: ts_config failed
[0x6] LoadTSLib: use_tslib=0, handle=0x181540, tsl=(nil), fd=0
[0x6] ButtonPowerUSBTask: Use tslib
[0x6] ButtonPowerUSBTask: tslib: ts_config failed
[0x6] LoadTSLib: use_tslib=0, handle=0x814a0, tsl=(nil), fd=0
[0x6] ButtonPowerUSBTask: Use tslib
[0x6] ButtonPowerUSBTask: tslib: ts_config failed
[0x6] LoadTSLib: use_tslib=0, handle=0x181540, tsl=(nil), fd=0
[0x6] ButtonPowerUSBTask: Use tslib
[0x6] ButtonPowerUSBTask: tslib: ts_config failed
[0x6] LoadTSLib: use_tslib=0, handle=0x1a0fa0, tsl=(nil), fd=0
[0x6] ButtonPowerUSBTask: Use tslib
[0x6] ButtonPowerUSBTask: tslib: ts_config failed
[0x6] LoadTSLib: use_tslib=0, handle=0x181540, tsl=(nil), fd=0
[0x6] ButtonPowerUSBTask: Use tslib
[0x6] ButtonPowerUSBTask: tslib: ts_config failed
[0x6] LoadTSLib: use_tslib=0, handle=0x814a0, tsl=(nil), fd=0
[0x6] ButtonPowerUSBTask: Use tslib
[0x6] ButtonPowerUSBTask: tslib: ts_config failed
[0x6] LoadTSLib: use_tslib=0, handle=0x181540, tsl=(nil), fd=0
[0x6] ButtonPowerUSBTask: Use tslib
[0x6] ButtonPowerUSBTask: tslib: ts_config failed
[0x6] LoadTSLib: use_tslib=0, handle=0x1a0fa0, tsl=(nil), fd=0
[0x6] ButtonPowerUSBTask: Use tslib
[0x6] ButtonPowerUSBTask: tslib: ts_config failed
[0x6] LoadTSLib: use_tslib=0, handle=0x181540, tsl=(nil), fd=0
[0x6] ButtonPowerUSBTask: Use tslib
[0x6] ButtonPowerUSBTask: tslib: ts_config failed
[0x6] LoadTSLib: use_tslib=0, handle=0x814a0, tsl=(nil), fd=0
[0x6] ButtonPowerUSBTask: Use tslib
[0x6] ButtonPowerUSBTask: tslib: ts_config failed
[0x6] LoadTSLib: use_tslib=0, handle=0x181540, tsl=(nil), fd=0
[0x6] ButtonPowerUSBTask: Use tslib
[0x6] ButtonPowerUSBTask: tslib: ts_config failed
[0x6] LoadTSLib: use_tslib=0, handle=0x1a0fa0, tsl=(nil), fd=0
[0x6] ButtonPowerUSBTask: Use tslib
[0x6] ButtonPowerUSBTask: tslib: ts_config failed
[0x6] LoadTSLib: use_tslib=0, handle=0x181540, tsl=(nil), fd=0
[0x6] ButtonPowerUSBTask: Use tslib
[0x6] ButtonPowerUSBTask: tslib: ts_config failed
[0x6] LoadTSLib: use_tslib=0, handle=0x814a0, tsl=(nil), fd=0
[0x6] ButtonPowerUSBTask: Use tslib
[0x6] ButtonPowerUSBTask: tslib: ts_config failed
[0x6] LoadTSLib: use_tslib=0, handle=0x181540, tsl=(nil), fd=0
[0x6] ButtonPowerUSBTask: Use tslib
[0x6] ButtonPowerUSBTask: tslib: ts_config failed
[0x6] LoadTSLib: use_tslib=0, handle=0x1a0fa0, tsl=(nil), fd=0
[0x6] ButtonPowerUSBTask: Use tslib
[0x6] ButtonPowerUSBTask: tslib: ts_config failed
[0x6] LoadTSLib: use_tslib=0, handle=0x181540, tsl=(nil), fd=0
[0x6] ButtonPowerUSBTask: Use tslib
[0x6] ButtonPowerUSBTask: tslib: ts_config failed
[0x6] LoadTSLib: use_tslib=0, handle=0x814a0, tsl=(nil), fd=0
[0x6] ButtonPowerUSBTask: Use tslib
[0x6] ButtonPowerUSBTask: tslib: ts_config failed
[0x6] LoadTSLib: use_tslib=0, handle=0x181540, tsl=(nil), fd=0
[0x6] ButtonPowerUSBTask: Use tslib
[0x6] ButtonPowerUSBTask: tslib: ts_config failed
[0x6] LoadTSLib: use_tslib=0, handle=0x1a0fa0, tsl=(nil), fd=0
[0x6] ButtonPowerUSBTask: Use tslib
[0x6] ButtonPowerUSBTask: tslib: ts_config failed
[0x6] LoadTSLib: use_tslib=0, handle=0x181540, tsl=(nil), fd=0
[0x6] ButtonPowerUSBTask: Use tslib
[0x6] ButtonPowerUSBTask: tslib: ts_config failed
[0x6] LoadTSLib: use_tslib=0, handle=0x814a0, tsl=(nil), fd=0
[0x6] ButtonPowerUSBTask: Use tslib
[0x6] ButtonPowerUSBTask: tslib: ts_config failed
[0x6] LoadTSLib: use_tslib=0, handle=0x181540, tsl=(nil), fd=0
[0x6] ButtonPowerUSBTask: Use tslib
[0x6] ButtonPowerUSBTask: tslib: ts_config failed
[0x6] LoadTSLib: use_tslib=0, handle=0x1a0fa0, tsl=(nil), fd=0
[0x6] ButtonPowerUSBTask: Use tslib
[0x6] ButtonPowerUSBTask: tslib: ts_config failed
[0x6] LoadTSLib: use_tslib=0, handle=0x181540, tsl=(nil), fd=0
[0x6] ButtonPowerUSBTask: Use tslib
[0x6] ButtonPowerUSBTask: tslib: ts_config failed
[0x6] LoadTSLib: use_tslib=0, handle=0x814a0, tsl=(nil), fd=0
[0x6] ButtonPowerUSBTask: Use tslib
[0x6] ButtonPowerUSBTask: tslib: ts_config failed
[0x6] LoadTSLib: use_tslib=0, handle=0x181540, tsl=(nil), fd=0
[0x6] ButtonPowerUSBTask: Use tslib
[0x6] ButtonPowerUSBTask: tslib: ts_config failed
[0x6] LoadTSLib: use_tslib=0, handle=0x1a0fa0, tsl=(nil), fd=0
[0x6] ButtonPowerUSBTask: Use tslib
[0x6] ButtonPowerUSBTask: tslib: ts_config failed
[0x6] LoadTSLib: use_tslib=0, handle=0x181540, tsl=(nil), fd=0
[0x6] ButtonPowerUSBTask: Use tslib
[0x6] ButtonPowerUSBTask: tslib: ts_config failed
[0x6] LoadTSLib: use_tslib=0, handle=0x814a0, tsl=(nil), fd=0
[0x6] ButtonPowerUSBTask: Use tslib
[0x6] ButtonPowerUSBTask: tslib: ts_config failed
[0x6] LoadTSLib: use_tslib=0, handle=0x181540, tsl=(nil), fd=0
[0x6] ButtonPowerUSBTask: Use tslib
[0x6] ButtonPowerUSBTask: tslib: ts_config failed
[0x6] LoadTSLib: use_tslib=0, handle=0x1a0fa0, tsl=(nil), fd=0
[0x6] ButtonPowerUSBTask: Use tslib
[0x6] ButtonPowerUSBTask: tslib: ts_config failed
[0x6] LoadTSLib: use_tslib=0, handle=0x181540, tsl=(nil), fd=0
[0x6] ButtonPowerUSBTask: Use tslib
[0x6] ButtonPowerUSBTask: tslib: ts_config failed
[0x6] LoadTSLib: use_tslib=0, handle=0x814a0, tsl=(nil), fd=0
[0x6] ButtonPowerUSBTask: Use tslib
[0x6] ButtonPowerUSBTask: tslib: ts_config failed
[0x6] LoadTSLib: use_tslib=0, handle=0x181540, tsl=(nil), fd=0
[0x6] ButtonPowerUSBTask: Use tslib
[0x6] ButtonPowerUSBTask: tslib: ts_config failed
[0x6] LoadTSLib: use_tslib=0, handle=0x1a0fa0, tsl=(nil), fd=0
[0x6] ButtonPowerUSBTask: Use tslib
[0x6] ButtonPowerUSBTask: tslib: ts_config failed
[0x6] LoadTSLib: use_tslib=0, handle=0x181540, tsl=(nil), fd=0
[0x6] ButtonPowerUSBTask: Use tslib
[0x6] ButtonPowerUSBTask: tslib: ts_config failed
[0x6] LoadTSLib: use_tslib=0, handle=0x814a0, tsl=(nil), fd=0
[0x6] ButtonPowerUSBTask: Use tslib
[0x6] ButtonPowerUSBTask: tslib: ts_config failed
[0x6] LoadTSLib: use_tslib=0, handle=0x181540, tsl=(nil), fd=0
[0x6] ButtonPowerUSBTask: Use tslib
[0x6] ButtonPowerUSBTask: tslib: ts_config failed
[0x6] LoadTSLib: use_tslib=0, handle=0x1a0fa0, tsl=(nil), fd=0
[0x6] ButtonPowerUSBTask: Use tslib
[0x6] ButtonPowerUSBTask: tslib: ts_config failed
[0x6] LoadTSLib: use_tslib=0, handle=0x181540, tsl=(nil), fd=0
[0x6] ButtonPowerUSBTask: Use tslib
[0x6] ButtonPowerUSBTask: tslib: ts_config failed
[0x6] LoadTSLib: use_tslib=0, handle=0x814a0, tsl=(nil), fd=0
[0x6] ButtonPowerUSBTask: Use tslib
[0x6] ButtonPowerUSBTask: tslib: ts_config failed
[0x6] LoadTSLib: use_tslib=0, handle=0x181540, tsl=(nil), fd=0
[0x6] ButtonPowerUSBTask: Use tslib
[0x6] ButtonPowerUSBTask: tslib: ts_config failed
[0x6] LoadTSLib: use_tslib=0, handle=0x1a0fa0, tsl=(nil), fd=0
[0x6] ButtonPowerUSBTask: Use tslib
[0x6] ButtonPowerUSBTask: tslib: ts_config failed
[0x6] LoadTSLib: use_tslib=0, handle=0x181540, tsl=(nil), fd=0
[0x6] ButtonPowerUSBTask: Use tslib
[0x6] ButtonPowerUSBTask: tslib: ts_config failed
[0x6] LoadTSLib: use_tslib=0, handle=0x814a0, tsl=(nil), fd=0
[0x6] ButtonPowerUSBTask: Use tslib
[0x6] ButtonPowerUSBTask: tslib: ts_config failed
[0x6] LoadTSLib: use_tslib=0, handle=0x181540, tsl=(nil), fd=0
[0x6] ButtonPowerUSBTask: Use tslib
[0x6] ButtonPowerUSBTask: tslib: ts_config failed
[0x6] LoadTSLib: use_tslib=0, handle=0x1a0fa0, tsl=(nil), fd=0
[0x6] ButtonPowerUSBTask: Use tslib
[0x6] ButtonPowerUSBTask: tslib: ts_config failed
[0x6] LoadTSLib: use_tslib=0, handle=0x181540, tsl=(nil), fd=0
[0x6] ButtonPowerUSBTask: Use tslib
[0x6] ButtonPowerUSBTask: tslib: ts_config failed
[0x6] LoadTSLib: use_tslib=0, handle=0x814a0, tsl=(nil), fd=0
[0x6] ButtonPowerUSBTask: Use tslib
[0x6] ButtonPowerUSBTask: tslib: ts_config failed
[0x6] LoadTSLib: use_tslib=0, handle=0x181540, tsl=(nil), fd=0
[0x6] ButtonPowerUSBTask: Use tslib
[0x6] ButtonPowerUSBTask: tslib: ts_config failed
[0x6] LoadTSLib: use_tslib=0, handle=0x1a0fa0, tsl=(nil), fd=0
[0x6] ButtonPowerUSBTask: Use tslib
[0x6] ButtonPowerUSBTask: tslib: ts_config failed
[0x6] LoadTSLib: use_tslib=0, handle=0x181540, tsl=(nil), fd=0
[0x6] ButtonPowerUSBTask: Use tslib
[0x6] ButtonPowerUSBTask: tslib: ts_config failed
[0x6] LoadTSLib: use_tslib=0, handle=0x814a0, tsl=(nil), fd=0
[0x6] ButtonPowerUSBTask: Use tslib
[0x6] ButtonPowerUSBTask: tslib: ts_config failed
[0x6] LoadTSLib: use_tslib=0, handle=0x181540, tsl=(nil), fd=0
[0x6] ButtonPowerUSBTask: Use tslib
[0x6] ButtonPowerUSBTask: tslib: ts_config failed
[0x6] LoadTSLib: use_tslib=0, handle=0x1a0fa0, tsl=(nil), fd=0
[0x6] ButtonPowerUSBTask: Use tslib
[0x6] ButtonPowerUSBTask: tslib: ts_config failed
[0x6] LoadTSLib: use_tslib=0, handle=0x181540, tsl=(nil), fd=0
[0x6] ButtonPowerUSBTask: Use tslib
[0x6] ButtonPowerUSBTask: tslib: ts_config failed
[0x6] LoadTSLib: use_tslib=0, handle=0x814a0, tsl=(nil), fd=0
[0x6] ButtonPowerUSBTask: Use tslib
[0x6] ButtonPowerUSBTask: tslib: ts_config failed
[0x6] LoadTSLib: use_tslib=0, handle=0x181540, tsl=(nil), fd=0
[0x6] ButtonPowerUSBTask: Use tslib
[0x6] ButtonPowerUSBTask: tslib: ts_config failed
[0x6] LoadTSLib: use_tslib=0, handle=0x1a0fa0, tsl=(nil), fd=0
[0x6] ButtonPowerUSBTask: Use tslib
[0x6] ButtonPowerUSBTask: tslib: ts_config failed
[0x6] LoadTSLib: use_tslib=0, handle=0x181540, tsl=(nil), fd=0
[0x6] ButtonPowerUSBTask: Use tslib
[0x6] ButtonPowerUSBTask: tslib: ts_config failed
[0x6] LoadTSLib: use_tslib=0, handle=0x814a0, tsl=(nil), fd=0
[0x6] ButtonPowerUSBTask: Use tslib
[0x6] ButtonPowerUSBTask: tslib: ts_config failed
[0x6] LoadTSLib: use_tslib=0, handle=0x181540, tsl=(nil), fd=0
[0x6] ButtonPowerUSBTask: Use tslib
[0x6] ButtonPowerUSBTask: tslib: ts_config failed
[0x6] LoadTSLib: use_tslib=0, handle=0x1a0fa0, tsl=(nil), fd=0
[0x6] ButtonPowerUSBTask: Use tslib
[0x6] ButtonPowerUSBTask: tslib: ts_config failed
[0x6] LoadTSLib: use_tslib=0, handle=0x181540, tsl=(nil), fd=0
[0x6] ButtonPowerUSBTask: Use tslib
[0x6] ButtonPowerUSBTask: tslib: ts_config failed
[0x6] LoadTSLib: use_tslib=0, handle=0x814a0, tsl=(nil), fd=0
[0x6] ButtonPowerUSBTask: Use tslib
[0x6] ButtonPowerUSBTask: tslib: ts_config failed
[0x6] LoadTSLib: use_tslib=0, handle=0x181540, tsl=(nil), fd=0
[0x6] ButtonPowerUSBTask: Use tslib
[0x6] ButtonPowerUSBTask: tslib: ts_config failed
[0x6] LoadTSLib: use_tslib=0, handle=0x1a0fa0, tsl=(nil), fd=0
[0x6] ButtonPowerUSBTask: Use tslib
[0x6] ButtonPowerUSBTask: tslib: ts_config failed
[0x6] LoadTSLib: use_tslib=0, handle=0x181540, tsl=(nil), fd=0
[0x6] ButtonPowerUSBTask: Use tslib
[0x6] ButtonPowerUSBTask: tslib: ts_config failed
[0x6] LoadTSLib: use_tslib=0, handle=0x814a0, tsl=(nil), fd=0
[0x6] ButtonPowerUSBTask: Use tslib
[0x6] ButtonPowerUSBTask: tslib: ts_config failed
[0x6] LoadTSLib: use_tslib=0, handle=0x181540, tsl=(nil), fd=0
[0x6] ButtonPowerUSBTask: Use tslib
[0x6] ButtonPowerUSBTask: tslib: ts_config failed
[0x6] LoadTSLib: use_tslib=0, handle=0x1a0fa0, tsl=(nil), fd=0
[0x6] ButtonPowerUSBTask: Use tslib
[0x6] ButtonPowerUSBTask: tslib: ts_config failed
[0x6] LoadTSLib: use_tslib=0, handle=0x181540, tsl=(nil), fd=0
[0x6] ButtonPowerUSBTask: Use tslib
[0x6] ButtonPowerUSBTask: tslib: ts_config failed
[0x6] LoadTSLib: use_tslib=0, handle=0x814a0, tsl=(nil), fd=0
[0x6] ButtonPowerUSBTask: Use tslib
[0x6] ButtonPowerUSBTask: tslib: ts_config failed
[0x6] LoadTSLib: use_tslib=0, handle=0x181540, tsl=(nil), fd=0
[0x6] ButtonPowerUSBTask: Use tslib
[0x6] ButtonPowerUSBTask: tslib: ts_config failed
[0x6] LoadTSLib: use_tslib=0, handle=0x1a0fa0, tsl=(nil), fd=0
[0x6] ButtonPowerUSBTask: Use tslib
[0x6] ButtonPowerUSBTask: tslib: ts_config failed
[0x6] LoadTSLib: use_tslib=0, handle=0x181540, tsl=(nil), fd=0
[0x6] ButtonPowerUSBTask: Use tslib
[0x6] ButtonPowerUSBTask: tslib: ts_config failed
[0x6] LoadTSLib: use_tslib=0, handle=0x814a0, tsl=(nil), fd=0
[0x6] ButtonPowerUSBTask: Use tslib
[0x6] ButtonPowerUSBTask: tslib: ts_config failed
[0x6] LoadTSLib: use_tslib=0, handle=0x181540, tsl=(nil), fd=0
[0x6] ButtonPowerUSBTask: Use tslib
[0x6] ButtonPowerUSBTask: tslib: ts_config failed
[0x6] LoadTSLib: use_tslib=0, handle=0x1a0fa0, tsl=(nil), fd=0
[0x6] ButtonPowerUSBTask: Use tslib
[0x6] ButtonPowerUSBTask: tslib: ts_config failed
[0x6] LoadTSLib: use_tslib=0, handle=0x181540, tsl=(nil), fd=0
[0x6] ButtonPowerUSBTask: Use tslib
[0x6] ButtonPowerUSBTask: tslib: ts_config failed
[0x6] LoadTSLib: use_tslib=0, handle=0x814a0, tsl=(nil), fd=0
[0x6] ButtonPowerUSBTask: Use tslib
[0x6] ButtonPowerUSBTask: tslib: ts_config failed
[0x6] LoadTSLib: use_tslib=0, handle=0x181540, tsl=(nil), fd=0
[0x6] ButtonPowerUSBTask: Use tslib
[0x6] ButtonPowerUSBTask: tslib: ts_config failed
[0x6] LoadTSLib: use_tslib=0, handle=0x1a0fa0, tsl=(nil), fd=0
[0x6] ButtonPowerUSBTask: Use tslib
[0x6] ButtonPowerUSBTask: tslib: ts_config failed
[0x6] LoadTSLib: use_tslib=0, handle=0x181540, tsl=(nil), fd=0
[0x6] ButtonPowerUSBTask: Use tslib
[0x6] ButtonPowerUSBTask: tslib: ts_config failed
[0x6] LoadTSLib: use_tslib=0, handle=0x181540, tsl=(nil), fd=0
[0x6] ButtonPowerUSBTask: Use tslib
[0x6] ButtonPowerUSBTask: tslib: ts_config failed
[0x6] LoadTSLib: use_tslib=0, handle=0x181540, tsl=(nil), fd=0
[0x6] ButtonPowerUSBTask: Use tslib
[0x6] ButtonPowerUSBTask: tslib: ts_config failed
[0x6] LoadTSLib: use_tslib=0, handle=0x5a5b90, tsl=(nil), fd=0
[0x6] ButtonPowerUSBTask: Use tslib
[0x6] ButtonPowerUSBTask: tslib: ts_config failed
[0x6] LoadTSLib: use_tslib=0, handle=0x1a0fa0, tsl=(nil), fd=0
[0x6] ButtonPowerUSBTask: Use tslib
[0x6] ButtonPowerUSBTask: tslib: ts_config failed
[0x6] LoadTSLib: use_tslib=0, handle=0x181540, tsl=(nil), fd=0
[0x6] ButtonPowerUSBTask: Use tslib
[0x6] ButtonPowerUSBTask: tslib: ts_config failed
[0x6] LoadTSLib: use_tslib=0, handle=0x814a0, tsl=(nil), fd=0
[0x6] ButtonPowerUSBTask: Use tslib
[0x6] ButtonPowerUSBTask: tslib: ts_config failed
[0x6] LoadTSLib: use_tslib=0, handle=0x181540, tsl=(nil), fd=0
[0x6] ButtonPowerUSBTask: Use tslib
[0x6] ButtonPowerUSBTask: tslib: ts_config failed
[0x6] LoadTSLib: use_tslib=0, handle=0x1a0fa0, tsl=(nil), fd=0
[0x6] ButtonPowerUSBTask: Use tslib
[0x6] ButtonPowerUSBTask: tslib: ts_config failed
[0x6] LoadTSLib: use_tslib=0, handle=0x181540, tsl=(nil), fd=0
[0x6] ButtonPowerUSBTask: Use tslib
[0x6] ButtonPowerUSBTask: tslib: ts_config failed
[0x6] LoadTSLib: use_tslib=0, handle=0x814a0, tsl=(nil), fd=0
[0x6] ButtonPowerUSBTask: Use tslib
[0x6] ButtonPowerUSBTask: tslib: ts_config failed
[0x6] LoadTSLib: use_tslib=0, handle=0x181540, tsl=(nil), fd=0
[0x6] ButtonPowerUSBTask: Use tslib
[0x6] ButtonPowerUSBTask: tslib: ts_config failed
[0x6] LoadTSLib: use_tslib=0, handle=0x1a0fa0, tsl=(nil), fd=0
[0x6] ButtonPowerUSBTask: Use tslib
[0x6] ButtonPowerUSBTask: tslib: ts_config failed
[0x6] LoadTSLib: use_tslib=0, handle=0x181540, tsl=(nil), fd=0
[0x6] ButtonPowerUSBTask: Use tslib
[0x6] ButtonPowerUSBTask: tslib: ts_config failed
[0x6] LoadTSLib: use_tslib=0, handle=0x814a0, tsl=(nil), fd=0
[0x6] ButtonPowerUSBTask: Use tslib
[0x6] ButtonPowerUSBTask: tslib: ts_config failed
[0x6] LoadTSLib: use_tslib=0, handle=0x181540, tsl=(nil), fd=0
[0x6] ButtonPowerUSBTask: Use tslib
[0x6] ButtonPowerUSBTask: tslib: ts_config failed
[0x6] LoadTSLib: use_tslib=0, handle=0x1a0fa0, tsl=(nil), fd=0
[0x6] ButtonPowerUSBTask: Use tslib
[0x6] ButtonPowerUSBTask: tslib: ts_config failed
[0x6] LoadTSLib: use_tslib=0, handle=0x181540, tsl=(nil), fd=0
[0x6] ButtonPowerUSBTask: Use tslib
[0x6] ButtonPowerUSBTask: tslib: ts_config failed
[0x6] LoadTSLib: use_tslib=0, handle=0x814a0, tsl=(nil), fd=0
[0x6] ButtonPowerUSBTask: Use tslib
[0x6] ButtonPowerUSBTask: tslib: ts_config failed
[0x6] LoadTSLib: use_tslib=0, handle=0x181540, tsl=(nil), fd=0
[0x6] ButtonPowerUSBTask: Use tslib
[0x6] ButtonPowerUSBTask: tslib: ts_config failed
[0x6] LoadTSLib: use_tslib=0, handle=0x1a0fa0, tsl=(nil), fd=0
[0x6] ButtonPowerUSBTask: Use tslib
[0x6] ButtonPowerUSBTask: tslib: ts_config failed
[0x6] LoadTSLib: use_tslib=0, handle=0x181540, tsl=(nil), fd=0
[0x6] ButtonPowerUSBTask: Use tslib
[0x6] ButtonPowerUSBTask: tslib: ts_config failed
[0x6] LoadTSLib: use_tslib=0, handle=0x814a0, tsl=(nil), fd=0
[0x6] ButtonPowerUSBTask: Use tslib
[0x6] ButtonPowerUSBTask: tslib: ts_config failed
[0x6] LoadTSLib: use_tslib=0, handle=0x181540, tsl=(nil), fd=0
[0x6] ButtonPowerUSBTask: Use tslib
[0x6] ButtonPowerUSBTask: tslib: ts_config failed
[0x6] LoadTSLib: use_tslib=0, handle=0x1a0fa0, tsl=(nil), fd=0
[0x6] ButtonPowerUSBTask: Use tslib
[0x6] ButtonPowerUSBTask: tslib: ts_config failed
[0x6] LoadTSLib: use_tslib=0, handle=0x181540, tsl=(nil), fd=0
[0x6] ButtonPowerUSBTask: Use tslib
[0x6] ButtonPowerUSBTask: tslib: ts_config failed
[0x6] LoadTSLib: use_tslib=0, handle=0x814a0, tsl=(nil), fd=0
[0x6] ButtonPowerUSBTask: Use tslib
[0x6] ButtonPowerUSBTask: tslib: ts_config failed
[0x6] LoadTSLib: use_tslib=0, handle=0x181540, tsl=(nil), fd=0
[0x6] ButtonPowerUSBTask: Use tslib
[0x6] ButtonPowerUSBTask: tslib: ts_config failed
[0x6] LoadTSLib: use_tslib=0, handle=0x1a0fa0, tsl=(nil), fd=0
[0x6] ButtonPowerUSBTask: Use tslib
[0x6] ButtonPowerUSBTask: tslib: ts_config failed
[0x6] LoadTSLib: use_tslib=0, handle=0x181540, tsl=(nil), fd=0
[0x6] ButtonPowerUSBTask: Use tslib
[0x6] ButtonPowerUSBTask: tslib: ts_config failed
[0x6] LoadTSLib: use_tslib=0, handle=0x814a0, tsl=(nil), fd=0
[0x6] ButtonPowerUSBTask: Use tslib
[0x6] ButtonPowerUSBTask: tslib: ts_config failed
[0x6] LoadTSLib: use_tslib=0, handle=0x181540, tsl=(nil), fd=0
[0x6] ButtonPowerUSBTask: Use tslib
[0x6] ButtonPowerUSBTask: tslib: ts_config failed
[0x6] LoadTSLib: use_tslib=0, handle=0x1a0fa0, tsl=(nil), fd=0
[0x6] ButtonPowerUSBTask: Use tslib
[0x6] ButtonPowerUSBTask: tslib: ts_config failed
[0x6] LoadTSLib: use_tslib=0, handle=0x181540, tsl=(nil), fd=0
[0x6] ButtonPowerUSBTask: Use tslib
[0x6] ButtonPowerUSBTask: tslib: ts_config failed
[0x6] LoadTSLib: use_tslib=0, handle=0x814a0, tsl=(nil), fd=0
[0x6] ButtonPowerUSBTask: Use tslib
[0x6] ButtonPowerUSBTask: tslib: ts_config failed
[0x6] LoadTSLib: use_tslib=0, handle=0x181540, tsl=(nil), fd=0
[0x6] ButtonPowerUSBTask: Use tslib
[0x6] ButtonPowerUSBTask: tslib: ts_config failed
[0x6] LoadTSLib: use_tslib=0, handle=0x1a0fa0, tsl=(nil), fd=0
[0x6] ButtonPowerUSBTask: Use tslib
[0x6] ButtonPowerUSBTask: tslib: ts_config failed
[0x6] LoadTSLib: use_tslib=0, handle=0x181540, tsl=(nil), fd=0
[0x6] ButtonPowerUSBTask: Use tslib
[0x6] ButtonPowerUSBTask: tslib: ts_config failed
[0x6] LoadTSLib: use_tslib=0, handle=0x814a0, tsl=(nil), fd=0
[0x6] ButtonPowerUSBTask: Use tslib
[0x6] ButtonPowerUSBTask: tslib: ts_config failed
[0x6] LoadTSLib: use_tslib=0, handle=0x181540, tsl=(nil), fd=0
[0x6] ButtonPowerUSBTask: Use tslib
[0x6] ButtonPowerUSBTask: tslib: ts_config failed
[0x6] LoadTSLib: use_tslib=0, handle=0x1a0fa0, tsl=(nil), fd=0
[0x6] ButtonPowerUSBTask: Use tslib
[0x6] ButtonPowerUSBTask: tslib: ts_config failed
[0x6] LoadTSLib: use_tslib=0, handle=0x181540, tsl=(nil), fd=0
[0x6] ButtonPowerUSBTask: Use tslib
[0x6] ButtonPowerUSBTask: tslib: ts_config failed
[0x6] LoadTSLib: use_tslib=0, handle=0x814a0, tsl=(nil), fd=0
[0x6] ButtonPowerUSBTask: Use tslib
[0x6] ButtonPowerUSBTask: tslib: ts_config failed
[0x6] LoadTSLib: use_tslib=0, handle=0x181540, tsl=(nil), fd=0
[0x6] ButtonPowerUSBTask: Use tslib
[0x6] ButtonPowerUSBTask: tslib: ts_config failed
[0x6] LoadTSLib: use_tslib=0, handle=0x1a0fa0, tsl=(nil), fd=0
[0x6] ButtonPowerUSBTask: Use tslib
[0x6] ButtonPowerUSBTask: tslib: ts_config failed
[0x6] LoadTSLib: use_tslib=0, handle=0x181540, tsl=(nil), fd=0
[0x6] ButtonPowerUSBTask: Use tslib
[0x6] ButtonPowerUSBTask: tslib: ts_config failed
[0x6] LoadTSLib: use_tslib=0, handle=0x814a0, tsl=(nil), fd=0
[0x6] ButtonPowerUSBTask: Use tslib
[0x6] ButtonPowerUSBTask: tslib: ts_config failed
[0x6] LoadTSLib: use_tslib=0, handle=0x181540, tsl=(nil), fd=0
[0x6] ButtonPowerUSBTask: Use tslib
[0x6] ButtonPowerUSBTask: tslib: ts_config failed
[0x6] LoadTSLib: use_tslib=0, handle=0x1a0fa0, tsl=(nil), fd=0
[0x6] ButtonPowerUSBTask: Use tslib
[0x6] ButtonPowerUSBTask: tslib: ts_config failed
[0x6] LoadTSLib: use_tslib=0, handle=0x181540, tsl=(nil), fd=0
[0x6] ButtonPowerUSBTask: Use tslib
[0x6] ButtonPowerUSBTask: tslib: ts_config failed
[0x6] LoadTSLib: use_tslib=0, handle=0x814a0, tsl=(nil), fd=0
[0x6] ButtonPowerUSBTask: Use tslib
[0x6] ButtonPowerUSBTask: tslib: ts_config failed
[0x6] LoadTSLib: use_tslib=0, handle=0x181540, tsl=(nil), fd=0
[0x6] ButtonPowerUSBTask: Use tslib
[0x6] ButtonPowerUSBTask: tslib: ts_config failed
[0x6] LoadTSLib: use_tslib=0, handle=0x1a0fa0, tsl=(nil), fd=0
[0x6] ButtonPowerUSBTask: Use tslib
[0x6] ButtonPowerUSBTask: tslib: ts_config failed
[0x6] LoadTSLib: use_tslib=0, handle=0x181540, tsl=(nil), fd=0
[0x6] ButtonPowerUSBTask: Use tslib
[0x6] ButtonPowerUSBTask: tslib: ts_config failed
[0x6] LoadTSLib: use_tslib=0, handle=0x814a0, tsl=(nil), fd=0
[0x6] ButtonPowerUSBTask: Use tslib
[0x6] ButtonPowerUSBTask: tslib: ts_config failed
[0x6] LoadTSLib: use_tslib=0, handle=0x181540, tsl=(nil), fd=0
[0x6] ButtonPowerUSBTask: Use tslib
[0x6] ButtonPowerUSBTask: tslib: ts_config failed
[0x6] LoadTSLib: use_tslib=0, handle=0x1a0fa0, tsl=(nil), fd=0
[0x6] ButtonPowerUSBTask: Use tslib
[0x6] ButtonPowerUSBTask: tslib: ts_config failed
[0x6] LoadTSLib: use_tslib=0, handle=0x181540, tsl=(nil), fd=0
[0x6] ButtonPowerUSBTask: Use tslib
[0x6] ButtonPowerUSBTask: tslib: ts_config failed
[0x6] LoadTSLib: use_tslib=0, handle=0x814a0, tsl=(nil), fd=0
[0x6] ButtonPowerUSBTask: Use tslib
[0x6] ButtonPowerUSBTask: tslib: ts_config failed
[0x6] LoadTSLib: use_tslib=0, handle=0x181540, tsl=(nil), fd=0
[0x6] ButtonPowerUSBTask: Use tslib
[0x6] ButtonPowerUSBTask: tslib: ts_config failed
[0x6] LoadTSLib: use_tslib=0, handle=0x1a0fa0, tsl=(nil), fd=0
[0x6] ButtonPowerUSBTask: Use tslib
[0x6] ButtonPowerUSBTask: tslib: ts_config failed
[0x6] LoadTSLib: use_tslib=0, handle=0x181540, tsl=(nil), fd=0
[0x6] ButtonPowerUSBTask: Use tslib
[0x6] ButtonPowerUSBTask: tslib: ts_config failed
[0x6] LoadTSLib: use_tslib=0, handle=0x814a0, tsl=(nil), fd=0
[0x6] ButtonPowerUSBTask: Use tslib
[0x6] ButtonPowerUSBTask: tslib: ts_config failed
[0x6] LoadTSLib: use_tslib=0, handle=0x181540, tsl=(nil), fd=0
[0x6] ButtonPowerUSBTask: Use tslib
[0x6] ButtonPowerUSBTask: tslib: ts_config failed
[0x6] LoadTSLib: use_tslib=0, handle=0x1a0fa0, tsl=(nil), fd=0
[0x6] ButtonPowerUSBTask: Use tslib
[0x6] ButtonPowerUSBTask: tslib: ts_config failed
[0x6] LoadTSLib: use_tslib=0, handle=0x181540, tsl=(nil), fd=0
[0x6] ButtonPowerUSBTask: Use tslib
[0x6] ButtonPowerUSBTask: tslib: ts_config failed
[0x6] LoadTSLib: use_tslib=0, handle=0x814a0, tsl=(nil), fd=0
[0x6] ButtonPowerUSBTask: Use tslib
[0x6] ButtonPowerUSBTask: tslib: ts_config failed
[0x6] LoadTSLib: use_tslib=0, handle=0x181540, tsl=(nil), fd=0
[0x6] ButtonPowerUSBTask: Use tslib
[0x6] ButtonPowerUSBTask: tslib: ts_config failed
[0x6] LoadTSLib: use_tslib=0, handle=0x1a0fa0, tsl=(nil), fd=0
[0x6] ButtonPowerUSBTask: Use tslib
[0x6] ButtonPowerUSBTask: tslib: ts_config failed
[0x6] LoadTSLib: use_tslib=0, handle=0x181540, tsl=(nil), fd=0
[0x6] ButtonPowerUSBTask: Use tslib
[0x6] ButtonPowerUSBTask: tslib: ts_config failed
[0x6] LoadTSLib: use_tslib=0, handle=0x5a5b90, tsl=(nil), fd=0
[0x6] ButtonPowerUSBTask: Use tslib
[0x6] ButtonPowerUSBTask: tslib: ts_config failed
[0x6] LoadTSLib: use_tslib=0, handle=0x1a0fa0, tsl=(nil), fd=0
[0x6] ButtonPowerUSBTask: Use tslib
[0x6] ButtonPowerUSBTask: tslib: ts_config failed
[0x6] LoadTSLib: use_tslib=0, handle=0x181540, tsl=(nil), fd=0
[0x6] ButtonPowerUSBTask: Use tslib
[0x6] ButtonPowerUSBTask: tslib: ts_config failed
[0x6] LoadTSLib: use_tslib=0, handle=0x814a0, tsl=(nil), fd=0
[0x6] ButtonPowerUSBTask: Use tslib
[0x6] ButtonPowerUSBTask: tslib: ts_config failed
[0x6] LoadTSLib: use_tslib=0, handle=0x181540, tsl=(nil), fd=0
[0x6] ButtonPowerUSBTask: Use tslib
[0x6] ButtonPowerUSBTask: tslib: ts_config failed
[0x6] LoadTSLib: use_tslib=0, handle=0x1a0fa0, tsl=(nil), fd=0
[0x6] ButtonPowerUSBTask: Use tslib
[0x6] ButtonPowerUSBTask: tslib: ts_config failed
[0x6] LoadTSLib: use_tslib=0, handle=0x181540, tsl=(nil), fd=0
[0x6] ButtonPowerUSBTask: Use tslib
[0x6] ButtonPowerUSBTask: tslib: ts_config failed
[0x6] LoadTSLib: use_tslib=0, handle=0x814a0, tsl=(nil), fd=0
[0x6] ButtonPowerUSBTask: Use tslib
[0x6] ButtonPowerUSBTask: tslib: ts_config failed
[0x6] LoadTSLib: use_tslib=0, handle=0x181540, tsl=(nil), fd=0
[0x6] ButtonPowerUSBTask: Use tslib
[0x6] ButtonPowerUSBTask: tslib: ts_config failed
[0x6] LoadTSLib: use_tslib=0, handle=0x1a0fa0, tsl=(nil), fd=0
[0x6] ButtonPowerUSBTask: Use tslib
[0x6] ButtonPowerUSBTask: tslib: ts_config failed
[0x6] LoadTSLib: use_tslib=0, handle=0x181540, tsl=(nil), fd=0
[0x6] ButtonPowerUSBTask: Use tslib
[0x6] ButtonPowerUSBTask: tslib: ts_config failed
[0x6] LoadTSLib: use_tslib=0, handle=0x814a0, tsl=(nil), fd=0
[0x6] ButtonPowerUSBTask: Use tslib
[0x6] ButtonPowerUSBTask: tslib: ts_config failed
[0x6] LoadTSLib: use_tslib=0, handle=0x181540, tsl=(nil), fd=0
[0x6] ButtonPowerUSBTask: Use tslib
[0x6] ButtonPowerUSBTask: tslib: ts_config failed
[0x6] LoadTSLib: use_tslib=0, handle=0x1a0fa0, tsl=(nil), fd=0
[0x6] ButtonPowerUSBTask: Use tslib
[0x6] ButtonPowerUSBTask: tslib: ts_config failed
[0x6] LoadTSLib: use_tslib=0, handle=0x181540, tsl=(nil), fd=0
[0x6] ButtonPowerUSBTask: Use tslib
[0x6] ButtonPowerUSBTask: tslib: ts_config failed
[0x6] LoadTSLib: use_tslib=0, handle=0x814a0, tsl=(nil), fd=0
[0x6] ButtonPowerUSBTask: Use tslib
[0x6] ButtonPowerUSBTask: tslib: ts_config failed
[0x6] LoadTSLib: use_tslib=0, handle=0x181540, tsl=(nil), fd=0
[0x6] ButtonPowerUSBTask: Use tslib
[0x6] ButtonPowerUSBTask: tslib: ts_config failed
[0x6] LoadTSLib: use_tslib=0, handle=0x1a0fa0, tsl=(nil), fd=0
[0x6] ButtonPowerUSBTask: Use tslib
[0x6] ButtonPowerUSBTask: tslib: ts_config failed
[0x6] LoadTSLib: use_tslib=0, handle=0x181540, tsl=(nil), fd=0
[0x6] ButtonPowerUSBTask: Use tslib
[0x6] ButtonPowerUSBTask: tslib: ts_config failed
[0x6] LoadTSLib: use_tslib=0, handle=0x814a0, tsl=(nil), fd=0
[0x6] ButtonPowerUSBTask: Use tslib
[0x6] ButtonPowerUSBTask: tslib: ts_config failed
[0x6] LoadTSLib: use_tslib=0, handle=0x181540, tsl=(nil), fd=0
[0x6] ButtonPowerUSBTask: Use tslib
[0x6] ButtonPowerUSBTask: tslib: ts_config failed
[0x6] LoadTSLib: use_tslib=0, handle=0x1a0fa0, tsl=(nil), fd=0
[0x6] ButtonPowerUSBTask: Use tslib
[0x6] ButtonPowerUSBTask: tslib: ts_config failed
[0x6] LoadTSLib: use_tslib=0, handle=0x181540, tsl=(nil), fd=0
[0x6] ButtonPowerUSBTask: Use tslib
[0x6] ButtonPowerUSBTask: tslib: ts_config failed
[0x6] LoadTSLib: use_tslib=0, handle=0x814a0, tsl=(nil), fd=0
[0x6] ButtonPowerUSBTask: Use tslib
[0x6] ButtonPowerUSBTask: tslib: ts_config failed
[0x6] LoadTSLib: use_tslib=0, handle=0x181540, tsl=(nil), fd=0
[0x6] ButtonPowerUSBTask: Use tslib
[0x6] ButtonPowerUSBTask: tslib: ts_config failed
[0x6] LoadTSLib: use_tslib=0, handle=0x1a0fa0, tsl=(nil), fd=0
[0x6] ButtonPowerUSBTask: Use tslib
[0x6] ButtonPowerUSBTask: tslib: ts_config failed
[0x6] LoadTSLib: use_tslib=0, handle=0x181540, tsl=(nil), fd=0
[0x6] ButtonPowerUSBTask: Use tslib
[0x6] ButtonPowerUSBTask: tslib: ts_config failed
[0x6] LoadTSLib: use_tslib=0, handle=0x814a0, tsl=(nil), fd=0
[0x6] ButtonPowerUSBTask: Use tslib
[0x6] ButtonPowerUSBTask: tslib: ts_config failed
[0x6] LoadTSLib: use_tslib=0, handle=0x181540, tsl=(nil), fd=0
[0x6] ButtonPowerUSBTask: Use tslib
[0x6] ButtonPowerUSBTask: tslib: ts_config failed
[0x6] LoadTSLib: use_tslib=0, handle=0x1a0fa0, tsl=(nil), fd=0
[0x6] ButtonPowerUSBTask: Use tslib
[0x6] ButtonPowerUSBTask: tslib: ts_config failed
[0x6] LoadTSLib: use_tslib=0, handle=0x181540, tsl=(nil), fd=0
[0x6] ButtonPowerUSBTask: Use tslib
[0x6] ButtonPowerUSBTask: tslib: ts_config failed
[0x6] LoadTSLib: use_tslib=0, handle=0x814a0, tsl=(nil), fd=0
[0x6] ButtonPowerUSBTask: Use tslib
[0x6] ButtonPowerUSBTask: tslib: ts_config failed
[0x6] LoadTSLib: use_tslib=0, handle=0x181540, tsl=(nil), fd=0
[0x6] ButtonPowerUSBTask: Use tslib
[0x6] ButtonPowerUSBTask: tslib: ts_config failed
[0x6] LoadTSLib: use_tslib=0, handle=0x1a0fa0, tsl=(nil), fd=0
[0x6] ButtonPowerUSBTask: Use tslib
[0x6] ButtonPowerUSBTask: tslib: ts_config failed
[0x6] LoadTSLib: use_tslib=0, handle=0x181540, tsl=(nil), fd=0
[0x6] ButtonPowerUSBTask: Use tslib
[0x6] ButtonPowerUSBTask: tslib: ts_config failed
[0x6] LoadTSLib: use_tslib=0, handle=0x814a0, tsl=(nil), fd=0
[0x6] ButtonPowerUSBTask: Use tslib
[0x6] ButtonPowerUSBTask: tslib: ts_config failed
[0x6] LoadTSLib: use_tslib=0, handle=0x181540, tsl=(nil), fd=0
[0x6] ButtonPowerUSBTask: Use tslib
[0x6] ButtonPowerUSBTask: tslib: ts_config failed
[0x6] LoadTSLib: use_tslib=0, handle=0x1a0fa0, tsl=(nil), fd=0
[0x6] ButtonPowerUSBTask: Use tslib
[0x6] ButtonPowerUSBTask: tslib: ts_config failed
[0x6] LoadTSLib: use_tslib=0, handle=0x181540, tsl=(nil), fd=0
[0x6] ButtonPowerUSBTask: Use tslib
[0x6] ButtonPowerUSBTask: tslib: ts_config failed
[0x6] LoadTSLib: use_tslib=0, handle=0x814a0, tsl=(nil), fd=0
[0x6] ButtonPowerUSBTask: Use tslib
[0x6] ButtonPowerUSBTask: tslib: ts_config failed
[0x6] LoadTSLib: use_tslib=0, handle=0x181540, tsl=(nil), fd=0
[0x6] ButtonPowerUSBTask: Use tslib
[0x6] ButtonPowerUSBTask: tslib: ts_config failed
[0x6] LoadTSLib: use_tslib=0, handle=0x1a0fa0, tsl=(nil), fd=0
[0x6] ButtonPowerUSBTask: Use tslib
[0x6] ButtonPowerUSBTask: tslib: ts_config failed
[0x6] LoadTSLib: use_tslib=0, handle=0x181540, tsl=(nil), fd=0
[0x6] ButtonPowerUSBTask: Use tslib
[0x6] ButtonPowerUSBTask: tslib: ts_config failed
[0x6] LoadTSLib: use_tslib=0, handle=0x814a0, tsl=(nil), fd=0
[0x6] ButtonPowerUSBTask: Use tslib
[0x6] ButtonPowerUSBTask: tslib: ts_config failed
[0x6] LoadTSLib: use_tslib=0, handle=0x181540, tsl=(nil), fd=0
[0x6] ButtonPowerUSBTask: Use tslib
[0x6] ButtonPowerUSBTask: tslib: ts_config failed
[0x6] LoadTSLib: use_tslib=0, handle=0x1a0fa0, tsl=(nil), fd=0
[0x6] ButtonPowerUSBTask: Use tslib
[0x6] ButtonPowerUSBTask: tslib: ts_config failed
[0x6] LoadTSLib: use_tslib=0, handle=0x181540, tsl=(nil), fd=0
[0x6] ButtonPowerUSBTask: Use tslib
[0x6] ButtonPowerUSBTask: tslib: ts_config failed
[0x6] LoadTSLib: use_tslib=0, handle=0x814a0, tsl=(nil), fd=0
[0x6] ButtonPowerUSBTask: Use tslib
[0x6] ButtonPowerUSBTask: tslib: ts_config failed
[0x6] LoadTSLib: use_tslib=0, handle=0x181540, tsl=(nil), fd=0
[0x6] ButtonPowerUSBTask: Use tslib
[0x6] ButtonPowerUSBTask: tslib: ts_config failed
[0x6] LoadTSLib: use_tslib=0, handle=0x1a0fa0, tsl=(nil), fd=0
[0x6] ButtonPowerUSBTask: Use tslib
[0x6] ButtonPowerUSBTask: tslib: ts_config failed
[0x6] LoadTSLib: use_tslib=0, handle=0x181540, tsl=(nil), fd=0
[0x6] ButtonPowerUSBTask: Use tslib
[0x6] ButtonPowerUSBTask: tslib: ts_config failed
[0x6] LoadTSLib: use_tslib=0, handle=0x814a0, tsl=(nil), fd=0
[0x6] ButtonPowerUSBTask: Use tslib
[0x6] ButtonPowerUSBTask: tslib: ts_config failed
[0x6] LoadTSLib: use_tslib=0, handle=0x181540, tsl=(nil), fd=0
[0x6] ButtonPowerUSBTask: Use tslib
[0x6] ButtonPowerUSBTask: tslib: ts_config failed
[0x6] LoadTSLib: use_tslib=0, handle=0x1a0fa0, tsl=(nil), fd=0
[0x6] ButtonPowerUSBTask: Use tslib
[0x6] ButtonPowerUSBTask: tslib: ts_config failed
[0x6] LoadTSLib: use_tslib=0, handle=0x181540, tsl=(nil), fd=0
[0x6] ButtonPowerUSBTask: Use tslib
[0x6] ButtonPowerUSBTask: tslib: ts_config failed
[0x6] LoadTSLib: use_tslib=0, handle=0x814a0, tsl=(nil), fd=0
[0x6] ButtonPowerUSBTask: Use tslib
[0x6] ButtonPowerUSBTask: tslib: ts_config failed
[0x6] LoadTSLib: use_tslib=0, handle=0x181540, tsl=(nil), fd=0
[0x6] ButtonPowerUSBTask: Use tslib
[0x6] ButtonPowerUSBTask: tslib: ts_config failed
[0x6] LoadTSLib: use_tslib=0, handle=0x1a0fa0, tsl=(nil), fd=0
[0x6] ButtonPowerUSBTask: Use tslib
[0x6] ButtonPowerUSBTask: tslib: ts_config failed
[0x6] LoadTSLib: use_tslib=0, handle=0x181540, tsl=(nil), fd=0
[0x6] ButtonPowerUSBTask: Use tslib
[0x6] ButtonPowerUSBTask: tslib: ts_config failed
[0x6] LoadTSLib: use_tslib=0, handle=0x814a0, tsl=(nil), fd=0
[0x6] ButtonPowerUSBTask: Use tslib
[0x6] ButtonPowerUSBTask: tslib: ts_config failed
[0x6] LoadTSLib: use_tslib=0, handle=0x181540, tsl=(nil), fd=0
[0x6] ButtonPowerUSBTask: Use tslib
[0x6] ButtonPowerUSBTask: tslib: ts_config failed
[0x6] LoadTSLib: use_tslib=0, handle=0x1a0fa0, tsl=(nil), fd=0
[0x6] ButtonPowerUSBTask: Use tslib
[0x6] ButtonPowerUSBTask: tslib: ts_config failed
[0x6] LoadTSLib: use_tslib=0, handle=0x181540, tsl=(nil), fd=0
[0x6] ButtonPowerUSBTask: Use tslib
[0x6] ButtonPowerUSBTask: tslib: ts_config failed
[0x6] LoadTSLib: use_tslib=0, handle=0x814a0, tsl=(nil), fd=0
[0x6] ButtonPowerUSBTask: Use tslib
[0x6] ButtonPowerUSBTask: tslib: ts_config failed
[0x6] LoadTSLib: use_tslib=0, handle=0x181540, tsl=(nil), fd=0
[0x6] ButtonPowerUSBTask: Use tslib
[0x6] ButtonPowerUSBTask: tslib: ts_config failed
[0x6] LoadTSLib: use_tslib=0, handle=0x1a0fa0, tsl=(nil), fd=0
[0x6] ButtonPowerUSBTask: Use tslib
[0x6] ButtonPowerUSBTask: tslib: ts_config failed
[0x6] LoadTSLib: use_tslib=0, handle=0x181540, tsl=(nil), fd=0
[0x6] ButtonPowerUSBTask: Use tslib
[0x6] ButtonPowerUSBTask: tslib: ts_config failed
[0x6] LoadTSLib: use_tslib=0, handle=0x814a0, tsl=(nil), fd=0
[0x6] ButtonPowerUSBTask: Use tslib
[0x6] ButtonPowerUSBTask: tslib: ts_config failed
[0x6] LoadTSLib: use_tslib=0, handle=0x181540, tsl=(nil), fd=0
[0x6] ButtonPowerUSBTask: Use tslib
[0x6] ButtonPowerUSBTask: tslib: ts_config failed
[0x6] LoadTSLib: use_tslib=0, handle=0x1a0fa0, tsl=(nil), fd=0
[0x6] ButtonPowerUSBTask: Use tslib
[0x6] ButtonPowerUSBTask: tslib: ts_config failed
[0x6] LoadTSLib: use_tslib=0, handle=0x181540, tsl=(nil), fd=0
[0x6] ButtonPowerUSBTask: Use tslib
[0x6] ButtonPowerUSBTask: tslib: ts_config failed
[0x6] LoadTSLib: use_tslib=0, handle=0x814a0, tsl=(nil), fd=0
[0x6] ButtonPowerUSBTask: Use tslib
[0x6] ButtonPowerUSBTask: tslib: ts_config failed
[0x6] LoadTSLib: use_tslib=0, handle=0x181540, tsl=(nil), fd=0
[0x6] ButtonPowerUSBTask: Use tslib
[0x6] ButtonPowerUSBTask: tslib: ts_config failed
[0x6] LoadTSLib: use_tslib=0, handle=0x1a0fa0, tsl=(nil), fd=0
[0x6] ButtonPowerUSBTask: Use tslib
[0x6] ButtonPowerUSBTask: tslib: ts_config failed
[0x6] LoadTSLib: use_tslib=0, handle=0x181540, tsl=(nil), fd=0
[0x6] ButtonPowerUSBTask: Use tslib
[0x6] ButtonPowerUSBTask: tslib: ts_config failed
[0x6] LoadTSLib: use_tslib=0, handle=0x814a0, tsl=(nil), fd=0
[0x6] ButtonPowerUSBTask: Use tslib
[0x6] ButtonPowerUSBTask: tslib: ts_config failed
[0x6] LoadTSLib: use_tslib=0, handle=0x181540, tsl=(nil), fd=0
[0x6] ButtonPowerUSBTask: Use tslib
[0x6] ButtonPowerUSBTask: tslib: ts_config failed
[0x6] LoadTSLib: use_tslib=0, handle=0x1a0fa0, tsl=(nil), fd=0
[0x6] ButtonPowerUSBTask: Use tslib
[0x6] ButtonPowerUSBTask: tslib: ts_config failed
[0x6] LoadTSLib: use_tslib=0, handle=0x181540, tsl=(nil), fd=0
[0x6] ButtonPowerUSBTask: Use tslib
[0x6] ButtonPowerUSBTask: tslib: ts_config failed
[0x6] LoadTSLib: use_tslib=0, handle=0x814a0, tsl=(nil), fd=0
[0x6] ButtonPowerUSBTask: Use tslib
[0x6] ButtonPowerUSBTask: tslib: ts_config failed
[0x6] LoadTSLib: use_tslib=0, handle=0x181540, tsl=(nil), fd=0
[0x6] ButtonPowerUSBTask: Use tslib
[0x6] ButtonPowerUSBTask: tslib: ts_config failed
[0x6] LoadTSLib: use_tslib=0, handle=0x1a0fa0, tsl=(nil), fd=0
[0x6] ButtonPowerUSBTask: Use tslib
[0x6] ButtonPowerUSBTask: tslib: ts_config failed
[0x6] LoadTSLib: use_tslib=0, handle=0x181540, tsl=(nil), fd=0
[0x6] ButtonPowerUSBTask: Use tslib
[0x6] ButtonPowerUSBTask: tslib: ts_config failed
[0x6] LoadTSLib: use_tslib=0, handle=0x814a0, tsl=(nil), fd=0
[0x6] ButtonPowerUSBTask: Use tslib
[0x6] ButtonPowerUSBTask: tslib: ts_config failed
[0x6] LoadTSLib: use_tslib=0, handle=0x181540, tsl=(nil), fd=0
[0x6] ButtonPowerUSBTask: Use tslib
[0x6] ButtonPowerUSBTask: tslib: ts_config failed
[0x6] LoadTSLib: use_tslib=0, handle=0x1a0fa0, tsl=(nil), fd=0
[0x6] ButtonPowerUSBTask: Use tslib
[0x6] ButtonPowerUSBTask: tslib: ts_config failed
[0x6] LoadTSLib: use_tslib=0, handle=0x181540, tsl=(nil), fd=0
[0x6] ButtonPowerUSBTask: Use tslib
[0x6] ButtonPowerUSBTask: tslib: ts_config failed
[0x6] LoadTSLib: use_tslib=0, handle=0x814a0, tsl=(nil), fd=0
[0x6] ButtonPowerUSBTask: Use tslib
[0x6] ButtonPowerUSBTask: tslib: ts_config failed
[0x6] LoadTSLib: use_tslib=0, handle=0x181540, tsl=(nil), fd=0
[0x6] ButtonPowerUSBTask: Use tslib
[0x6] ButtonPowerUSBTask: tslib: ts_config failed
[0x6] LoadTSLib: use_tslib=0, handle=0x1a0fa0, tsl=(nil), fd=0
[0x6] ButtonPowerUSBTask: Use tslib
[0x6] ButtonPowerUSBTask: tslib: ts_config failed
[0x6] LoadTSLib: use_tslib=0, handle=0x181540, tsl=(nil), fd=0
[0x6] ButtonPowerUSBTask: Use tslib
[0x6] ButtonPowerUSBTask: tslib: ts_config failed
[0x6] LoadTSLib: use_tslib=0, handle=0x814a0, tsl=(nil), fd=0
[0x6] ButtonPowerUSBTask: Use tslib
[0x6] ButtonPowerUSBTask: tslib: ts_config failed
[0x6] LoadTSLib: use_tslib=0, handle=0x181540, tsl=(nil), fd=0
[0x6] ButtonPowerUSBTask: Use tslib
[0x6] ButtonPowerUSBTask: tslib: ts_config failed
[0x6] LoadTSLib: use_tslib=0, handle=0x1a0fa0, tsl=(nil), fd=0
[0x6] ButtonPowerUSBTask: Use tslib
[0x6] ButtonPowerUSBTask: tslib: ts_config failed
[0x6] LoadTSLib: use_tslib=0, handle=0x181540, tsl=(nil), fd=0
[0x6] ButtonPowerUSBTask: Use tslib
[0x6] ButtonPowerUSBTask: tslib: ts_config failed
[0x6] LoadTSLib: use_tslib=0, handle=0x814a0, tsl=(nil), fd=0
[0x6] ButtonPowerUSBTask: Use tslib
[0x6] ButtonPowerUSBTask: tslib: ts_config failed
[0x6] LoadTSLib: use_tslib=0, handle=0x181540, tsl=(nil), fd=0
[0x6] ButtonPowerUSBTask: Use tslib
[0x6] ButtonPowerUSBTask: tslib: ts_config failed
[0x6] LoadTSLib: use_tslib=0, handle=0x1a0fa0, tsl=(nil), fd=0
[0x6] ButtonPowerUSBTask: Use tslib
[0x6] ButtonPowerUSBTask: tslib: ts_config failed
[0x6] LoadTSLib: use_tslib=0, handle=0x181540, tsl=(nil), fd=0
[0x6] ButtonPowerUSBTask: Use tslib
[0x6] ButtonPowerUSBTask: tslib: ts_config failed
[0x6] LoadTSLib: use_tslib=0, handle=0x814a0, tsl=(nil), fd=0
[0x6] ButtonPowerUSBTask: Use tslib
[0x6] ButtonPowerUSBTask: tslib: ts_config failed
[0x6] LoadTSLib: use_tslib=0, handle=0x181540, tsl=(nil), fd=0
[0x6] ButtonPowerUSBTask: Use tslib
[0x6] ButtonPowerUSBTask: tslib: ts_config failed
[0x6] LoadTSLib: use_tslib=0, handle=0x1a0fa0, tsl=(nil), fd=0
[0x6] ButtonPowerUSBTask: Use tslib
[0x6] ButtonPowerUSBTask: tslib: ts_config failed
[0x6] LoadTSLib: use_tslib=0, handle=0x181540, tsl=(nil), fd=0
[0x6] ButtonPowerUSBTask: Use tslib
[0x6] ButtonPowerUSBTask: tslib: ts_config failed
[0x6] LoadTSLib: use_tslib=0, handle=0x814a0, tsl=(nil), fd=0
[0x6] ButtonPowerUSBTask: Use tslib
[0x6] ButtonPowerUSBTask: tslib: ts_config failed
[0x6] LoadTSLib: use_tslib=0, handle=0x181540, tsl=(nil), fd=0
[0x6] ButtonPowerUSBTask: Use tslib
[0x6] ButtonPowerUSBTask: tslib: ts_config failed
[0x6] LoadTSLib: use_tslib=0, handle=0x1a0fa0, tsl=(nil), fd=0
[0x6] ButtonPowerUSBTask: Use tslib
[0x6] ButtonPowerUSBTask: tslib: ts_config failed
[0x6] LoadTSLib: use_tslib=0, handle=0x181540, tsl=(nil), fd=0
[0x6] ButtonPowerUSBTask: Use tslib
[0x6] ButtonPowerUSBTask: tslib: ts_config failed
[0x6] LoadTSLib: use_tslib=0, handle=0x814a0, tsl=(nil), fd=0
[0x6] ButtonPowerUSBTask: Use tslib
[0x6] ButtonPowerUSBTask: tslib: ts_config failed
[0x6] LoadTSLib: use_tslib=0, handle=0x181540, tsl=(nil), fd=0
[0x6] ButtonPowerUSBTask: Use tslib
[0x6] ButtonPowerUSBTask: tslib: ts_config failed
[0x6] LoadTSLib: use_tslib=0, handle=0x1a0fa0, tsl=(nil), fd=0
[0x6] ButtonPowerUSBTask: Use tslib
[0x6] ButtonPowerUSBTask: tslib: ts_config failed
[0x6] LoadTSLib: use_tslib=0, handle=0x181540, tsl=(nil), fd=0
[0x6] ButtonPowerUSBTask: Use tslib
[0x6] ButtonPowerUSBTask: tslib: ts_config failed
[0x6] LoadTSLib: use_tslib=0, handle=0x814a0, tsl=(nil), fd=0
[0x6] ButtonPowerUSBTask: Use tslib
[0x6] ButtonPowerUSBTask: tslib: ts_config failed
[0x6] LoadTSLib: use_tslib=0, handle=0x181540, tsl=(nil), fd=0
[0x6] ButtonPowerUSBTask: Use tslib
[0x6] ButtonPowerUSBTask: tslib: ts_config failed
[0x6] LoadTSLib: use_tslib=0, handle=0x1a0fa0, tsl=(nil), fd=0
[0x6] ButtonPowerUSBTask: Use tslib
[0x6] ButtonPowerUSBTask: tslib: ts_config failed
[0x6] LoadTSLib: use_tslib=0, handle=0x181540, tsl=(nil), fd=0
[0x6] ButtonPowerUSBTask: Use tslib
[0x6] ButtonPowerUSBTask: tslib: ts_config failed
[0x6] LoadTSLib: use_tslib=0, handle=0x814a0, tsl=(nil), fd=0
[0x6] ButtonPowerUSBTask: Use tslib
[0x6] ButtonPowerUSBTask: tslib: ts_config failed
[0x6] LoadTSLib: use_tslib=0, handle=0x181540, tsl=(nil), fd=0
[0x6] ButtonPowerUSBTask: Use tslib
[0x6] ButtonPowerUSBTask: tslib: ts_config failed
[0x6] LoadTSLib: use_tslib=0, handle=0x1a0fa0, tsl=(nil), fd=0
[0x6] ButtonPowerUSBTask: Use tslib
[0x6] ButtonPowerUSBTask: tslib: ts_config failed
[0x6] LoadTSLib: use_tslib=0, handle=0x181540, tsl=(nil), fd=0
[0x6] ButtonPowerUSBTask: Use tslib
[0x6] ButtonPowerUSBTask: tslib: ts_config failed
[0x6] LoadTSLib: use_tslib=0, handle=0x814a0, tsl=(nil), fd=0
[0x6] ButtonPowerUSBTask: Use tslib
[0x6] ButtonPowerUSBTask: tslib: ts_config failed
[0x6] LoadTSLib: use_tslib=0, handle=0x181540, tsl=(nil), fd=0
[0x6] ButtonPowerUSBTask: Use tslib
[0x6] ButtonPowerUSBTask: tslib: ts_config failed
[0x6] LoadTSLib: use_tslib=0, handle=0x1a0fa0, tsl=(nil), fd=0
[0x6] ButtonPowerUSBTask: Use tslib
[0x6] ButtonPowerUSBTask: tslib: ts_config failed
[0x6] LoadTSLib: use_tslib=0, handle=0x181540, tsl=(nil), fd=0
[0x6] ButtonPowerUSBTask: Use tslib
[0x6] ButtonPowerUSBTask: tslib: ts_config failed
[0x6] LoadTSLib: use_tslib=0, handle=0x814a0, tsl=(nil), fd=0
[0x6] ButtonPowerUSBTask: Use tslib
[0x6] ButtonPowerUSBTask: tslib: ts_config failed
[0x6] LoadTSLib: use_tslib=0, handle=0x181540, tsl=(nil), fd=0
[0x6] ButtonPowerUSBTask: Use tslib
[0x6] ButtonPowerUSBTask: tslib: ts_config failed
[0x6] LoadTSLib: use_tslib=0, handle=0x1a0fa0, tsl=(nil), fd=0
[0x6] ButtonPowerUSBTask: Use tslib
[0x6] ButtonPowerUSBTask: tslib: ts_config failed
[0x6] LoadTSLib: use_tslib=0, handle=0x181540, tsl=(nil), fd=0
[0x6] ButtonPowerUSBTask: Use tslib
[0x6] ButtonPowerUSBTask: tslib: ts_config failed
[0x6] LoadTSLib: use_tslib=0, handle=0x814a0, tsl=(nil), fd=0
[0x6] ButtonPowerUSBTask: Use tslib
[0x6] ButtonPowerUSBTask: tslib: ts_config failed
[0x6] LoadTSLib: use_tslib=0, handle=0x181540, tsl=(nil), fd=0
[0x6] ButtonPowerUSBTask: Use tslib
[0x6] ButtonPowerUSBTask: tslib: ts_config failed
[0x6] LoadTSLib: use_tslib=0, handle=0x1a0fa0, tsl=(nil), fd=0
[0x6] ButtonPowerUSBTask: Use tslib
[0x6] ButtonPowerUSBTask: tslib: ts_config failed
[0x6] LoadTSLib: use_tslib=0, handle=0x181540, tsl=(nil), fd=0
[0x6] ButtonPowerUSBTask: Use tslib
[0x6] ButtonPowerUSBTask: tslib: ts_config failed
[0x6] LoadTSLib: use_tslib=0, handle=0x814a0, tsl=(nil), fd=0
[0x6] ButtonPowerUSBTask: Use tslib
[0x6] ButtonPowerUSBTask: tslib: ts_config failed
[0x6] LoadTSLib: use_tslib=0, handle=0x181540, tsl=(nil), fd=0
[0x6] ButtonPowerUSBTask: Use tslib
[0x6] ButtonPowerUSBTask: tslib: ts_config failed
[0x6] LoadTSLib: use_tslib=0, handle=0x1a0fa0, tsl=(nil), fd=0
[0x6] ButtonPowerUSBTask: Use tslib
[0x6] ButtonPowerUSBTask: tslib: ts_config failed
[0x6] LoadTSLib: use_tslib=0, handle=0x181540, tsl=(nil), fd=0
[0x6] ButtonPowerUSBTask: Use tslib
[0x6] ButtonPowerUSBTask: tslib: ts_config failed
[0x6] LoadTSLib: use_tslib=0, handle=0x814a0, tsl=(nil), fd=0
[0x6] ButtonPowerUSBTask: Use tslib
[0x6] ButtonPowerUSBTask: tslib: ts_config failed
[0x6] LoadTSLib: use_tslib=0, handle=0x181540, tsl=(nil), fd=0
[0x6] ButtonPowerUSBTask: Use tslib
[0x6] ButtonPowerUSBTask: tslib: ts_config failed
[0x6] LoadTSLib: use_tslib=0, handle=0x1a0fa0, tsl=(nil), fd=0
[0x6] ButtonPowerUSBTask: Use tslib
[0x6] ButtonPowerUSBTask: tslib: ts_config failed
[0x6] LoadTSLib: use_tslib=0, handle=0x181540, tsl=(nil), fd=0
[0x6] ButtonPowerUSBTask: Use tslib
[0x6] ButtonPowerUSBTask: tslib: ts_config failed
[0x6] LoadTSLib: use_tslib=0, handle=0x814a0, tsl=(nil), fd=0
[0x6] ButtonPowerUSBTask: Use tslib
[0x6] ButtonPowerUSBTask: tslib: ts_config failed
[0x6] LoadTSLib: use_tslib=0, handle=0x181540, tsl=(nil), fd=0
[0x6] ButtonPowerUSBTask: Use tslib
[0x6] ButtonPowerUSBTask: tslib: ts_config failed
[0x6] LoadTSLib: use_tslib=0, handle=0x1a0fa0, tsl=(nil), fd=0
[0x6] ButtonPowerUSBTask: Use tslib
[0x6] ButtonPowerUSBTask: tslib: ts_config failed
[0x6] LoadTSLib: use_tslib=0, handle=0x181540, tsl=(nil), fd=0
[0x6] ButtonPowerUSBTask: Use tslib
[0x6] ButtonPowerUSBTask: tslib: ts_config failed
[0x6] LoadTSLib: use_tslib=0, handle=0x814a0, tsl=(nil), fd=0
[0x6] ButtonPowerUSBTask: Use tslib
[0x6] ButtonPowerUSBTask: tslib: ts_config failed
[0x6] LoadTSLib: use_tslib=0, handle=0x181540, tsl=(nil), fd=0
[0x6] ButtonPowerUSBTask: Use tslib
[0x6] ButtonPowerUSBTask: tslib: ts_config failed
[0x6] LoadTSLib: use_tslib=0, handle=0x1a0fa0, tsl=(nil), fd=0
[0x6] ButtonPowerUSBTask: Use tslib
[0x6] ButtonPowerUSBTask: tslib: ts_config failed
[0x6] LoadTSLib: use_tslib=0, handle=0x181540, tsl=(nil), fd=0
[0x6] ButtonPowerUSBTask: Use tslib
[0x6] ButtonPowerUSBTask: tslib: ts_config failed
[0x6] LoadTSLib: use_tslib=0, handle=0x814a0, tsl=(nil), fd=0
[0x6] ButtonPowerUSBTask: Use tslib
[0x6] ButtonPowerUSBTask: tslib: ts_config failed
[0x6] LoadTSLib: use_tslib=0, handle=0x181540, tsl=(nil), fd=0
[0x6] ButtonPowerUSBTask: Use tslib
[0x6] ButtonPowerUSBTask: tslib: ts_config failed
[0x6] LoadTSLib: use_tslib=0, handle=0x1a0fa0, tsl=(nil), fd=0
[0x6] ButtonPowerUSBTask: Use tslib
[0x6] ButtonPowerUSBTask: tslib: ts_config failed
[0x6] LoadTSLib: use_tslib=0, handle=0x181540, tsl=(nil), fd=0
[0x6] ButtonPowerUSBTask: Use tslib
[0x6] ButtonPowerUSBTask: tslib: ts_config failed
[0x6] LoadTSLib: use_tslib=0, handle=0x814a0, tsl=(nil), fd=0
[0x6] ButtonPowerUSBTask: Use tslib
[0x6] ButtonPowerUSBTask: tslib: ts_config failed
[0x6] LoadTSLib: use_tslib=0, handle=0x181540, tsl=(nil), fd=0
[0x6] ButtonPowerUSBTask: Use tslib
[0x6] ButtonPowerUSBTask: tslib: ts_config failed
[0x6] LoadTSLib: use_tslib=0, handle=0x1a0fa0, tsl=(nil), fd=0
[0x6] ButtonPowerUSBTask: Use tslib
[0x6] ButtonPowerUSBTask: tslib: ts_config failed
[0x6] LoadTSLib: use_tslib=0, handle=0x181540, tsl=(nil), fd=0
[0x6] ButtonPowerUSBTask: Use tslib
[0x6] ButtonPowerUSBTask: tslib: ts_config failed
[0x6] LoadTSLib: use_tslib=0, handle=0x814a0, tsl=(nil), fd=0
[0x6] ButtonPowerUSBTask: Use tslib
[0x6] ButtonPowerUSBTask: tslib: ts_config failed
[0x6] LoadTSLib: use_tslib=0, handle=0x181540, tsl=(nil), fd=0
[0x6] ButtonPowerUSBTask: Use tslib
[0x6] ButtonPowerUSBTask: tslib: ts_config failed
[0x6] LoadTSLib: use_tslib=0, handle=0x1a0fa0, tsl=(nil), fd=0
[0x6] ButtonPowerUSBTask: Use tslib
[0x6] ButtonPowerUSBTask: tslib: ts_config failed
[0x6] LoadTSLib: use_tslib=0, handle=0x181540, tsl=(nil), fd=0
[0x6] ButtonPowerUSBTask: Use tslib
[0x6] ButtonPowerUSBTask: tslib: ts_config failed
[0x6] LoadTSLib: use_tslib=0, handle=0x814a0, tsl=(nil), fd=0
[0x6] ButtonPowerUSBTask: Use tslib
[0x6] ButtonPowerUSBTask: tslib: ts_config failed
[0x6] LoadTSLib: use_tslib=0, handle=0x181540, tsl=(nil), fd=0
[0x6] ButtonPowerUSBTask: Use tslib
[0x6] ButtonPowerUSBTask: tslib: ts_config failed
[0x6] LoadTSLib: use_tslib=0, handle=0x1a0fa0, tsl=(nil), fd=0
[0x6] ButtonPowerUSBTask: Use tslib
[0x6] ButtonPowerUSBTask: tslib: ts_config failed
[0x6] LoadTSLib: use_tslib=0, handle=0x181540, tsl=(nil), fd=0
[0x6] ButtonPowerUSBTask: Use tslib
[0x6] ButtonPowerUSBTask: tslib: ts_config failed
[0x6] LoadTSLib: use_tslib=0, handle=0x814a0, tsl=(nil), fd=0
[0x6] ButtonPowerUSBTask: Use tslib
[0x6] ButtonPowerUSBTask: tslib: ts_config failed
[0x6] LoadTSLib: use_tslib=0, handle=0x181540, tsl=(nil), fd=0
[0x6] ButtonPowerUSBTask: Use tslib
[0x6] ButtonPowerUSBTask: tslib: ts_config failed
[0x6] LoadTSLib: use_tslib=0, handle=0x1a0fa0, tsl=(nil), fd=0
[0x6] ButtonPowerUSBTask: Use tslib
[0x6] ButtonPowerUSBTask: tslib: ts_config failed
[0x6] LoadTSLib: use_tslib=0, handle=0x181540, tsl=(nil), fd=0
[0x6] ButtonPowerUSBTask: Use tslib
[0x6] ButtonPowerUSBTask: tslib: ts_config failed
[0x6] LoadTSLib: use_tslib=0, handle=0x814a0, tsl=(nil), fd=0
[0x6] ButtonPowerUSBTask: Use tslib
[0x6] ButtonPowerUSBTask: tslib: ts_config failed
[0x6] LoadTSLib: use_tslib=0, handle=0x181540, tsl=(nil), fd=0
[0x6] ButtonPowerUSBTask: Use tslib
[0x6] ButtonPowerUSBTask: tslib: ts_config failed
[0x6] LoadTSLib: use_tslib=0, handle=0x1a0fa0, tsl=(nil), fd=0
[0x6] ButtonPowerUSBTask: Use tslib
[0x6] ButtonPowerUSBTask: tslib: ts_config failed
[0x6] LoadTSLib: use_tslib=0, handle=0x181540, tsl=(nil), fd=0
[0x6] ButtonPowerUSBTask: Use tslib
[0x6] ButtonPowerUSBTask: tslib: ts_config failed
[0x6] LoadTSLib: use_tslib=0, handle=0x814a0, tsl=(nil), fd=0
[0x6] ButtonPowerUSBTask: Use tslib
[0x6] ButtonPowerUSBTask: tslib: ts_config failed
[0x6] LoadTSLib: use_tslib=0, handle=0x181540, tsl=(nil), fd=0
[0x6] ButtonPowerUSBTask: Use tslib
[0x6] ButtonPowerUSBTask: tslib: ts_config failed
[0x6] LoadTSLib: use_tslib=0, handle=0x1a0fa0, tsl=(nil), fd=0
[0x6] ButtonPowerUSBTask: Use tslib
[0x6] ButtonPowerUSBTask: tslib: ts_config failed
[0x6] LoadTSLib: use_tslib=0, handle=0x181540, tsl=(nil), fd=0
[0x6] ButtonPowerUSBTask: Use tslib
[0x6] ButtonPowerUSBTask: tslib: ts_config failed
[0x6] LoadTSLib: use_tslib=0, handle=0x814a0, tsl=(nil), fd=0
[0x6] ButtonPowerUSBTask: Use tslib
[0x6] ButtonPowerUSBTask: tslib: ts_config failed
[0x6] LoadTSLib: use_tslib=0, handle=0x181540, tsl=(nil), fd=0
[0x6] ButtonPowerUSBTask: Use tslib
[0x6] ButtonPowerUSBTask: tslib: ts_config failed
[0x6] LoadTSLib: use_tslib=0, handle=0x1a0fa0, tsl=(nil), fd=0
[0x6] ButtonPowerUSBTask: Use tslib
[0x6] ButtonPowerUSBTask: tslib: ts_config failed
[0x6] LoadTSLib: use_tslib=0, handle=0x181540, tsl=(nil), fd=0
[0x6] ButtonPowerUSBTask: Use tslib
[0x6] ButtonPowerUSBTask: tslib: ts_config failed
[0x6] LoadTSLib: use_tslib=0, handle=0x814a0, tsl=(nil), fd=0
[0x6] ButtonPowerUSBTask: Use tslib
[0x6] ButtonPowerUSBTask: tslib: ts_config failed
[0x6] LoadTSLib: use_tslib=0, handle=0x181540, tsl=(nil), fd=0
[0x6] ButtonPowerUSBTask: Use tslib
[0x6] ButtonPowerUSBTask: tslib: ts_config failed
[0x6] LoadTSLib: use_tslib=0, handle=0x1a0fa0, tsl=(nil), fd=0
[0x6] ButtonPowerUSBTask: Use tslib
[0x6] ButtonPowerUSBTask: tslib: ts_config failed
[0x6] LoadTSLib: use_tslib=0, handle=0x181540, tsl=(nil), fd=0
[0x6] ButtonPowerUSBTask: Use tslib
[0x6] ButtonPowerUSBTask: tslib: ts_config failed
[0x6] LoadTSLib: use_tslib=0, handle=0x814a0, tsl=(nil), fd=0
[0x6] ButtonPowerUSBTask: Use tslib
[0x6] ButtonPowerUSBTask: tslib: ts_config failed
[0x6] LoadTSLib: use_tslib=0, handle=0x181540, tsl=(nil), fd=0
[0x6] ButtonPowerUSBTask: Use tslib
[0x6] ButtonPowerUSBTask: tslib: ts_config failed
[0x6] LoadTSLib: use_tslib=0, handle=0x1a0fa0, tsl=(nil), fd=0
[0x6] ButtonPowerUSBTask: Use tslib
[0x6] ButtonPowerUSBTask: tslib: ts_config failed
[0x6] LoadTSLib: use_tslib=0, handle=0x181540, tsl=(nil), fd=0
[0x6] ButtonPowerUSBTask: Use tslib
[0x6] ButtonPowerUSBTask: tslib: ts_config failed
[0x6] LoadTSLib: use_tslib=0, handle=0x814a0, tsl=(nil), fd=0
[0x6] ButtonPowerUSBTask: Use tslib
[0x6] ButtonPowerUSBTask: tslib: ts_config failed
[0x6] LoadTSLib: use_tslib=0, handle=0x181540, tsl=(nil), fd=0
[0x6] ButtonPowerUSBTask: Use tslib
[0x6] ButtonPowerUSBTask: tslib: ts_config failed
[0x6] LoadTSLib: use_tslib=0, handle=0x1a0fa0, tsl=(nil), fd=0
[0x6] ButtonPowerUSBTask: Use tslib
[0x6] ButtonPowerUSBTask: tslib: ts_config failed
[0x6] LoadTSLib: use_tslib=0, handle=0x181540, tsl=(nil), fd=0
[0x6] ButtonPowerUSBTask: Use tslib
[0x6] ButtonPowerUSBTask: tslib: ts_config failed
[0x6] LoadTSLib: use_tslib=0, handle=0x814a0, tsl=(nil), fd=0
[0x6] ButtonPowerUSBTask: Use tslib
[0x6] ButtonPowerUSBTask: tslib: ts_config failed
[0x6] LoadTSLib: use_tslib=0, handle=0x181540, tsl=(nil), fd=0
[0x6] ButtonPowerUSBTask: Use tslib
[0x6] ButtonPowerUSBTask: tslib: ts_config failed
[0x6] LoadTSLib: use_tslib=0, handle=0x1a0fa0, tsl=(nil), fd=0
[0x6] ButtonPowerUSBTask: Use tslib
[0x6] ButtonPowerUSBTask: tslib: ts_config failed
[0x6] LoadTSLib: use_tslib=0, handle=0x181540, tsl=(nil), fd=0
[0x6] ButtonPowerUSBTask: Use tslib
[0x6] ButtonPowerUSBTask: tslib: ts_config failed
[0x6] LoadTSLib: use_tslib=0, handle=0x814a0, tsl=(nil), fd=0
[0x6] ButtonPowerUSBTask: Use tslib
[0x6] ButtonPowerUSBTask: tslib: ts_config failed
[0x6] LoadTSLib: use_tslib=0, handle=0x181540, tsl=(nil), fd=0
[0x6] ButtonPowerUSBTask: Use tslib
[0x6] ButtonPowerUSBTask: tslib: ts_config failed
[0x6] LoadTSLib: use_tslib=0, handle=0x1a0fa0, tsl=(nil), fd=0
[0x6] ButtonPowerUSBTask: Use tslib
[0x6] ButtonPowerUSBTask: tslib: ts_config failed
[0x6] LoadTSLib: use_tslib=0, handle=0x181540, tsl=(nil), fd=0
[0x6] ButtonPowerUSBTask: Use tslib
[0x6] ButtonPowerUSBTask: tslib: ts_config failed
[0x6] LoadTSLib: use_tslib=0, handle=0x814a0, tsl=(nil), fd=0
[0x6] ButtonPowerUSBTask: Use tslib
[0x6] ButtonPowerUSBTask: tslib: ts_config failed
[0x6] LoadTSLib: use_tslib=0, handle=0x181540, tsl=(nil), fd=0
[0x6] ButtonPowerUSBTask: Use tslib
[0x6] ButtonPowerUSBTask: tslib: ts_config failed
[0x6] LoadTSLib: use_tslib=0, handle=0x1a0fa0, tsl=(nil), fd=0
[0x6] ButtonPowerUSBTask: Use tslib
[0x6] ButtonPowerUSBTask: tslib: ts_config failed
[0x6] LoadTSLib: use_tslib=0, handle=0x181540, tsl=(nil), fd=0
[0x6] ButtonPowerUSBTask: Use tslib
[0x6] ButtonPowerUSBTask: tslib: ts_config failed
[0x6] LoadTSLib: use_tslib=0, handle=0x814a0, tsl=(nil), fd=0
[0x6] ButtonPowerUSBTask: Use tslib
[0x6] ButtonPowerUSBTask: tslib: ts_config failed
[0x6] LoadTSLib: use_tslib=0, handle=0x181540, tsl=(nil), fd=0
[0x6] ButtonPowerUSBTask: Use tslib
[0x6] ButtonPowerUSBTask: tslib: ts_config failed
[0x6] LoadTSLib: use_tslib=0, handle=0x1a0fa0, tsl=(nil), fd=0
[0x6] ButtonPowerUSBTask: Use tslib
[0x6] ButtonPowerUSBTask: tslib: ts_config failed
[0x6] LoadTSLib: use_tslib=0, handle=0x181540, tsl=(nil), fd=0
[0x6] ButtonPowerUSBTask: Use tslib
[0x6] ButtonPowerUSBTask: tslib: ts_config failed
[0x6] LoadTSLib: use_tslib=0, handle=0x814a0, tsl=(nil), fd=0
[0x6] ButtonPowerUSBTask: Use tslib
[0x6] ButtonPowerUSBTask: tslib: ts_config failed
[0x6] LoadTSLib: use_tslib=0, handle=0x181540, tsl=(nil), fd=0
[0x6] ButtonPowerUSBTask: Use tslib
[0x6] ButtonPowerUSBTask: tslib: ts_config failed
[0x6] LoadTSLib: use_tslib=0, handle=0x1a0fa0, tsl=(nil), fd=0
[0x6] ButtonPowerUSBTask: Use tslib
[0x6] ButtonPowerUSBTask: tslib: ts_config failed
[0x6] LoadTSLib: use_tslib=0, handle=0x181540, tsl=(nil), fd=0
[0x6] ButtonPowerUSBTask: Use tslib
[0x6] ButtonPowerUSBTask: tslib: ts_config failed
[0x6] LoadTSLib: use_tslib=0, handle=0x814a0, tsl=(nil), fd=0
[0x6] ButtonPowerUSBTask: Use tslib
[0x6] ButtonPowerUSBTask: tslib: ts_config failed
[0x6] LoadTSLib: use_tslib=0, handle=0x181540, tsl=(nil), fd=0
[0x6] ButtonPowerUSBTask: Use tslib
[0x6] ButtonPowerUSBTask: tslib: ts_config failed
[0x6] LoadTSLib: use_tslib=0, handle=0x1a0fa0, tsl=(nil), fd=0
[0x6] ButtonPowerUSBTask: Use tslib
[0x6] ButtonPowerUSBTask: tslib: ts_config failed
[0x6] LoadTSLib: use_tslib=0, handle=0x181540, tsl=(nil), fd=0
[0x6] ButtonPowerUSBTask: Use tslib
[0x6] ButtonPowerUSBTask: tslib: ts_config failed
[0x6] LoadTSLib: use_tslib=0, handle=0x814a0, tsl=(nil), fd=0
[0x6] ButtonPowerUSBTask: Use tslib
[0x6] ButtonPowerUSBTask: tslib: ts_config failed
[0x6] LoadTSLib: use_tslib=0, handle=0x181540, tsl=(nil), fd=0
[0x6] ButtonPowerUSBTask: Use tslib
[0x6] ButtonPowerUSBTask: tslib: ts_config failed
[0x6] LoadTSLib: use_tslib=0, handle=0x1a0fa0, tsl=(nil), fd=0
[0x6] ButtonPowerUSBTask: Use tslib
[0x6] ButtonPowerUSBTask: tslib: ts_config failed
[0x6] LoadTSLib: use_tslib=0, handle=0x181540, tsl=(nil), fd=0
[0x6] ButtonPowerUSBTask: Use tslib
[0x6] ButtonPowerUSBTask: tslib: ts_config failed
[0x6] LoadTSLib: use_tslib=0, handle=0x814a0, tsl=(nil), fd=0
[0x6] ButtonPowerUSBTask: Use tslib
[0x6] ButtonPowerUSBTask: tslib: ts_config failed
[0x6] LoadTSLib: use_tslib=0, handle=0x181540, tsl=(nil), fd=0
[0x6] ButtonPowerUSBTask: Use tslib
[0x6] ButtonPowerUSBTask: tslib: ts_config failed
[0x6] LoadTSLib: use_tslib=0, handle=0x1a0fa0, tsl=(nil), fd=0
[0x6] ButtonPowerUSBTask: Use tslib
[0x6] ButtonPowerUSBTask: tslib: ts_config failed
[0x6] LoadTSLib: use_tslib=0, handle=0x181540, tsl=(nil), fd=0
[0x6] ButtonPowerUSBTask: Use tslib
[0x6] ButtonPowerUSBTask: tslib: ts_config failed
[0x6] LoadTSLib: use_tslib=0, handle=0x814a0, tsl=(nil), fd=0
[0x6] ButtonPowerUSBTask: Use tslib
[0x6] ButtonPowerUSBTask: tslib: ts_config failed
[0x6] LoadTSLib: use_tslib=0, handle=0x181540, tsl=(nil), fd=0
[0x6] ButtonPowerUSBTask: Use tslib
[0x6] ButtonPowerUSBTask: tslib: ts_config failed
[0x6] LoadTSLib: use_tslib=0, handle=0x1a0fa0, tsl=(nil), fd=0
[0x6] ButtonPowerUSBTask: Use tslib
[0x6] ButtonPowerUSBTask: tslib: ts_config failed
[0x6] LoadTSLib: use_tslib=0, handle=0x181540, tsl=(nil), fd=0
[0x6] ButtonPowerUSBTask: Use tslib
[0x6] ButtonPowerUSBTask: tslib: ts_config failed
[0x6] LoadTSLib: use_tslib=0, handle=0x814a0, tsl=(nil), fd=0
[0x6] ButtonPowerUSBTask: Use tslib
[0x6] ButtonPowerUSBTask: tslib: ts_config failed
[0x6] LoadTSLib: use_tslib=0, handle=0x181540, tsl=(nil), fd=0
[0x6] ButtonPowerUSBTask: Use tslib
[0x6] ButtonPowerUSBTask: tslib: ts_config failed
[0x6] LoadTSLib: use_tslib=0, handle=0x1a0fa0, tsl=(nil), fd=0
[0x6] ButtonPowerUSBTask: Use tslib
[0x6] ButtonPowerUSBTask: tslib: ts_config failed
[0x6] LoadTSLib: use_tslib=0, handle=0x181540, tsl=(nil), fd=0
[0x6] ButtonPowerUSBTask: Use tslib
[0x6] ButtonPowerUSBTask: tslib: ts_config failed
[0x6] LoadTSLib: use_tslib=0, handle=0x814a0, tsl=(nil), fd=0
[0x6] ButtonPowerUSBTask: Use tslib
[0x6] ButtonPowerUSBTask: tslib: ts_config failed
[0x6] LoadTSLib: use_tslib=0, handle=0x181540, tsl=(nil), fd=0
[0x6] ButtonPowerUSBTask: Use tslib
[0x6] ButtonPowerUSBTask: tslib: ts_config failed
[0x6] LoadTSLib: use_tslib=0, handle=0x1a0fa0, tsl=(nil), fd=0
[0x6] ButtonPowerUSBTask: Use tslib
[0x6] ButtonPowerUSBTask: tslib: ts_config failed
[0x6] LoadTSLib: use_tslib=0, handle=0x181540, tsl=(nil), fd=0
[0x6] ButtonPowerUSBTask: Use tslib
[0x6] ButtonPowerUSBTask: tslib: ts_config failed
[0x6] LoadTSLib: use_tslib=0, handle=0x814a0, tsl=(nil), fd=0
[0x6] ButtonPowerUSBTask: Use tslib
[0x6] ButtonPowerUSBTask: tslib: ts_config failed
[0x6] LoadTSLib: use_tslib=0, handle=0x181540, tsl=(nil), fd=0
[0x6] ButtonPowerUSBTask: Use tslib
[0x6] ButtonPowerUSBTask: tslib: ts_config failed
[0x6] LoadTSLib: use_tslib=0, handle=0x1a0fa0, tsl=(nil), fd=0
[0x6] ButtonPowerUSBTask: Use tslib
[0x6] ButtonPowerUSBTask: tslib: ts_config failed
[0x6] LoadTSLib: use_tslib=0, handle=0x181540, tsl=(nil), fd=0
[0x6] ButtonPowerUSBTask: Use tslib
[0x6] ButtonPowerUSBTask: tslib: ts_config failed
[0x6] LoadTSLib: use_tslib=0, handle=0x814a0, tsl=(nil), fd=0
[0x6] ButtonPowerUSBTask: Use tslib
[0x6] ButtonPowerUSBTask: tslib: ts_config failed
[0x6] LoadTSLib: use_tslib=0, handle=0x181540, tsl=(nil), fd=0
[0x6] ButtonPowerUSBTask: Use tslib
[0x6] ButtonPowerUSBTask: tslib: ts_config failed
[0x6] LoadTSLib: use_tslib=0, handle=0x1a0fa0, tsl=(nil), fd=0
[0x6] ButtonPowerUSBTask: Use tslib
[0x6] ButtonPowerUSBTask: tslib: ts_config failed
[0x6] LoadTSLib: use_tslib=0, handle=0x181540, tsl=(nil), fd=0
[0x6] ButtonPowerUSBTask: Use tslib
[0x6] ButtonPowerUSBTask: tslib: ts_config failed
[0x6] LoadTSLib: use_tslib=0, handle=0x814a0, tsl=(nil), fd=0
[0x6] ButtonPowerUSBTask: Use tslib
[0x6] ButtonPowerUSBTask: tslib: ts_config failed
[0x6] LoadTSLib: use_tslib=0, handle=0x181540, tsl=(nil), fd=0
[0x6] ButtonPowerUSBTask: Use tslib
[0x6] ButtonPowerUSBTask: tslib: ts_config failed
[0x6] LoadTSLib: use_tslib=0, handle=0x1a0fa0, tsl=(nil), fd=0
[0x6] ButtonPowerUSBTask: Use tslib
[0x6] ButtonPowerUSBTask: tslib: ts_config failed
[0x6] LoadTSLib: use_tslib=0, handle=0x181540, tsl=(nil), fd=0
[0x6] ButtonPowerUSBTask: Use tslib
[0x6] ButtonPowerUSBTask: tslib: ts_config failed
[0x6] LoadTSLib: use_tslib=0, handle=0x814a0, tsl=(nil), fd=0
[0x6] ButtonPowerUSBTask: Use tslib
[0x6] ButtonPowerUSBTask: tslib: ts_config failed
[0x6] LoadTSLib: use_tslib=0, handle=0x181540, tsl=(nil), fd=0
[0x6] ButtonPowerUSBTask: Use tslib
[0x6] ButtonPowerUSBTask: tslib: ts_config failed
[0x6] LoadTSLib: use_tslib=0, handle=0x1a0fa0, tsl=(nil), fd=0
[0x6] ButtonPowerUSBTask: Use tslib
[0x6] ButtonPowerUSBTask: tslib: ts_config failed
[0x6] LoadTSLib: use_tslib=0, handle=0x181540, tsl=(nil), fd=0
[0x6] ButtonPowerUSBTask: Use tslib
[0x6] ButtonPowerUSBTask: tslib: ts_config failed
[0x6] LoadTSLib: use_tslib=0, handle=0x814a0, tsl=(nil), fd=0
[0x6] ButtonPowerUSBTask: Use tslib
[0x6] ButtonPowerUSBTask: tslib: ts_config failed
[0x6] LoadTSLib: use_tslib=0, handle=0x181540, tsl=(nil), fd=0
[0x6] ButtonPowerUSBTask: Use tslib
[0x6] ButtonPowerUSBTask: tslib: ts_config failed
[0x6] LoadTSLib: use_tslib=0, handle=0x1a0fa0, tsl=(nil), fd=0
[0x6] ButtonPowerUSBTask: Use tslib
[0x6] ButtonPowerUSBTask: tslib: ts_config failed
[0x6] LoadTSLib: use_tslib=0, handle=0x181540, tsl=(nil), fd=0
[0x6] ButtonPowerUSBTask: Use tslib
[0x6] ButtonPowerUSBTask: tslib: ts_config failed
[0x6] LoadTSLib: use_tslib=0, handle=0x814a0, tsl=(nil), fd=0
[0x6] ButtonPowerUSBTask: Use tslib
[0x6] ButtonPowerUSBTask: tslib: ts_config failed
[0x6] LoadTSLib: use_tslib=0, handle=0x181540, tsl=(nil), fd=0
[0x6] ButtonPowerUSBTask: Use tslib
[0x6] ButtonPowerUSBTask: tslib: ts_config failed
[0x6] LoadTSLib: use_tslib=0, handle=0x1a0fa0, tsl=(nil), fd=0
[0x6] ButtonPowerUSBTask: Use tslib
[0x6] ButtonPowerUSBTask: tslib: ts_config failed
[0x6] LoadTSLib: use_tslib=0, handle=0x181540, tsl=(nil), fd=0
[0x6] ButtonPowerUSBTask: Use tslib
[0x6] ButtonPowerUSBTask: tslib: ts_config failed
[0x6] LoadTSLib: use_tslib=0, handle=0x814a0, tsl=(nil), fd=0
[0x6] ButtonPowerUSBTask: Use tslib
[0x6] ButtonPowerUSBTask: tslib: ts_config failed
[0x6] LoadTSLib: use_tslib=0, handle=0x181540, tsl=(nil), fd=0
[0x6] ButtonPowerUSBTask: Use tslib
[0x6] ButtonPowerUSBTask: tslib: ts_config failed
[0x6] LoadTSLib: use_tslib=0, handle=0x1a0fa0, tsl=(nil), fd=0
[0x6] ButtonPowerUSBTask: Use tslib
[0x6] ButtonPowerUSBTask: tslib: ts_config failed
[0x6] LoadTSLib: use_tslib=0, handle=0x181540, tsl=(nil), fd=0
[0x6] ButtonPowerUSBTask: Use tslib
[0x6] ButtonPowerUSBTask: tslib: ts_config failed
[0x6] LoadTSLib: use_tslib=0, handle=0x814a0, tsl=(nil), fd=0
[0x6] ButtonPowerUSBTask: Use tslib
[0x6] ButtonPowerUSBTask: tslib: ts_config failed
[0x6] LoadTSLib: use_tslib=0, handle=0x181540, tsl=(nil), fd=0
[0x6] ButtonPowerUSBTask: Use tslib
[0x6] ButtonPowerUSBTask: tslib: ts_config failed
[0x6] LoadTSLib: use_tslib=0, handle=0x1a0fa0, tsl=(nil), fd=0
[0x6] ButtonPowerUSBTask: Use tslib
[0x6] ButtonPowerUSBTask: tslib: ts_config failed
[0x6] LoadTSLib: use_tslib=0, handle=0x181540, tsl=(nil), fd=0
[0x6] ButtonPowerUSBTask: Use tslib
[0x6] ButtonPowerUSBTask: tslib: ts_config failed
[0x6] LoadTSLib: use_tslib=0, handle=0x814a0, tsl=(nil), fd=0
[0x6] ButtonPowerUSBTask: Use tslib
[0x6] ButtonPowerUSBTask: tslib: ts_config failed
[0x6] LoadTSLib: use_tslib=0, handle=0x181540, tsl=(nil), fd=0
[0x6] ButtonPowerUSBTask: Use tslib
[0x6] ButtonPowerUSBTask: tslib: ts_config failed
[0x6] LoadTSLib: use_tslib=0, handle=0x1a0fa0, tsl=(nil), fd=0
[0x6] ButtonPowerUSBTask: Use tslib
[0x6] ButtonPowerUSBTask: tslib: ts_config failed
[0x6] LoadTSLib: use_tslib=0, handle=0x181540, tsl=(nil), fd=0
[0x6] ButtonPowerUSBTask: Use tslib
[0x6] ButtonPowerUSBTask: tslib: ts_config failed
[0x6] LoadTSLib: use_tslib=0, handle=0x814a0, tsl=(nil), fd=0
[0x6] ButtonPowerUSBTask: Use tslib
[0x6] ButtonPowerUSBTask: tslib: ts_config failed
[0x6] LoadTSLib: use_tslib=0, handle=0x181540, tsl=(nil), fd=0
[0x6] ButtonPowerUSBTask: Use tslib
[0x6] ButtonPowerUSBTask: tslib: ts_config failed
[0x6] LoadTSLib: use_tslib=0, handle=0x1a0fa0, tsl=(nil), fd=0
[0x6] ButtonPowerUSBTask: Use tslib
[0x6] ButtonPowerUSBTask: tslib: ts_config failed
[0x6] LoadTSLib: use_tslib=0, handle=0x181540, tsl=(nil), fd=0
[0x6] ButtonPowerUSBTask: Use tslib
[0x6] ButtonPowerUSBTask: tslib: ts_config failed
[0x6] LoadTSLib: use_tslib=0, handle=0x814a0, tsl=(nil), fd=0
[0x6] ButtonPowerUSBTask: Use tslib
[0x6] ButtonPowerUSBTask: tslib: ts_config failed
[0x6] LoadTSLib: use_tslib=0, handle=0x181540, tsl=(nil), fd=0
[0x6] ButtonPowerUSBTask: Use tslib
[0x6] ButtonPowerUSBTask: tslib: ts_config failed
[0x6] LoadTSLib: use_tslib=0, handle=0x1a0fa0, tsl=(nil), fd=0
[0x6] ButtonPowerUSBTask: Use tslib
[0x6] ButtonPowerUSBTask: tslib: ts_config failed
[0x6] LoadTSLib: use_tslib=0, handle=0x181540, tsl=(nil), fd=0
[0x6] ButtonPowerUSBTask: Use tslib
[0x6] ButtonPowerUSBTask: tslib: ts_config failed
[0x6] LoadTSLib: use_tslib=0, handle=0x814a0, tsl=(nil), fd=0
[0x6] ButtonPowerUSBTask: Use tslib
[0x6] ButtonPowerUSBTask: tslib: ts_config failed
[0x6] LoadTSLib: use_tslib=0, handle=0x181540, tsl=(nil), fd=0
[0x6] ButtonPowerUSBTask: Use tslib
[0x6] ButtonPowerUSBTask: tslib: ts_config failed
[0x6] LoadTSLib: use_tslib=0, handle=0x1a0fa0, tsl=(nil), fd=0
[0x6] ButtonPowerUSBTask: Use tslib
[0x6] ButtonPowerUSBTask: tslib: ts_config failed
[0x6] LoadTSLib: use_tslib=0, handle=0x181540, tsl=(nil), fd=0
[0x6] ButtonPowerUSBTask: Use tslib
[0x6] ButtonPowerUSBTask: tslib: ts_config failed
[0x6] LoadTSLib: use_tslib=0, handle=0x814a0, tsl=(nil), fd=0
[0x6] ButtonPowerUSBTask: Use tslib
[0x6] ButtonPowerUSBTask: tslib: ts_config failed
[0x6] LoadTSLib: use_tslib=0, handle=0x181540, tsl=(nil), fd=0
[0x6] ButtonPowerUSBTask: Use tslib
[0x6] ButtonPowerUSBTask: tslib: ts_config failed
[0x6] LoadTSLib: use_tslib=0, handle=0x1a0fa0, tsl=(nil), fd=0
[0x6] ButtonPowerUSBTask: Use tslib
[0x6] ButtonPowerUSBTask: tslib: ts_config failed
[0x6] LoadTSLib: use_tslib=0, handle=0x181540, tsl=(nil), fd=0
[0x6] ButtonPowerUSBTask: Use tslib
[0x6] ButtonPowerUSBTask: tslib: ts_config failed
[0x6] LoadTSLib: use_tslib=0, handle=0x814a0, tsl=(nil), fd=0
[0x6] ButtonPowerUSBTask: Use tslib
[0x6] ButtonPowerUSBTask: tslib: ts_config failed
[0x6] LoadTSLib: use_tslib=0, handle=0x181540, tsl=(nil), fd=0
[0x6] ButtonPowerUSBTask: Use tslib
[0x6] ButtonPowerUSBTask: tslib: ts_config failed
[0x6] LoadTSLib: use_tslib=0, handle=0x1a0fa0, tsl=(nil), fd=0
[0x6] ButtonPowerUSBTask: Use tslib
[0x6] ButtonPowerUSBTask: tslib: ts_config failed
[0x6] LoadTSLib: use_tslib=0, handle=0x181540, tsl=(nil), fd=0
[0x6] ButtonPowerUSBTask: Use tslib
[0x6] ButtonPowerUSBTask: tslib: ts_config failed
[0x6] LoadTSLib: use_tslib=0, handle=0x814a0, tsl=(nil), fd=0
[0x6] ButtonPowerUSBTask: Use tslib
[0x6] ButtonPowerUSBTask: tslib: ts_config failed
[0x6] LoadTSLib: use_tslib=0, handle=0x181540, tsl=(nil), fd=0
[0x6] ButtonPowerUSBTask: Use tslib
[0x6] ButtonPowerUSBTask: tslib: ts_config failed
[0x6] LoadTSLib: use_tslib=0, handle=0x1a0fa0, tsl=(nil), fd=0
[0x6] ButtonPowerUSBTask: Use tslib
[0x6] ButtonPowerUSBTask: tslib: ts_config failed
[0x6] LoadTSLib: use_tslib=0, handle=0x181540, tsl=(nil), fd=0
[0x6] ButtonPowerUSBTask: Use tslib
[0x6] ButtonPowerUSBTask: tslib: ts_config failed
[0x6] LoadTSLib: use_tslib=0, handle=0x814a0, tsl=(nil), fd=0
[0x6] ButtonPowerUSBTask: Use tslib
[0x6] ButtonPowerUSBTask: tslib: ts_config failed
[0x6] LoadTSLib: use_tslib=0, handle=0x181540, tsl=(nil), fd=0
[0x6] ButtonPowerUSBTask: Use tslib
[0x6] ButtonPowerUSBTask: tslib: ts_config failed
[0x6] LoadTSLib: use_tslib=0, handle=0x1a0fa0, tsl=(nil), fd=0
[0x6] ButtonPowerUSBTask: Use tslib
[0x6] ButtonPowerUSBTask: tslib: ts_config failed
[0x6] LoadTSLib: use_tslib=0, handle=0x181540, tsl=(nil), fd=0
[0x6] ButtonPowerUSBTask: Use tslib
[0x6] ButtonPowerUSBTask: tslib: ts_config failed
[0x6] LoadTSLib: use_tslib=0, handle=0x814a0, tsl=(nil), fd=0
[0x6] ButtonPowerUSBTask: Use tslib
[0x6] ButtonPowerUSBTask: tslib: ts_config failed
[0x6] LoadTSLib: use_tslib=0, handle=0x181540, tsl=(nil), fd=0
[0x6] ButtonPowerUSBTask: Use tslib
[0x6] ButtonPowerUSBTask: tslib: ts_config failed
[0x6] LoadTSLib: use_tslib=0, handle=0x1a0fa0, tsl=(nil), fd=0
[0x6] ButtonPowerUSBTask: Use tslib
[0x6] ButtonPowerUSBTask: tslib: ts_config failed
[0x6] LoadTSLib: use_tslib=0, handle=0x181540, tsl=(nil), fd=0
[0x6] ButtonPowerUSBTask: Use tslib
[0x6] ButtonPowerUSBTask: tslib: ts_config failed
[0x6] LoadTSLib: use_tslib=0, handle=0x814a0, tsl=(nil), fd=0
[0x6] ButtonPowerUSBTask: Use tslib
[0x6] ButtonPowerUSBTask: tslib: ts_config failed
[0x6] LoadTSLib: use_tslib=0, handle=0x181540, tsl=(nil), fd=0
[0x6] ButtonPowerUSBTask: Use tslib
[0x6] ButtonPowerUSBTask: tslib: ts_config failed
[0x6] LoadTSLib: use_tslib=0, handle=0x1a0fa0, tsl=(nil), fd=0
[0x6] ButtonPowerUSBTask: Use tslib
[0x6] ButtonPowerUSBTask: tslib: ts_config failed
[0x6] LoadTSLib: use_tslib=0, handle=0x181540, tsl=(nil), fd=0
[0x6] ButtonPowerUSBTask: Use tslib
[0x6] ButtonPowerUSBTask: tslib: ts_config failed
[0x6] LoadTSLib: use_tslib=0, handle=0x814a0, tsl=(nil), fd=0
[0x6] ButtonPowerUSBTask: Use tslib
[0x6] ButtonPowerUSBTask: tslib: ts_config failed
[0x6] LoadTSLib: use_tslib=0, handle=0x181540, tsl=(nil), fd=0
[0x6] ButtonPowerUSBTask: Use tslib
[0x6] ButtonPowerUSBTask: tslib: ts_config failed
[0x6] LoadTSLib: use_tslib=0, handle=0x1a0fa0, tsl=(nil), fd=0
[0x6] ButtonPowerUSBTask: Use tslib
[0x6] ButtonPowerUSBTask: tslib: ts_config failed
[0x6] LoadTSLib: use_tslib=0, handle=0x181540, tsl=(nil), fd=0
[0x6] ButtonPowerUSBTask: Use tslib
[0x6] ButtonPowerUSBTask: tslib: ts_config failed
[0x6] LoadTSLib: use_tslib=0, handle=0x814a0, tsl=(nil), fd=0
[0x6] ButtonPowerUSBTask: Use tslib
[0x6] ButtonPowerUSBTask: tslib: ts_config failed
[0x6] LoadTSLib: use_tslib=0, handle=0x181540, tsl=(nil), fd=0
[0x6] ButtonPowerUSBTask: Use tslib
[0x6] ButtonPowerUSBTask: tslib: ts_config failed
[0x6] LoadTSLib: use_tslib=0, handle=0x1a0fa0, tsl=(nil), fd=0
[0x6] ButtonPowerUSBTask: Use tslib
[0x6] ButtonPowerUSBTask: tslib: ts_config failed
[0x6] LoadTSLib: use_tslib=0, handle=0x181540, tsl=(nil), fd=0
[0x6] ButtonPowerUSBTask: Use tslib
[0x6] ButtonPowerUSBTask: tslib: ts_config failed
[0x6] LoadTSLib: use_tslib=0, handle=0x814a0, tsl=(nil), fd=0
[0x6] ButtonPowerUSBTask: Use tslib
[0x6] ButtonPowerUSBTask: tslib: ts_config failed
[0x6] LoadTSLib: use_tslib=0, handle=0x181540, tsl=(nil), fd=0
[0x6] ButtonPowerUSBTask: Use tslib
[0x6] ButtonPowerUSBTask: tslib: ts_config failed
[0x6] LoadTSLib: use_tslib=0, handle=0x1a0fa0, tsl=(nil), fd=0
[0x6] ButtonPowerUSBTask: Use tslib
[0x6] ButtonPowerUSBTask: tslib: ts_config failed
[0x6] LoadTSLib: use_tslib=0, handle=0x181540, tsl=(nil), fd=0
[0x6] ButtonPowerUSBTask: Use tslib
[0x6] ButtonPowerUSBTask: tslib: ts_config failed
[0x6] LoadTSLib: use_tslib=0, handle=0x814a0, tsl=(nil), fd=0
[0x6] ButtonPowerUSBTask: Use tslib
[0x6] ButtonPowerUSBTask: tslib: ts_config failed
[0x6] LoadTSLib: use_tslib=0, handle=0x181540, tsl=(nil), fd=0
[0x6] ButtonPowerUSBTask: Use tslib
[0x6] ButtonPowerUSBTask: tslib: ts_config failed
[0x6] LoadTSLib: use_tslib=0, handle=0x1a0fa0, tsl=(nil), fd=0
[0x6] ButtonPowerUSBTask: Use tslib
[0x6] ButtonPowerUSBTask: tslib: ts_config failed
[0x6] LoadTSLib: use_tslib=0, handle=0x181540, tsl=(nil), fd=0
[0x6] ButtonPowerUSBTask: Use tslib
[0x6] ButtonPowerUSBTask: tslib: ts_config failed
[0x6] LoadTSLib: use_tslib=0, handle=0x814a0, tsl=(nil), fd=0
[0x6] ButtonPowerUSBTask: Use tslib
[0x6] ButtonPowerUSBTask: tslib: ts_config failed
[0x6] LoadTSLib: use_tslib=0, handle=0x181540, tsl=(nil), fd=0
[0x6] ButtonPowerUSBTask: Use tslib
[0x6] ButtonPowerUSBTask: tslib: ts_config failed
[0x6] LoadTSLib: use_tslib=0, handle=0x1a0fa0, tsl=(nil), fd=0
[0x6] ButtonPowerUSBTask: Use tslib
[0x6] ButtonPowerUSBTask: tslib: ts_config failed
[0x6] LoadTSLib: use_tslib=0, handle=0x181540, tsl=(nil), fd=0
[0x6] ButtonPowerUSBTask: Use tslib
[0x6] ButtonPowerUSBTask: tslib: ts_config failed
[0x6] LoadTSLib: use_tslib=0, handle=0x814a0, tsl=(nil), fd=0
[0x6] ButtonPowerUSBTask: Use tslib
[0x6] ButtonPowerUSBTask: tslib: ts_config failed
[0x6] LoadTSLib: use_tslib=0, handle=0x181540, tsl=(nil), fd=0
[0x6] ButtonPowerUSBTask: Use tslib
[0x6] ButtonPowerUSBTask: tslib: ts_config failed
[0x6] LoadTSLib: use_tslib=0, handle=0x1a0fa0, tsl=(nil), fd=0
[0x6] ButtonPowerUSBTask: Use tslib
[0x6] ButtonPowerUSBTask: tslib: ts_config failed
[0x6] LoadTSLib: use_tslib=0, handle=0x181540, tsl=(nil), fd=0
[0x6] ButtonPowerUSBTask: Use tslib
[0x6] ButtonPowerUSBTask: tslib: ts_config failed
[0x6] LoadTSLib: use_tslib=0, handle=0x814a0, tsl=(nil), fd=0
[0x6] ButtonPowerUSBTask: Use tslib
[0x6] ButtonPowerUSBTask: tslib: ts_config failed
[0x6] LoadTSLib: use_tslib=0, handle=0x181540, tsl=(nil), fd=0
[0x6] ButtonPowerUSBTask: Use tslib
[0x6] ButtonPowerUSBTask: tslib: ts_config failed
[0x6] LoadTSLib: use_tslib=0, handle=0x1a0fa0, tsl=(nil), fd=0
[0x6] ButtonPowerUSBTask: Use tslib
[0x6] ButtonPowerUSBTask: tslib: ts_config failed
[0x6] LoadTSLib: use_tslib=0, handle=0x181540, tsl=(nil), fd=0
[0x280] pushing paused state
[0x280] mCurrentTransition = kPushApp !
[0x280] CGameViewFrame::Suspend
[0x6] RemoveListener: removed listener 0xa1eb0, total number 3
[0x6] RemoveListener: removed listener 0xa1ef4, total number 2
[0x281] CSystemData::FindAudio( h_SX_PauseSfx_6.wav )
[0x6] ButtonPowerUSBTask: Use tslib
[0x6] ButtonPowerUSBTask: tslib: ts_config failed
[0x6] LoadTSLib: use_tslib=0, handle=0xa9a40, tsl=(nil), fd=0
[0x280] popping paused state
[0x280] mCurrentTransition = kPopApp !
[0x280] CAppManager::ExitPopUnloadApp()
[0x281] CSystemData::FindAudio( h_SX_PauseSfx_6.wav )
[0x280] CGameViewFrame::Resume
[0x6] AddListener: added listener 0xa1eb0, total number 3
[0x6] AddListener: added listener 0xa1ef4, total number 4
[0x4] STATE_CHANGED NEW_STATE=TaskDraw[0x6] ButtonPowerUSBTask: Use tslib
[0x6] ButtonPowerUSBTask: tslib: ts_config failed
[0x6] LoadTSLib: use_tslib=0, handle=0x1c9c28, tsl=(nil), fd=0
NEW ANSWER
[0x6] ButtonPowerUSBTask: Use tslib
[0x6] ButtonPowerUSBTask: tslib: ts_config failed
[0x6] LoadTSLib: use_tslib=0, handle=0x1ee30, tsl=(nil), fd=0
[0x6] ButtonPowerUSBTask: Use tslib
[0x6] ButtonPowerUSBTask: tslib: ts_config failed
[0x6] LoadTSLib: use_tslib=0, handle=0x1a0448, tsl=(nil), fd=0
[0x6] ButtonPowerUSBTask: Use tslib
[0x6] ButtonPowerUSBTask: tslib: ts_config failed
[0x6] LoadTSLib: use_tslib=0, handle=0x1a0448, tsl=(nil), fd=0
[0x6] ButtonPowerUSBTask: Use tslib
[0x6] ButtonPowerUSBTask: tslib: ts_config failed
[0x6] LoadTSLib: use_tslib=0, handle=0x1a0448, tsl=(nil), fd=0
[0x6] ButtonPowerUSBTask: Use tslib
[0x6] ButtonPowerUSBTask: tslib: ts_config failed
[0x6] LoadTSLib: use_tslib=0, handle=0x1a0448, tsl=(nil), fd=0
[0x6] ButtonPowerUSBTask: Use tslib
[0x6] ButtonPowerUSBTask: tslib: ts_config failed
[0x6] LoadTSLib: use_tslib=0, handle=0x1a0448, tsl=(nil), fd=0
[0x6] ButtonPowerUSBTask: Use tslib
[0x6] ButtonPowerUSBTask: tslib: ts_config failed
[0x6] LoadTSLib: use_tslib=0, handle=0x1a0448, tsl=(nil), fd=0
[0x6] ButtonPowerUSBTask: Use tslib
[0x6] ButtonPowerUSBTask: tslib: ts_config failed
[0x6] LoadTSLib: use_tslib=0, handle=0x1a0448, tsl=(nil), fd=0
[0x6] ButtonPowerUSBTask: Use tslib
[0x6] ButtonPowerUSBTask: tslib: ts_config failed
[0x6] LoadTSLib: use_tslib=0, handle=0x1a0448, tsl=(nil), fd=0
[0x6] ButtonPowerUSBTask: Use tslib
[0x6] ButtonPowerUSBTask: tslib: ts_config failed
[0x6] LoadTSLib: use_tslib=0, handle=0x1a0448, tsl=(nil), fd=0
[0x6] ButtonPowerUSBTask: Use tslib
[0x6] ButtonPowerUSBTask: tslib: ts_config failed
[0x6] LoadTSLib: use_tslib=0, handle=0x1a0448, tsl=(nil), fd=0
